地震の発生日時,震央地名,深さ,マグニチュード,震度,緯度,経度
2025-07-04 23:52:44,トカラ列島近海,0,2.9,震度１,29.305,129.5033
2025-07-04 23:45:11,トカラ列島近海,17,2.3,震度１,29.3583,129.4367
2025-07-04 23:04:35,トカラ列島近海,12,2.4,震度１,29.375,129.5433
2025-07-04 22:47:40,トカラ列島近海,9,2.5,震度１,29.3283,129.5033
2025-07-04 22:09:29,トカラ列島近海,19,2.9,震度２,29.365,129.5017
2025-07-04 21:45:02,トカラ列島近海,20,2.6,震度１,29.35,129.4633
2025-07-04 21:31:29,トカラ列島近海,8,3.1,震度２,29.3833,129.585
2025-07-04 20:56:17,トカラ列島近海,16,2.2,震度１,29.3167,129.505
2025-07-04 20:54:04,トカラ列島近海,18,2.3,震度１,29.3417,129.4967
2025-07-04 20:06:48,トカラ列島近海,14,2.2,震度１,29.3267,129.4633
2025-07-04 19:28:26,トカラ列島近海,13,2.4,震度１,29.33,129.485
2025-07-04 19:23:40,トカラ列島近海,16,2.5,震度１,29.3417,129.4617
2025-07-04 19:12:49,トカラ列島近海,20,2.9,震度２,29.345,129.485
2025-07-04 18:45:12,トカラ列島近海,19,2.9,震度２,29.3617,129.47
2025-07-04 18:36:08,トカラ列島近海,16,3.3,震度３,29.3117,129.5083
2025-07-04 18:30:15,トカラ列島近海,20,2.5,震度１,29.365,129.4233
2025-07-04 18:20:00,トカラ列島近海,18,4.4,震度４,29.3417,129.4667
2025-07-04 18:12:23,トカラ列島近海,26,2.2,震度１,29.335,129.4583
2025-07-04 17:53:13,トカラ列島近海,18,2.5,震度１,29.3217,129.4983
2025-07-04 17:51:27,トカラ列島近海,23,2.4,震度１,29.3583,129.5017
2025-07-04 17:49:58,トカラ列島近海,18,2.2,震度１,29.3267,129.4783
2025-07-04 17:48:08,トカラ列島近海,22,2.4,震度１,29.3483,129.4533
2025-07-04 17:36:55,トカラ列島近海,21,2.3,震度１,29.385,129.5083
2025-07-04 16:56:46,岩手県沿岸北部,56,4.0,震度２,39.605,142.0033
2025-07-04 16:51:36,トカラ列島近海,30,2.0,震度１,29.43,129.4067
2025-07-04 16:41:35,トカラ列島近海,16,2.3,震度１,29.3467,129.5083
2025-07-04 16:14:40,トカラ列島近海,20,2.4,震度１,29.2933,129.5917
2025-07-04 15:56:16,トカラ列島近海,15,2.2,震度１,29.3267,129.495
2025-07-04 15:10:52,トカラ列島近海,32,2.9,震度２,29.3383,129.36
2025-07-04 14:51:37,トカラ列島近海,1,2.7,震度１,29.3733,129.5433
2025-07-04 14:41:17,トカラ列島近海,13,2.4,震度１,29.3983,129.515
2025-07-04 14:38:23,トカラ列島近海,5,,震度１,29.28,129.285
2025-07-04 14:36:22,トカラ列島近海,16,3.6,震度３,29.39,129.5467
2025-07-04 14:26:48,トカラ列島近海,11,2.1,震度１,29.215,129.2067
2025-07-04 14:14:20,トカラ列島近海,23,2.7,震度１,29.3667,129.3617
2025-07-04 14:07:54,千葉県東方沖,44,3.0,震度１,35.3217,140.6017
2025-07-04 13:52:34,トカラ列島近海,24,3.4,震度２,29.355,129.45
2025-07-04 13:50:44,トカラ列島近海,19,3.8,震度３,29.3467,129.4433
2025-07-04 13:33:42,トカラ列島近海,15,2.0,震度１,29.32,129.5533
2025-07-04 13:22:03,トカラ列島近海,17,2.7,震度２,29.3083,129.515
2025-07-04 13:09:41,トカラ列島近海,20,3.0,震度１,29.3367,129.4867
2025-07-04 13:06:01,日向灘,26,3.8,震度１,31.5217,131.7417
2025-07-04 12:54:19,トカラ列島近海,0,1.4,震度１,29.63,129.555
2025-07-04 12:48:32,トカラ列島近海,23,,震度１,29.48,129.4
2025-07-04 12:24:31,トカラ列島近海,26,2.3,震度１,29.3167,129.4
2025-07-04 12:23:19,トカラ列島近海,24,2.2,震度１,29.3317,129.4933
2025-07-04 12:20:26,トカラ列島近海,22,4.4,震度４,29.3467,129.4783
2025-07-04 12:06:43,日向灘,25,3.0,震度１,32.0333,131.8733
2025-07-04 12:01:30,トカラ列島近海,15,1.8,震度１,29.3633,129.5533
2025-07-04 11:38:35,トカラ列島近海,19,2.8,震度２,29.3583,129.4617
2025-07-04 11:17:19,トカラ列島近海,18,2.6,震度１,29.3367,129.51
2025-07-04 11:05:49,トカラ列島近海,8,2.5,震度２,29.4317,129.5633
2025-07-04 10:57:35,トカラ列島近海,13,2.0,震度１,29.33,129.6
2025-07-04 10:41:03,トカラ列島近海,15,2.5,震度１,29.335,129.5017
2025-07-04 10:35:49,トカラ列島近海,11,3.0,震度２,29.285,129.57
2025-07-04 10:33:37,トカラ列島近海,12,2.2,震度１,29.315,129.5283
2025-07-04 10:27:07,トカラ列島近海,26,2.3,震度１,29.3833,129.4533
2025-07-04 10:19:52,トカラ列島近海,18,2.9,震度３,29.33,129.4983
2025-07-04 10:17:39,トカラ列島近海,20,3.2,震度２,29.34,129.4933
2025-07-04 10:14:47,トカラ列島近海,14,2.3,震度１,29.3283,129.47
2025-07-04 10:11:22,トカラ列島近海,14,2.4,震度１,29.3483,129.5033
2025-07-04 10:07:49,トカラ列島近海,16,3.7,震度３,29.3267,129.5183
2025-07-04 10:06:13,トカラ列島近海,22,2.5,震度１,29.365,129.4383
2025-07-04 09:59:55,トカラ列島近海,20,,震度１,29.2617,129.4117
2025-07-04 09:59:09,トカラ列島近海,8,,震度２,29.3,129.5633
2025-07-04 09:58:18,トカラ列島近海,24,3.5,震度３,29.37,129.4517
2025-07-04 09:57:25,トカラ列島近海,19,2.6,震度１,29.3267,129.5367
2025-07-04 09:53:30,トカラ列島近海,15,2.5,震度１,29.3183,129.4917
2025-07-04 09:45:50,トカラ列島近海,17,3.2,震度２,29.3183,129.515
2025-07-04 09:43:05,トカラ列島近海,16,2.3,震度１,29.3283,129.5133
2025-07-04 09:36:33,トカラ列島近海,20,2.6,震度１,29.3567,129.535
2025-07-04 09:35:48,トカラ列島近海,16,2.2,震度１,29.3167,129.54
2025-07-04 09:33:38,トカラ列島近海,24,2.7,震度１,29.3383,129.47
2025-07-04 09:15:23,トカラ列島近海,19,2.6,震度１,29.3033,129.5317
2025-07-04 09:13:55,トカラ列島近海,18,3.2,震度２,29.335,129.48
2025-07-04 09:12:41,トカラ列島近海,8,2.3,震度１,29.2933,129.585
2025-07-04 09:11:24,トカラ列島近海,12,2.2,震度１,29.3017,129.545
2025-07-04 09:02:56,トカラ列島近海,23,4.3,震度４,29.3517,129.4917
2025-07-04 08:59:30,トカラ列島近海,22,2.2,震度１,29.2783,129.4833
2025-07-04 08:45:14,トカラ列島近海,18,2.9,震度２,29.3483,129.4967
2025-07-04 08:43:13,トカラ列島近海,17,2.6,震度１,29.3083,129.535
2025-07-04 08:42:01,トカラ列島近海,16,2.5,震度１,29.3,129.5517
2025-07-04 08:39:55,トカラ列島近海,22,3.6,震度３,29.3383,129.4617
2025-07-04 08:36:44,トカラ列島近海,16,2.4,震度１,29.345,129.4417
2025-07-04 07:45:25,トカラ列島近海,16,2.4,震度１,29.4017,129.5417
2025-07-04 07:00:20,トカラ列島近海,13,2.6,震度１,29.3683,129.545
2025-07-04 06:40:30,トカラ列島近海,21,,震度１,29.3733,129.4783
2025-07-04 06:14:04,トカラ列島近海,14,2.8,震度３,29.3933,129.575
2025-07-04 05:17:11,トカラ列島近海,24,1.5,震度１,29.4533,129.475
2025-07-04 05:10:27,トカラ列島近海,10,1.9,震度１,29.4917,129.3983
2025-07-04 05:00:18,トカラ列島近海,8,2.5,震度１,29.38,129.5533
2025-07-04 04:46:28,トカラ列島近海,8,1.5,震度１,29.445,129.5633
2025-07-04 04:39:42,トカラ列島近海,14,2.6,震度１,29.315,129.4067
2025-07-04 04:38:24,トカラ列島近海,7,2.7,震度１,29.3067,129.4533
2025-07-04 04:35:45,トカラ列島近海,11,2.5,震度１,29.3633,129.535
2025-07-04 04:34:27,トカラ列島近海,14,2.7,震度１,29.325,129.4233
2025-07-04 04:14:52,トカラ列島近海,10,2.2,震度１,29.37,129.5567
2025-07-04 04:09:21,トカラ列島近海,8,0.8,震度１,29.3817,129.6933
2025-07-04 04:03:23,トカラ列島近海,14,2.4,震度１,29.3783,129.5433
2025-07-04 04:00:44,トカラ列島近海,11,2.2,震度１,29.36,129.3783
2025-07-04 03:57:15,トカラ列島近海,11,2.3,震度１,29.33,129.5917
2025-07-04 03:55:45,トカラ列島近海,14,2.6,震度１,29.3383,129.5867
2025-07-04 03:34:36,トカラ列島近海,7,1.9,震度２,29.4633,129.5917
2025-07-04 03:30:29,トカラ列島近海,16,2.3,震度１,29.3317,129.5467
2025-07-04 03:06:38,トカラ列島近海,7,1.5,震度１,29.455,129.605
2025-07-04 02:59:30,トカラ列島近海,18,2.6,震度２,29.3267,129.55
2025-07-04 02:41:26,トカラ列島近海,9,2.3,震度１,29.38,129.56
2025-07-04 02:24:32,トカラ列島近海,5,2.2,震度１,29.365,129.5433
2025-07-04 02:03:56,トカラ列島近海,11,2.1,震度１,29.3783,129.5317
2025-07-04 01:57:27,トカラ列島近海,17,2.2,震度１,29.3583,129.4583
2025-07-04 01:11:21,奄美大島近海,33,3.2,震度１,28.2017,130.0933
2025-07-04 00:52:57,トカラ列島近海,8,2.1,震度１,29.3367,129.6033
2025-07-04 00:40:35,トカラ列島近海,18,2.9,震度２,29.3667,129.33
2025-07-04 00:38:58,トカラ列島近海,1,,震度１,29.385,129.4617
2025-07-04 00:26:58,トカラ列島近海,13,2.2,震度１,29.3567,129.59
2025-07-04 00:23:19,トカラ列島近海,0,1.8,震度１,29.4317,129.6117
2025-07-04 00:16:18,トカラ列島近海,9,2.4,震度１,29.3567,129.51
2025-07-04 00:13:52,トカラ列島近海,7,2.2,震度１,29.39,129.555
2025-07-04 00:03:55,トカラ列島近海,21,4.3,震度３,29.3417,129.4867
2025-07-04 00:02:58,トカラ列島近海,2,1.6,震度１,29.415,129.645
2025-07-03 23:38:54,トカラ列島近海,10,1.5,震度１,29.47,129.525
2025-07-03 23:25:52,トカラ列島近海,7,1.8,震度２,29.4333,129.6133
2025-07-03 23:23:25,トカラ列島近海,17,1.8,震度２,29.5,129.5167
2025-07-03 23:17:03,トカラ列島近海,11,1.9,震度１,29.3533,129.595
2025-07-03 23:14:15,トカラ列島近海,9,2.4,震度２,29.3067,129.5783
2025-07-03 23:09:04,トカラ列島近海,6,,震度１,29.41,129.6183
2025-07-03 23:07:56,トカラ列島近海,18,2.8,震度２,29.33,129.525
2025-07-03 22:58:07,トカラ列島近海,10,2.8,震度２,29.4517,129.5833
2025-07-03 22:51:14,トカラ列島近海,19,2.0,震度１,29.3617,129.495
2025-07-03 22:45:17,トカラ列島近海,6,,震度１,29.31,129.575
2025-07-03 22:37:14,トカラ列島近海,16,2.5,震度１,29.3433,129.48
2025-07-03 22:35:47,トカラ列島近海,5,1.4,震度１,29.4183,129.605
2025-07-03 22:23:31,トカラ列島近海,12,3.0,震度３,29.4483,129.5933
2025-07-03 22:20:45,トカラ列島近海,6,1.9,震度１,29.4367,129.6067
2025-07-03 22:19:36,トカラ列島近海,5,,震度１,29.4433,129.595
2025-07-03 22:18:17,トカラ列島近海,15,2.8,震度３,29.3733,129.6
2025-07-03 22:13:22,トカラ列島近海,22,4.2,震度３,29.3417,129.4817
2025-07-03 22:02:10,トカラ列島近海,5,2.1,震度１,29.3383,129.5567
2025-07-03 21:51:22,トカラ列島近海,3,2.2,震度１,29.365,129.5467
2025-07-03 21:45:39,トカラ列島近海,7,1.9,震度１,29.4333,129.5967
2025-07-03 21:35:20,トカラ列島近海,0,2.9,震度２,29.3,129.55
2025-07-03 21:28:33,日向灘,38,4.0,震度２,32.6983,132.325
2025-07-03 21:22:59,トカラ列島近海,1,1.9,震度１,29.35,129.6117
2025-07-03 21:21:10,トカラ列島近海,28,2.3,震度１,29.48,129.4017
2025-07-03 21:19:01,トカラ列島近海,18,3.1,震度２,29.3267,129.4983
2025-07-03 20:29:50,トカラ列島近海,5,2.3,震度１,29.3533,129.6183
2025-07-03 20:21:13,トカラ列島近海,13,2.9,震度２,29.3833,129.5267
2025-07-03 20:15:31,トカラ列島近海,17,2.1,震度１,29.3433,129.5683
2025-07-03 20:14:34,トカラ列島近海,7,2.4,震度１,29.3183,129.56
2025-07-03 20:12:36,トカラ列島近海,15,2.5,震度１,29.3233,129.4417
2025-07-03 19:43:10,トカラ列島近海,5,2.1,震度１,29.4083,129.6133
2025-07-03 19:30:56,トカラ列島近海,14,2.6,震度２,29.3317,129.5217
2025-07-03 19:19:32,トカラ列島近海,19,2.8,震度１,29.3433,129.505
2025-07-03 19:09:26,トカラ列島近海,13,2.1,震度１,29.3467,129.54
2025-07-03 19:03:24,トカラ列島近海,9,2.6,震度２,29.37,129.5517
2025-07-03 18:58:43,トカラ列島近海,20,2.3,震度１,29.3917,129.515
2025-07-03 18:48:57,トカラ列島近海,10,2.8,震度２,29.3783,129.5383
2025-07-03 18:47:26,トカラ列島近海,9,1.9,震度１,29.3533,129.5483
2025-07-03 18:40:05,トカラ列島近海,12,2.6,震度１,29.355,129.5167
2025-07-03 18:32:09,トカラ列島近海,9,2.2,震度１,29.2933,129.5267
2025-07-03 18:19:23,トカラ列島近海,7,3.0,震度２,29.3,129.555
2025-07-03 18:14:13,トカラ列島近海,30,1.9,震度１,29.4683,129.39
2025-07-03 18:12:56,トカラ列島近海,28,1.5,震度１,29.405,129.3767
2025-07-03 18:01:06,トカラ列島近海,25,2.0,震度１,29.45,129.415
2025-07-03 17:58:58,トカラ列島近海,9,2.6,震度１,29.3583,129.4617
2025-07-03 17:46:45,トカラ列島近海,9,2.6,震度１,29.3183,129.5683
2025-07-03 17:43:26,トカラ列島近海,19,2.4,震度１,29.33,129.5083
2025-07-03 17:42:43,トカラ列島近海,19,2.5,震度１,29.3133,129.5217
2025-07-03 17:39:11,トカラ列島近海,27,2.4,震度２,29.3033,129.4633
2025-07-03 17:35:29,トカラ列島近海,6,2.5,震度１,29.3617,129.465
2025-07-03 17:33:51,トカラ列島近海,11,2.6,震度１,29.3167,129.5083
2025-07-03 17:30:59,トカラ列島近海,12,2.5,震度１,29.3833,129.43
2025-07-03 17:29:10,トカラ列島近海,13,3.0,震度１,29.3733,129.36
2025-07-03 17:25:57,トカラ列島近海,19,3.2,震度３,29.2867,129.5133
2025-07-03 17:24:58,トカラ列島近海,30,2.1,震度１,29.3767,129.345
2025-07-03 17:22:47,トカラ列島近海,16,,震度１,29.3267,129.5317
2025-07-03 17:21:44,トカラ列島近海,12,2.6,震度２,29.3883,129.5517
2025-07-03 17:17:51,トカラ列島近海,14,2.1,震度１,29.3183,129.5717
2025-07-03 17:03:53,トカラ列島近海,14,3.3,震度３,29.3717,129.5517
2025-07-03 17:02:15,トカラ列島近海,0,,震度１,29.365,129.3117
2025-07-03 17:01:07,トカラ列島近海,19,2.1,震度１,29.3583,129.5133
2025-07-03 16:58:16,トカラ列島近海,11,2.2,震度１,29.29,129.5567
2025-07-03 16:57:23,トカラ列島近海,5,2.6,震度２,29.36,129.6033
2025-07-03 16:53:22,トカラ列島近海,13,2.5,震度１,29.3517,129.58
2025-07-03 16:49:33,トカラ列島近海,1,2.7,震度１,29.2783,129.7167
2025-07-03 16:45:35,トカラ列島近海,12,2.4,震度１,29.3,129.555
2025-07-03 16:42:55,トカラ列島近海,6,2.7,震度１,29.2967,129.2183
2025-07-03 16:42:00,トカラ列島近海,1,2.7,震度２,29.3183,129.5667
2025-07-03 16:39:09,トカラ列島近海,17,,震度１,29.3833,129.535
2025-07-03 16:37:56,トカラ列島近海,11,1.8,震度１,29.2983,129.5517
2025-07-03 16:37:11,トカラ列島近海,10,,震度１,29.33,129.56
2025-07-03 16:34:33,トカラ列島近海,23,2.1,震度１,29.3367,129.49
2025-07-03 16:31:29,トカラ列島近海,20,2.0,震度１,29.3267,129.5017
2025-07-03 16:24:45,トカラ列島近海,14,2.6,震度１,29.2533,129.6367
2025-07-03 16:22:26,トカラ列島近海,27,2.6,震度１,29.3817,129.345
2025-07-03 16:19:37,トカラ列島近海,29,2.6,震度１,29.4183,129.3367
2025-07-03 16:18:16,トカラ列島近海,19,,震度１,29.3217,129.3933
2025-07-03 16:17:38,トカラ列島近海,25,,震度２,29.3383,129.48
2025-07-03 16:16:36,トカラ列島近海,27,,震度１,29.3717,129.34
2025-07-03 16:15:04,トカラ列島近海,19,,震度１,29.3,129.4167
2025-07-03 16:14:32,トカラ列島近海,32,,震度３,29.365,129.355
2025-07-03 16:13:01,トカラ列島近海,20,5.5,震度６弱,29.3567,129.5217
2025-07-03 16:11:09,トカラ列島近海,30,2.8,震度２,29.3683,129.4167
2025-07-03 16:09:50,トカラ列島近海,29,3.3,震度２,29.35,129.4367
2025-07-03 16:07:50,トカラ列島近海,9,2.9,震度２,29.2467,129.5417
2025-07-03 16:07:01,トカラ列島近海,16,2.7,震度２,29.2583,129.5317
2025-07-03 16:05:58,トカラ列島近海,16,,震度２,29.2633,129.5317
2025-07-03 16:04:17,トカラ列島近海,18,4.2,震度３,29.345,129.4917
2025-07-03 16:03:05,トカラ列島近海,20,3.3,震度３,29.3383,129.5367
2025-07-03 16:01:13,トカラ列島近海,6,3.0,震度２,29.2383,129.5733
2025-07-03 16:00:21,トカラ列島近海,13,,震度１,29.25,129.53
2025-07-03 15:59:41,トカラ列島近海,14,3.0,震度２,29.255,129.53
2025-07-03 15:58:57,トカラ列島近海,24,3.1,震度２,29.365,129.4567
2025-07-03 15:57:09,トカラ列島近海,17,2.6,震度１,29.28,129.515
2025-07-03 15:56:40,トカラ列島近海,18,,震度１,29.285,129.4517
2025-07-03 15:55:31,トカラ列島近海,25,2.2,震度１,29.3067,129.445
2025-07-03 15:53:36,トカラ列島近海,30,3.0,震度２,29.365,129.41
2025-07-03 15:53:03,トカラ列島近海,32,3.1,震度２,29.21,129.4967
2025-07-03 15:51:00,トカラ列島近海,20,3.5,震度２,29.3267,129.5033
2025-07-03 15:49:47,トカラ列島近海,16,,震度１,29.3333,129.4017
2025-07-03 15:48:04,トカラ列島近海,20,3.1,震度２,29.335,129.49
2025-07-03 15:46:27,トカラ列島近海,12,1.9,震度１,29.165,129.6467
2025-07-03 15:45:41,トカラ列島近海,10,3.0,震度２,29.32,129.5483
2025-07-03 15:43:29,トカラ列島近海,23,2.9,震度１,29.3033,129.4633
2025-07-03 15:41:55,トカラ列島近海,16,3.9,震度３,29.2883,129.49
2025-07-03 15:40:50,トカラ列島近海,19,2.7,震度１,29.2967,129.4767
2025-07-03 15:38:40,トカラ列島近海,6,,震度２,29.27,129.5083
2025-07-03 15:35:02,トカラ列島近海,23,3.8,震度４,29.35,129.5033
2025-07-03 15:33:41,トカラ列島近海,13,3.2,震度２,29.32,129.5533
2025-07-03 15:32:18,トカラ列島近海,5,,震度１,29.2533,129.5383
2025-07-03 15:31:36,トカラ列島近海,27,2.8,震度２,29.3333,129.4167
2025-07-03 15:30:54,トカラ列島近海,0,3.0,震度１,29.3117,129.5617
2025-07-03 15:29:16,トカラ列島近海,22,,震度１,29.2383,129.1717
2025-07-03 15:27:11,トカラ列島近海,16,,震度２,29.3483,129.4533
2025-07-03 15:26:46,トカラ列島近海,18,3.1,震度２,29.305,129.5233
2025-07-03 15:24:19,トカラ列島近海,20,2.3,震度１,29.29,129.4717
2025-07-03 15:22:17,トカラ列島近海,14,,震度１,29.29,129.5033
2025-07-03 15:19:57,トカラ列島近海,17,,震度１,29.2617,129.4767
2025-07-03 15:18:11,トカラ列島近海,9,4.6,震度４,29.335,129.4733
2025-07-03 15:15:14,トカラ列島近海,12,2.7,震度１,29.2617,129.4083
2025-07-03 15:14:39,トカラ列島近海,22,,震度１,29.3383,129.4267
2025-07-03 15:11:48,トカラ列島近海,21,4.8,震度４,29.3417,129.43
2025-07-03 15:09:47,トカラ列島近海,17,3.5,震度２,29.3133,129.53
2025-07-03 15:08:12,トカラ列島近海,16,2.6,震度１,29.325,129.4217
2025-07-03 14:55:26,トカラ列島近海,0,2.4,震度１,29.4117,129.465
2025-07-03 14:54:13,トカラ列島近海,15,2.6,震度１,29.2967,129.5533
2025-07-03 14:46:16,トカラ列島近海,9,2.5,震度１,29.3067,129.575
2025-07-03 14:41:38,トカラ列島近海,22,2.3,震度１,29.2983,129.4733
2025-07-03 14:38:01,トカラ列島近海,14,2.7,震度１,29.2817,129.5217
2025-07-03 14:31:07,トカラ列島近海,19,4.6,震度４,29.3067,129.5117
2025-07-03 14:29:59,トカラ列島近海,6,2.4,震度１,29.245,129.5683
2025-07-03 14:17:45,トカラ列島近海,12,2.6,震度１,29.285,129.5267
2025-07-03 14:14:30,トカラ列島近海,14,2.9,震度２,29.2833,129.5333
2025-07-03 14:11:42,トカラ列島近海,4,2.8,震度１,29.365,129.24
2025-07-03 13:39:31,トカラ列島近海,15,2.9,震度２,29.3417,129.4917
2025-07-03 13:32:43,トカラ列島近海,29,2.6,震度１,29.325,129.4883
2025-07-03 12:54:49,トカラ列島近海,20,2.5,震度１,29.3067,129.4917
2025-07-03 12:48:40,トカラ列島近海,18,2.4,震度１,29.3017,129.5283
2025-07-03 12:18:27,トカラ列島近海,21,2.3,震度１,29.3267,129.4683
2025-07-03 11:52:55,トカラ列島近海,20,3.1,震度２,29.335,129.4333
2025-07-03 11:38:11,トカラ列島近海,14,2.0,震度１,29.2867,129.545
2025-07-03 11:13:07,トカラ列島近海,14,2.8,震度１,29.335,129.415
2025-07-03 11:00:08,トカラ列島近海,16,2.5,震度１,29.3267,129.4783
2025-07-03 10:33:26,トカラ列島近海,18,4.3,震度３,29.3333,129.49
2025-07-03 08:33:41,トカラ列島近海,20,2.8,震度２,29.3117,129.5133
2025-07-03 08:22:36,トカラ列島近海,17,3.1,震度２,29.3217,129.485
2025-07-03 07:36:49,秋田県内陸南部,9,2.4,震度１,39.48,140.4267
2025-07-03 07:33:16,秋田県内陸南部,10,3.9,震度３,39.4767,140.4267
2025-07-03 07:27:23,トカラ列島近海,15,2.8,震度１,29.3217,129.5
2025-07-03 07:13:02,トカラ列島近海,24,2.4,震度１,29.35,129.4583
2025-07-03 07:11:51,トカラ列島近海,29,2.3,震度１,29.3817,129.3517
2025-07-03 06:53:22,トカラ列島近海,15,,震度２,29.2,129.1717
2025-07-03 06:51:30,トカラ列島近海,17,4.5,震度４,29.3333,129.485
2025-07-03 06:49:15,トカラ列島近海,22,3.5,震度３,29.3367,129.4517
2025-07-03 06:41:57,トカラ列島近海,17,2.3,震度１,29.3417,129.4267
2025-07-03 06:40:00,トカラ列島近海,22,2.9,震度２,29.335,129.46
2025-07-03 06:19:27,岩手県内陸南部,15,2.7,震度１,38.9183,141.345
2025-07-03 06:10:45,トカラ列島近海,20,2.5,震度１,29.3567,129.2967
2025-07-03 06:06:50,トカラ列島近海,10,3.6,震度１,29.275,129.1
2025-07-03 05:46:46,トカラ列島近海,19,2.7,震度１,29.32,129.5417
2025-07-03 04:09:57,トカラ列島近海,15,2.1,震度１,29.2883,129.4867
2025-07-03 04:00:40,トカラ列島近海,20,3.3,震度２,29.3317,129.435
2025-07-03 03:11:09,トカラ列島近海,17,2.7,震度１,29.3417,129.375
2025-07-03 03:00:51,トカラ列島近海,19,3.4,震度２,29.3233,129.4467
2025-07-03 02:38:53,トカラ列島近海,13,2.0,震度１,29.1767,129.22
2025-07-03 02:32:55,トカラ列島近海,10,4.7,震度３,29.2533,129.0867
2025-07-03 02:29:01,トカラ列島近海,7,3.4,震度１,29.2617,129.1233
2025-07-03 01:54:40,トカラ列島近海,6,3.5,震度２,29.2567,129.0883
2025-07-03 01:12:31,トカラ列島近海,7,3.4,震度１,29.2483,129.11
2025-07-03 01:00:40,トカラ列島近海,28,3.2,震度１,29.3467,129.2817
2025-07-03 00:49:16,トカラ列島近海,6,5.1,震度３,29.2733,129.0633
2025-07-03 00:44:59,トカラ列島近海,14,3.1,震度３,29.3267,129.5383
2025-07-02 23:55:56,トカラ列島近海,12,2.5,震度１,29.3133,129.69
2025-07-02 23:10:09,トカラ列島近海,23,2.5,震度１,29.4133,129.4183
2025-07-02 22:08:48,トカラ列島近海,17,3.2,震度１,29.38,129.3483
2025-07-02 21:52:36,トカラ列島近海,12,3.1,震度１,29.2217,129.1983
2025-07-02 21:32:18,トカラ列島近海,8,2.9,震度１,29.2517,129.5133
2025-07-02 19:14:00,トカラ列島近海,15,3.3,震度３,29.3383,129.5117
2025-07-02 19:09:36,トカラ列島近海,8,3.1,震度１,29.3,129.0667
2025-07-02 18:53:44,トカラ列島近海,10,3.3,震度２,29.2767,129.105
2025-07-02 18:44:34,トカラ列島近海,8,2.3,震度１,29.3383,129.495
2025-07-02 18:41:49,トカラ列島近海,11,2.3,震度１,29.3133,129.1167
2025-07-02 18:18:04,トカラ列島近海,4,2.9,震度１,29.2833,129.2633
2025-07-02 18:12:07,トカラ列島近海,11,2.4,震度１,29.2583,129.5917
2025-07-02 18:03:48,トカラ列島近海,6,1.8,震度１,29.2017,129.2933
2025-07-02 18:00:01,トカラ列島近海,11,2.7,震度１,29.2233,129.1733
2025-07-02 17:41:33,トカラ列島近海,12,3.1,震度１,29.2367,129.1583
2025-07-02 17:36:36,トカラ列島近海,7,3.2,震度１,29.2233,129.155
2025-07-02 17:34:38,トカラ列島近海,9,3.7,震度１,29.3,129.075
2025-07-02 17:23:56,トカラ列島近海,18,3.3,震度２,29.3317,129.4767
2025-07-02 17:16:05,トカラ列島近海,3,2.9,震度１,29.2283,129.0983
2025-07-02 16:55:59,トカラ列島近海,5,3.2,震度１,29.26,129.1217
2025-07-02 16:52:14,トカラ列島近海,10,3.4,震度１,29.23,129.1517
2025-07-02 16:50:37,トカラ列島近海,2,3.3,震度１,29.2883,129.1083
2025-07-02 16:47:15,トカラ列島近海,6,3.3,震度１,29.2217,129.1583
2025-07-02 16:45:31,トカラ列島近海,2,3.8,震度２,29.2083,129.135
2025-07-02 16:43:46,トカラ列島近海,2,4.1,震度２,29.2617,129.1167
2025-07-02 16:42:39,トカラ列島近海,1,4.1,震度２,29.2717,129.0583
2025-07-02 16:40:44,トカラ列島近海,15,2.5,震度１,29.235,129.2
2025-07-02 16:32:48,トカラ列島近海,7,3.6,震度１,29.215,129.1667
2025-07-02 16:31:29,トカラ列島近海,3,3.7,震度２,29.245,129.0883
2025-07-02 16:29:10,トカラ列島近海,0,3.8,震度２,29.2533,129.1017
2025-07-02 16:27:40,トカラ列島近海,1,3.4,震度２,29.2,129.1117
2025-07-02 16:26:19,トカラ列島近海,0,,震度２,29.1783,129.105
2025-07-02 16:24:39,トカラ列島近海,0,4.1,震度２,29.195,129.1583
2025-07-02 16:23:34,トカラ列島近海,7,3.4,震度１,29.235,129.1083
2025-07-02 16:19:38,トカラ列島近海,10,4.1,震度２,29.2633,129.1033
2025-07-02 16:17:54,トカラ列島近海,4,5.0,震度４,29.23,129.1033
2025-07-02 16:12:46,トカラ列島近海,9,3.1,震度１,29.265,129.1317
2025-07-02 16:10:24,トカラ列島近海,8,3.1,震度１,29.27,129.1267
2025-07-02 15:50:24,トカラ列島近海,9,2.7,震度１,29.2183,129.1767
2025-07-02 15:47:28,トカラ列島近海,9,2.4,震度１,29.2417,129.2233
2025-07-02 15:35:50,トカラ列島近海,11,3.2,震度１,29.2367,129.1567
2025-07-02 15:33:37,トカラ列島近海,18,2.9,震度２,29.1583,129.1433
2025-07-02 15:32:46,トカラ列島近海,0,2.9,震度１,29.1917,129.125
2025-07-02 15:30:25,トカラ列島近海,6,3.5,震度２,29.2433,129.145
2025-07-02 15:29:15,トカラ列島近海,2,3.5,震度２,29.2433,129.1483
2025-07-02 15:26:47,トカラ列島近海,1,5.6,震度５弱,29.2567,129.0517
2025-07-02 15:22:25,トカラ列島近海,11,3.2,震度１,29.215,129.155
2025-07-02 15:20:19,トカラ列島近海,0,2.6,震度１,29.2117,129.0933
2025-07-02 15:18:46,トカラ列島近海,3,2.9,震度１,29.2433,129.1517
2025-07-02 15:16:59,トカラ列島近海,8,3.4,震度１,29.23,129.0983
2025-07-02 15:13:56,トカラ列島近海,8,3.1,震度１,29.2283,129.1633
2025-07-02 15:11:22,トカラ列島近海,13,3.0,震度２,29.205,129.105
2025-07-02 15:10:59,トカラ列島近海,0,3.0,震度１,29.2867,129.22
2025-07-02 15:07:21,トカラ列島近海,18,4.6,震度３,29.205,129.2467
2025-07-02 15:03:14,トカラ列島近海,13,3.5,震度３,29.215,129.195
2025-07-02 15:01:50,トカラ列島近海,8,3.5,震度２,29.2117,129.335
2025-07-02 15:00:07,トカラ列島近海,19,3.9,震度３,29.2683,129.0933
2025-07-02 14:59:00,トカラ列島近海,8,5.1,震度３,29.255,129.07
2025-07-02 14:57:27,トカラ列島近海,3,,震度１,29.2617,129.19
2025-07-02 14:56:43,トカラ列島近海,28,3.2,震度３,29.2433,129.4183
2025-07-02 14:54:55,トカラ列島近海,1,,震度４,29.2217,129.0817
2025-07-02 14:53:24,トカラ列島近海,1,5.3,震度４,29.2383,129.0683
2025-07-02 14:52:30,トカラ列島近海,0,4.0,震度２,29.2317,129.145
2025-07-02 14:51:47,トカラ列島近海,2,5.0,震度３,29.2517,129.0867
2025-07-02 14:47:11,トカラ列島近海,5,3.2,震度２,29.2617,129.1217
2025-07-02 14:43:03,トカラ列島近海,8,2.8,震度１,29.3183,129.3867
2025-07-02 14:42:51,トカラ列島近海,0,,震度１,29.275,129.1867
2025-07-02 14:41:43,トカラ列島近海,7,2.9,震度１,29.255,129.1317
2025-07-02 14:36:24,トカラ列島近海,19,2.3,震度１,29.3117,129.4583
2025-07-02 14:29:39,トカラ列島近海,0,,震度１,29.1683,129.0733
2025-07-02 14:28:29,トカラ列島近海,2,3.3,震度２,29.265,129.1117
2025-07-02 14:25:24,トカラ列島近海,12,5.0,震度３,29.235,129.175
2025-07-02 14:24:19,トカラ列島近海,0,3.9,震度３,29.2033,129.0917
2025-07-02 14:23:33,トカラ列島近海,19,3.9,震度３,29.16,129.1883
2025-07-02 14:22:16,トカラ列島近海,14,4.0,震度４,29.2517,129.1933
2025-07-02 14:19:43,トカラ列島近海,20,2.4,震度１,29.3067,129.5017
2025-07-02 13:49:55,トカラ列島近海,18,2.5,震度１,29.4267,129.4483
2025-07-02 13:16:01,トカラ列島近海,17,2.6,震度１,29.3233,129.4067
2025-07-02 13:07:11,トカラ列島近海,9,2.5,震度１,29.245,129.1267
2025-07-02 12:55:17,トカラ列島近海,5,,震度１,29.35,129.575
2025-07-02 12:42:10,トカラ列島近海,10,2.7,震度１,29.2583,129.14
2025-07-02 12:40:02,トカラ列島近海,8,2.9,震度１,29.2367,129.1733
2025-07-02 12:34:45,トカラ列島近海,14,3.5,震度３,29.3883,129.5117
2025-07-02 10:35:29,トカラ列島近海,14,2.6,震度１,29.345,129.56
2025-07-02 10:13:47,トカラ列島近海,9,2.2,震度１,29.2517,129.155
2025-07-02 10:07:30,トカラ列島近海,11,3.0,震度１,29.2683,129.2583
2025-07-02 09:58:39,トカラ列島近海,11,3.0,震度３,29.2533,129.175
2025-07-02 09:53:27,トカラ列島近海,7,2.1,震度１,29.2467,129.0933
2025-07-02 09:43:28,トカラ列島近海,17,2.6,震度２,29.3267,129.38
2025-07-02 09:39:40,トカラ列島近海,11,,震度１,29.2467,129.155
2025-07-02 09:26:39,トカラ列島近海,20,2.5,震度１,29.3317,129.43
2025-07-02 09:25:06,トカラ列島近海,11,2.3,震度１,29.2883,129.1717
2025-07-02 09:23:49,トカラ列島近海,16,,震度１,29.235,129.145
2025-07-02 09:22:25,トカラ列島近海,13,2.3,震度１,29.3917,129.4383
2025-07-02 09:17:30,トカラ列島近海,8,,震度１,29.2467,129.1817
2025-07-02 09:16:42,トカラ列島近海,11,,震度１,29.22,129.1117
2025-07-02 09:15:05,トカラ列島近海,6,3.3,震度２,29.3317,129.3467
2025-07-02 09:14:29,トカラ列島近海,13,3.5,震度４,29.2733,129.125
2025-07-02 09:12:48,トカラ列島近海,24,2.1,震度１,29.39,129.2983
2025-07-02 09:11:28,トカラ列島近海,10,,震度１,29.2483,129.18
2025-07-02 09:09:59,トカラ列島近海,7,3.7,震度４,29.2417,129.07
2025-07-02 09:09:22,トカラ列島近海,10,3.2,震度３,29.2167,129.1017
2025-07-02 09:07:49,トカラ列島近海,8,,震度３,29.2683,129.2317
2025-07-02 09:06:46,トカラ列島近海,11,4.5,震度４,29.285,129.1067
2025-07-02 09:00:52,トカラ列島近海,10,2.2,震度２,29.225,129.2817
2025-07-02 08:58:27,トカラ列島近海,12,2.4,震度２,29.2633,129.1767
2025-07-02 08:33:55,トカラ列島近海,6,2.6,震度２,29.3467,129.565
2025-07-02 08:28:07,トカラ列島近海,19,2.3,震度１,29.3167,129.5933
2025-07-02 08:27:23,トカラ列島近海,17,2.4,震度１,29.315,129.4867
2025-07-02 08:10:43,トカラ列島近海,14,2.5,震度２,29.3183,129.445
2025-07-02 08:05:45,トカラ列島近海,24,2.2,震度１,29.3333,129.415
2025-07-02 08:01:04,トカラ列島近海,20,3.5,震度３,29.325,129.435
2025-07-02 07:45:41,トカラ列島近海,13,3.1,震度２,29.345,129.57
2025-07-02 07:43:54,トカラ列島近海,12,3.3,震度３,29.37,129.54
2025-07-02 07:20:01,トカラ列島近海,18,2.4,震度１,29.2433,129.4217
2025-07-02 07:12:09,トカラ列島近海,12,2.6,震度１,29.3017,129.53
2025-07-02 07:06:50,トカラ列島近海,18,2.7,震度１,29.305,129.5633
2025-07-02 07:00:41,トカラ列島近海,15,3.0,震度２,29.33,129.5083
2025-07-02 06:52:44,トカラ列島近海,28,2.3,震度１,29.3217,129.445
2025-07-02 06:48:04,トカラ列島近海,8,2.3,震度１,29.3017,129.515
2025-07-02 06:45:27,トカラ列島近海,19,2.4,震度１,29.3333,129.4867
2025-07-02 06:31:47,トカラ列島近海,13,4.3,震度３,29.335,129.48
2025-07-02 06:08:01,トカラ列島近海,14,2.4,震度１,29.3083,129.5033
2025-07-02 05:55:27,西表島付近,32,4.4,震度１,23.9533,123.5867
2025-07-02 05:35:30,奄美大島近海,27,3.4,震度２,28.375,130.05
2025-07-02 05:18:02,種子島近海,27,4.4,震度２,30.5283,131.3683
2025-07-02 05:04:15,トカラ列島近海,25,2.4,震度１,29.3317,129.4217
2025-07-02 04:43:44,トカラ列島近海,18,2.8,震度２,29.3533,129.41
2025-07-02 04:37:55,トカラ列島近海,14,2.6,震度１,29.2967,129.47
2025-07-02 04:36:52,父島近海,4,4.5,震度２,26.7667,142.415
2025-07-02 04:35:19,トカラ列島近海,12,,震度２,29.3333,129.4717
2025-07-02 04:32:08,トカラ列島近海,16,5.1,震度５弱,29.335,129.485
2025-07-02 03:27:31,トカラ列島近海,20,2.5,震度１,29.325,129.475
2025-07-02 03:11:48,トカラ列島近海,19,3.0,震度２,29.3233,129.4667
2025-07-02 02:46:53,宮城県沖,61,3.1,震度１,38.8667,141.6483
2025-07-02 02:36:55,トカラ列島近海,20,2.4,震度１,29.3483,129.4733
2025-07-02 02:26:18,トカラ列島近海,19,2.8,震度２,29.3117,129.535
2025-07-02 02:02:00,トカラ列島近海,12,2.1,震度１,29.36,129.5433
2025-07-02 01:59:37,トカラ列島近海,19,2.6,震度２,29.335,129.525
2025-07-02 01:46:24,トカラ列島近海,21,2.2,震度１,29.3517,129.4217
2025-07-02 00:31:46,トカラ列島近海,24,2.8,震度１,29.3567,129.465
2025-07-02 00:24:13,トカラ列島近海,20,3.7,震度３,29.3267,129.515
2025-07-02 00:22:26,トカラ列島近海,20,3.8,震度３,29.3217,129.4683
2025-07-02 00:20:19,トカラ列島近海,12,2.4,震度１,29.3117,129.5217
2025-07-02 00:16:54,トカラ列島近海,11,2.8,震度２,29.31,129.5233
2025-07-02 00:14:05,トカラ列島近海,25,2.6,震度１,29.3467,129.4167
2025-07-02 00:12:03,トカラ列島近海,19,2.2,震度１,29.28,129.455
2025-07-02 00:06:58,トカラ列島近海,14,2.5,震度１,29.2467,129.5567
2025-07-01 23:59:02,トカラ列島近海,14,2.9,震度１,29.3167,129.5183
2025-07-01 23:57:14,長野県中部,6,2.3,震度１,36.4367,137.9967
2025-07-01 23:44:46,トカラ列島近海,19,2.0,震度１,29.3233,129.485
2025-07-01 23:43:17,トカラ列島近海,17,2.7,震度１,29.32,129.4783
2025-07-01 23:33:24,トカラ列島近海,17,3.3,震度２,29.3167,129.5383
2025-07-01 23:29:38,トカラ列島近海,18,3.3,震度２,29.31,129.5133
2025-07-01 23:27:14,トカラ列島近海,13,2.6,震度１,29.31,129.53
2025-07-01 23:25:28,トカラ列島近海,27,2.3,震度１,29.3367,129.385
2025-07-01 23:17:44,トカラ列島近海,28,2.5,震度１,29.3667,129.34
2025-07-01 23:13:04,トカラ列島近海,6,2.4,震度１,29.3067,129.5
2025-07-01 23:10:42,トカラ列島近海,10,2.8,震度１,29.2567,129.465
2025-07-01 23:07:54,トカラ列島近海,17,2.4,震度１,29.365,129.3883
2025-07-01 23:06:54,トカラ列島近海,13,2.5,震度１,29.3183,129.4867
2025-07-01 23:03:41,トカラ列島近海,20,4.3,震度３,29.3333,129.4667
2025-07-01 23:02:47,トカラ列島近海,11,2.3,震度１,29.3483,129.4383
2025-07-01 22:58:20,トカラ列島近海,12,1.7,震度１,29.4583,129.555
2025-07-01 22:47:51,トカラ列島近海,13,2.5,震度２,29.4267,129.6067
2025-07-01 22:18:51,トカラ列島近海,30,2.2,震度１,29.4067,129.4367
2025-07-01 22:13:01,トカラ列島近海,17,3.2,震度２,29.2967,129.4133
2025-07-01 22:12:39,トカラ列島近海,19,3.2,震度２,29.35,129.4417
2025-07-01 22:09:23,トカラ列島近海,16,2.7,震度１,29.3183,129.4783
2025-07-01 22:04:22,トカラ列島近海,10,2.8,震度１,29.325,129.5033
2025-07-01 21:59:20,トカラ列島近海,18,2.7,震度２,29.2717,129.4033
2025-07-01 21:57:22,トカラ列島近海,27,2.4,震度１,29.3333,129.3333
2025-07-01 21:57:01,トカラ列島近海,30,2.5,震度１,29.3383,129.365
2025-07-01 21:54:23,トカラ列島近海,10,3.2,震度３,29.3017,129.5333
2025-07-01 21:51:03,トカラ列島近海,20,2.7,震度１,29.2767,129.4517
2025-07-01 21:46:15,トカラ列島近海,21,2.7,震度１,29.3383,129.4317
2025-07-01 21:41:57,トカラ列島近海,18,2.4,震度１,29.3183,129.4483
2025-07-01 21:40:07,トカラ列島近海,27,2.8,震度１,29.32,129.35
2025-07-01 21:37:01,トカラ列島近海,10,3.6,震度２,29.3133,129.4683
2025-07-01 21:34:07,トカラ列島近海,9,2.5,震度１,29.3167,129.4767
2025-07-01 21:32:21,トカラ列島近海,21,2.7,震度２,29.2933,129.365
2025-07-01 21:31:41,トカラ列島近海,17,2.6,震度１,29.3083,129.4817
2025-07-01 21:30:14,トカラ列島近海,17,2.7,震度１,29.2483,129.4267
2025-07-01 21:28:28,トカラ列島近海,15,2.7,震度１,29.305,129.4817
2025-07-01 21:27:06,トカラ列島近海,22,2.8,震度２,29.3183,129.4217
2025-07-01 21:25:57,トカラ列島近海,13,2.6,震度１,29.3233,129.4133
2025-07-01 21:22:50,トカラ列島近海,14,2.9,震度１,29.31,129.4633
2025-07-01 21:21:42,トカラ列島近海,15,2.5,震度１,29.2767,129.5117
2025-07-01 21:19:05,トカラ列島近海,29,3.0,震度１,29.3667,129.3217
2025-07-01 21:05:56,トカラ列島近海,16,3.0,震度２,29.3283,129.4483
2025-07-01 21:03:55,トカラ列島近海,19,2.6,震度１,29.3267,129.4567
2025-07-01 20:27:07,トカラ列島近海,20,2.6,震度１,29.3283,129.415
2025-07-01 20:22:07,トカラ列島近海,18,4.4,震度４,29.34,129.4433
2025-07-01 19:18:31,トカラ列島近海,19,3.0,震度１,29.315,129.4167
2025-07-01 18:57:51,トカラ列島近海,22,2.1,震度１,29.36,129.5067
2025-07-01 18:46:31,新潟県上中越沖,18,4.2,震度１,37.69,137.6267
2025-07-01 18:17:08,トカラ列島近海,21,4.1,震度３,29.3233,129.4117
2025-07-01 18:00:04,トカラ列島近海,12,2.8,震度１,29.3033,129.4383
2025-07-01 17:28:10,トカラ列島近海,30,2.6,震度１,29.36,129.3317
2025-07-01 17:20:34,トカラ列島近海,6,2.2,震度１,29.32,129.45
2025-07-01 17:15:16,トカラ列島近海,15,2.8,震度１,29.315,129.4117
2025-07-01 17:10:27,トカラ列島近海,16,4.9,震度４,29.3233,129.4283
2025-07-01 17:09:21,トカラ列島近海,30,2.4,震度１,29.3617,129.415
2025-07-01 16:21:16,トカラ列島近海,16,2.9,震度１,29.3233,129.4467
2025-07-01 16:16:45,トカラ列島近海,16,2.2,震度１,29.3333,129.4417
2025-07-01 16:15:24,トカラ列島近海,18,2.7,震度１,29.3467,129.4133
2025-07-01 16:14:00,トカラ列島近海,18,3.2,震度２,29.3283,129.4517
2025-07-01 16:09:27,トカラ列島近海,12,3.0,震度２,29.3067,129.435
2025-07-01 16:07:56,トカラ列島近海,10,2.3,震度１,29.2933,129.455
2025-07-01 15:52:05,トカラ列島近海,22,3.3,震度２,29.2817,129.3483
2025-07-01 15:50:58,トカラ列島近海,16,3.4,震度１,29.32,129.4383
2025-07-01 15:43:25,トカラ列島近海,28,2.6,震度１,29.3283,129.15
2025-07-01 15:39:01,トカラ列島近海,17,3.2,震度２,29.3167,129.3733
2025-07-01 15:36:27,トカラ列島近海,19,2.6,震度１,29.3317,129.415
2025-07-01 15:28:11,トカラ列島近海,18,2.2,震度１,29.32,129.39
2025-07-01 15:25:56,トカラ列島近海,18,,震度１,29.32,129.4267
2025-07-01 15:24:48,トカラ列島近海,20,3.7,震度３,29.3267,129.42
2025-07-01 15:20:39,トカラ列島近海,13,4.0,震度２,29.2867,129.1467
2025-07-01 15:18:58,トカラ列島近海,23,2.3,震度１,29.3417,129.385
2025-07-01 15:16:19,トカラ列島近海,9,2.7,震度１,29.2967,129.4583
2025-07-01 15:14:16,トカラ列島近海,28,2.6,震度１,29.3617,129.2367
2025-07-01 15:06:36,トカラ列島近海,12,2.8,震度１,29.2767,129.4867
2025-07-01 15:02:41,トカラ列島近海,29,2.4,震度１,29.3217,129.2483
2025-07-01 14:59:07,トカラ列島近海,18,2.8,震度１,29.34,129.425
2025-07-01 14:57:02,トカラ列島近海,19,2.2,震度１,29.3033,129.4133
2025-07-01 14:51:48,トカラ列島近海,26,2.6,震度１,29.33,129.3583
2025-07-01 14:50:43,トカラ列島近海,19,2.6,震度１,29.3233,129.42
2025-07-01 14:42:59,トカラ列島近海,20,3.1,震度２,29.3067,129.4317
2025-07-01 14:20:39,トカラ列島近海,20,3.0,震度２,29.3033,129.4333
2025-07-01 13:47:17,トカラ列島近海,22,2.7,震度１,29.3217,129.4067
2025-07-01 13:31:07,トカラ列島近海,16,2.7,震度１,29.3167,129.4533
2025-07-01 13:20:51,トカラ列島近海,8,3.5,震度３,29.3133,129.4817
2025-07-01 13:19:54,トカラ列島近海,15,3.1,震度２,29.3,129.4483
2025-07-01 13:16:53,トカラ列島近海,12,2.6,震度１,29.3467,129.5017
2025-07-01 13:03:59,トカラ列島近海,22,2.7,震度１,29.2583,129.3933
2025-07-01 12:14:29,トカラ列島近海,18,2.4,震度１,29.3167,129.4517
2025-07-01 12:04:24,トカラ列島近海,9,1.5,震度１,29.42,129.61
2025-07-01 11:59:27,トカラ列島近海,9,3.0,震度２,29.3067,129.4717
2025-07-01 11:19:01,トカラ列島近海,19,3.1,震度１,29.345,129.44
2025-07-01 10:57:39,トカラ列島近海,17,3.2,震度２,29.3317,129.4117
2025-07-01 10:24:35,トカラ列島近海,21,2.7,震度２,29.325,129.4317
2025-07-01 10:22:18,トカラ列島近海,22,2.9,震度１,29.3233,129.415
2025-07-01 10:18:52,トカラ列島近海,25,2.4,震度１,29.3267,129.2933
2025-07-01 09:59:36,トカラ列島近海,17,3.1,震度２,29.325,129.4517
2025-07-01 09:51:01,トカラ列島近海,8,2.5,震度２,29.3567,129.5383
2025-07-01 09:45:18,トカラ列島近海,14,2.7,震度１,29.295,129.485
2025-07-01 09:34:37,トカラ列島近海,18,2.7,震度１,29.3217,129.4783
2025-07-01 09:29:43,トカラ列島近海,18,2.7,震度２,29.3283,129.44
2025-07-01 09:22:40,トカラ列島近海,15,2.3,震度１,29.325,129.4017
2025-07-01 09:16:16,トカラ列島近海,19,2.9,震度１,29.3367,129.3767
2025-07-01 09:09:01,トカラ列島近海,13,2.6,震度１,29.29,129.4867
2025-07-01 08:28:34,トカラ列島近海,19,3.3,震度２,29.335,129.4383
2025-07-01 08:26:51,トカラ列島近海,19,2.2,震度１,29.305,129.4417
2025-07-01 08:17:29,トカラ列島近海,30,2.4,震度１,29.3917,129.3133
2025-07-01 08:14:27,トカラ列島近海,23,2.4,震度１,29.3567,129.4183
2025-07-01 07:55:10,トカラ列島近海,15,2.5,震度１,29.3183,129.4433
2025-07-01 07:52:03,トカラ列島近海,6,2.8,震度１,29.2883,129.4783
2025-07-01 07:46:28,トカラ列島近海,18,2.3,震度１,29.3317,129.4267
2025-07-01 07:45:30,トカラ列島近海,15,2.2,震度１,29.3233,129.4433
2025-07-01 07:42:37,トカラ列島近海,18,2.4,震度１,29.3083,129.445
2025-07-01 07:37:39,トカラ列島近海,7,2.6,震度１,29.3083,129.4683
2025-07-01 07:35:02,トカラ列島近海,19,,震度１,29.2417,129.3967
2025-07-01 07:33:56,トカラ列島近海,16,3.4,震度２,29.2917,129.4317
2025-07-01 07:33:08,トカラ列島近海,17,2.9,震度１,29.3017,129.4467
2025-07-01 07:30:15,トカラ列島近海,23,2.3,震度１,29.3367,129.3933
2025-07-01 07:27:50,トカラ列島近海,20,2.4,震度１,29.3367,129.385
2025-07-01 07:25:20,トカラ列島近海,20,2.2,震度１,29.3333,129.395
2025-07-01 07:23:15,トカラ列島近海,7,2.6,震度１,29.3167,129.4317
2025-07-01 07:20:08,トカラ列島近海,13,2.1,震度１,29.3417,129.4517
2025-07-01 07:18:53,トカラ列島近海,19,2.6,震度１,29.3183,129.4317
2025-07-01 07:15:08,トカラ列島近海,18,3.3,震度２,29.3167,129.4367
2025-07-01 07:13:26,トカラ列島近海,19,2.8,震度１,29.305,129.4483
2025-07-01 07:10:04,トカラ列島近海,13,2.5,震度２,29.4283,129.3217
2025-07-01 07:09:47,トカラ列島近海,24,2.6,震度１,29.31,129.3283
2025-07-01 07:07:53,トカラ列島近海,21,2.6,震度１,29.335,129.445
2025-07-01 07:06:47,トカラ列島近海,18,2.5,震度１,29.2967,129.4233
2025-07-01 07:05:10,トカラ列島近海,14,2.4,震度１,29.315,129.465
2025-07-01 07:03:39,トカラ列島近海,14,,震度１,29.2733,129.48
2025-07-01 07:02:59,トカラ列島近海,18,2.9,震度２,29.3233,129.4317
2025-07-01 07:01:27,トカラ列島近海,20,3.0,震度１,29.32,129.395
2025-07-01 07:00:28,トカラ列島近海,12,3.0,震度２,29.3117,129.4583
2025-07-01 06:57:39,トカラ列島近海,10,3.0,震度１,29.3317,129.5083
2025-07-01 06:56:26,トカラ列島近海,11,2.8,震度１,29.2933,129.4883
2025-07-01 06:54:39,トカラ列島近海,7,3.0,震度１,29.3,129.4767
2025-07-01 06:53:50,トカラ列島近海,22,3.0,震度１,29.33,129.4217
2025-07-01 06:52:43,トカラ列島近海,18,3.1,震度２,29.3133,129.4233
2025-07-01 06:51:45,トカラ列島近海,28,,震度１,29.335,129.2867
2025-07-01 06:49:48,トカラ列島近海,18,4.3,震度４,29.31,129.445
2025-07-01 06:47:30,トカラ列島近海,22,1.9,震度１,29.3367,129.435
2025-07-01 06:46:12,トカラ列島近海,24,3.1,震度１,29.2067,129.3817
2025-07-01 06:44:43,トカラ列島近海,7,2.6,震度１,29.395,129.5517
2025-07-01 06:43:04,トカラ列島近海,18,,震度１,29.2867,129.49
2025-07-01 06:34:46,トカラ列島近海,12,2.6,震度１,29.2983,129.4483
2025-07-01 06:27:42,トカラ列島近海,15,2.5,震度１,29.3017,129.4583
2025-07-01 06:26:20,トカラ列島近海,20,2.3,震度１,29.3217,129.3533
2025-07-01 06:20:23,トカラ列島近海,20,2.5,震度１,29.3133,129.4433
2025-07-01 06:12:10,トカラ列島近海,17,2.3,震度１,29.3083,129.4467
2025-07-01 05:10:47,トカラ列島近海,24,2.6,震度１,29.3233,129.4433
2025-07-01 01:13:05,茨城県南部,47,3.6,震度２,36.1017,139.99
2025-07-01 01:10:49,トカラ列島近海,22,2.8,震度１,29.3267,129.4017
2025-07-01 01:02:56,トカラ列島近海,11,3.5,震度２,29.29,129.4683
2025-07-01 01:01:58,トカラ列島近海,11,2.8,震度１,29.2283,129.4483
2025-07-01 01:01:01,トカラ列島近海,18,2.8,震度１,29.31,129.4383
2025-07-01 00:22:27,トカラ列島近海,17,4.3,震度３,29.3233,129.445
2025-07-01 00:13:10,トカラ列島近海,23,2.3,震度１,29.3317,129.4283
2025-07-01 00:11:37,トカラ列島近海,15,2.3,震度１,29.33,129.4233
2025-06-30 23:53:34,トカラ列島近海,23,3.3,震度２,29.315,129.395
2025-06-30 23:46:00,トカラ列島近海,9,3.0,震度２,29.3333,129.46
2025-06-30 22:51:23,トカラ列島近海,16,2.7,震度１,29.3033,129.4617
2025-06-30 22:28:17,トカラ列島近海,13,2.3,震度２,29.2733,129.2717
2025-06-30 20:09:25,トカラ列島近海,18,2.4,震度１,29.31,129.445
2025-06-30 19:32:29,トカラ列島近海,20,2.4,震度１,29.3133,129.4667
2025-06-30 19:27:21,トカラ列島近海,20,3.9,震度３,29.3217,129.415
2025-06-30 19:22:13,トカラ列島近海,24,2.7,震度１,29.3283,129.3983
2025-06-30 19:20:10,トカラ列島近海,21,2.5,震度１,29.2983,129.4167
2025-06-30 19:18:53,トカラ列島近海,15,2.9,震度２,29.295,129.4583
2025-06-30 19:15:31,トカラ列島近海,16,2.5,震度１,29.2917,129.4283
2025-06-30 19:14:35,トカラ列島近海,11,3.2,震度２,29.3,129.4683
2025-06-30 19:09:44,トカラ列島近海,18,3.0,震度２,29.3467,129.3617
2025-06-30 19:04:38,トカラ列島近海,23,2.6,震度１,29.315,129.3983
2025-06-30 18:57:54,トカラ列島近海,12,2.8,震度１,29.2433,129.3917
2025-06-30 18:56:22,トカラ列島近海,23,2.4,震度１,29.3183,129.3933
2025-06-30 18:55:39,トカラ列島近海,21,2.5,震度１,29.3117,129.42
2025-06-30 18:54:54,トカラ列島近海,14,2.4,震度１,29.2917,129.4467
2025-06-30 18:46:41,トカラ列島近海,22,2.8,震度１,29.3333,129.415
2025-06-30 18:33:22,トカラ列島近海,22,5.3,震度５弱,29.3267,129.4383
2025-06-30 18:09:42,トカラ列島近海,13,2.5,震度１,29.3183,129.465
2025-06-30 17:55:23,トカラ列島近海,20,2.7,震度１,29.33,129.4567
2025-06-30 17:54:32,トカラ列島近海,20,2.9,震度１,29.3183,129.4517
2025-06-30 17:49:17,トカラ列島近海,14,2.7,震度１,29.315,129.4033
2025-06-30 17:27:27,留萌地方南部,7,2.3,震度１,44.0283,141.7817
2025-06-30 17:17:01,トカラ列島近海,21,3.3,震度２,29.32,129.4533
2025-06-30 17:11:47,トカラ列島近海,21,2.6,震度１,29.31,129.4283
2025-06-30 16:40:38,千葉県東方沖,22,3.2,震度１,35.815,140.925
2025-06-30 14:53:07,トカラ列島近海,8,2.6,震度１,29.31,129.4533
2025-06-30 14:04:36,トカラ列島近海,18,3.0,震度２,29.3133,129.4817
2025-06-30 12:57:50,トカラ列島近海,12,2.3,震度１,29.345,129.4467
2025-06-30 12:36:19,トカラ列島近海,26,4.5,震度４,29.3517,129.3917
2025-06-30 12:20:22,トカラ列島近海,15,2.6,震度１,29.3133,129.425
2025-06-30 12:04:31,トカラ列島近海,20,3.0,震度２,29.325,129.4633
2025-06-30 11:53:38,トカラ列島近海,17,2.6,震度１,29.3083,129.4617
2025-06-30 10:39:38,トカラ列島近海,19,3.0,震度１,29.3167,129.4317
2025-06-30 10:17:06,トカラ列島近海,16,3.4,震度２,29.3217,129.445
2025-06-30 10:04:48,トカラ列島近海,16,3.1,震度２,29.3383,129.4433
2025-06-30 09:22:59,トカラ列島近海,18,2.4,震度１,29.3033,129.4583
2025-06-30 09:17:04,トカラ列島近海,18,2.1,震度１,29.3083,129.4433
2025-06-30 09:09:02,トカラ列島近海,15,2.8,震度１,29.2933,129.4867
2025-06-30 08:45:25,トカラ列島近海,17,2.9,震度１,29.2383,129.4167
2025-06-30 08:42:14,トカラ列島近海,19,2.4,震度１,29.3183,129.4417
2025-06-30 08:39:34,トカラ列島近海,23,2.6,震度１,29.3117,129.4233
2025-06-30 08:33:06,トカラ列島近海,23,,震度１,29.2783,129.3433
2025-06-30 08:32:21,トカラ列島近海,29,3.1,震度１,29.33,129.3117
2025-06-30 08:26:39,トカラ列島近海,22,4.0,震度３,29.33,129.4183
2025-06-30 08:24:59,トカラ列島近海,15,2.7,震度１,29.2883,129.4633
2025-06-30 08:22:56,トカラ列島近海,21,2.7,震度１,29.2983,129.4467
2025-06-30 08:21:19,トカラ列島近海,21,2.8,震度１,29.32,129.4233
2025-06-30 08:20:13,トカラ列島近海,21,2.6,震度１,29.3083,129.4167
2025-06-30 08:10:55,トカラ列島近海,21,2.7,震度１,29.3133,129.4267
2025-06-30 08:08:56,トカラ列島近海,22,3.3,震度２,29.3283,129.41
2025-06-30 08:01:25,トカラ列島近海,20,2.6,震度１,29.3217,129.4283
2025-06-30 07:26:09,トカラ列島近海,17,3.4,震度３,29.3483,129.49
2025-06-30 07:02:16,トカラ列島近海,19,2.5,震度１,29.3183,129.4667
2025-06-30 04:01:19,トカラ列島近海,18,2.7,震度１,29.32,129.4267
2025-06-30 03:09:04,トカラ列島近海,17,2.8,震度１,29.3067,129.4617
2025-06-30 03:05:42,トカラ列島近海,23,2.8,震度１,29.325,129.4367
2025-06-30 02:58:53,トカラ列島近海,21,4.1,震度３,29.3283,129.4133
2025-06-30 02:54:58,トカラ列島近海,19,2.5,震度１,29.3183,129.42
2025-06-30 01:39:21,トカラ列島近海,21,2.4,震度１,29.3183,129.4683
2025-06-30 01:11:04,トカラ列島近海,22,3.0,震度２,29.3367,129.4633
2025-06-30 00:31:54,トカラ列島近海,20,3.8,震度３,29.3233,129.46
2025-06-30 00:29:04,トカラ列島近海,8,2.7,震度１,29.2933,129.51
2025-06-30 00:03:32,岐阜県飛騨地方,4,2.3,震度１,36.2917,137.1
2025-06-29 23:45:32,トカラ列島近海,19,2.4,震度１,29.3183,129.465
2025-06-29 23:38:00,トカラ列島近海,17,2.9,震度１,29.2683,129.4917
2025-06-29 23:37:06,トカラ列島近海,21,2.8,震度１,29.3267,129.475
2025-06-29 23:03:38,トカラ列島近海,14,2.2,震度１,29.3083,129.5
2025-06-29 23:00:51,トカラ列島近海,20,3.2,震度３,29.325,129.4467
2025-06-29 22:56:45,トカラ列島近海,24,2.6,震度１,29.3033,129.3733
2025-06-29 22:49:56,トカラ列島近海,29,,震度１,29.35,129.3417
2025-06-29 22:48:18,トカラ列島近海,18,3.3,震度２,29.285,129.4467
2025-06-29 22:46:34,トカラ列島近海,21,2.3,震度１,29.2683,129.4167
2025-06-29 22:45:39,トカラ列島近海,23,3.1,震度１,29.32,129.3
2025-06-29 22:44:09,トカラ列島近海,29,3.1,震度２,29.3733,129.26
2025-06-29 22:36:51,トカラ列島近海,23,4.2,震度３,29.335,129.4333
2025-06-29 22:34:41,茨城県南部,48,3.1,震度１,36.115,139.9867
2025-06-29 21:37:09,トカラ列島近海,20,2.5,震度１,29.3167,129.4733
2025-06-29 21:30:23,トカラ列島近海,17,2.7,震度１,29.3133,129.4717
2025-06-29 20:46:37,トカラ列島近海,18,2.3,震度１,29.2883,129.485
2025-06-29 20:31:06,トカラ列島近海,23,2.8,震度１,29.3267,129.4483
2025-06-29 20:26:56,根室地方北部,129,3.8,震度１,43.5017,144.7883
2025-06-29 20:16:32,トカラ列島近海,22,3.9,震度３,29.335,129.4417
2025-06-29 20:14:25,トカラ列島近海,12,2.5,震度１,29.3017,129.525
2025-06-29 20:09:33,トカラ列島近海,25,2.9,震度２,29.335,129.4483
2025-06-29 20:04:46,トカラ列島近海,25,2.2,震度１,29.32,129.4217
2025-06-29 19:58:49,トカラ列島近海,26,2.4,震度１,29.3383,129.4067
2025-06-29 19:39:08,トカラ列島近海,22,3.8,震度３,29.3167,129.4383
2025-06-29 19:20:08,トカラ列島近海,20,2.4,震度１,29.3217,129.4417
2025-06-29 18:27:48,トカラ列島近海,18,2.9,震度２,29.3233,129.465
2025-06-29 18:22:18,トカラ列島近海,22,3.4,震度２,29.3317,129.4417
2025-06-29 18:07:17,トカラ列島近海,20,3.5,震度２,29.285,129.3283
2025-06-29 18:06:00,トカラ列島近海,14,2.8,震度２,29.3133,129.4133
2025-06-29 18:03:57,トカラ列島近海,21,2.2,震度１,29.335,129.445
2025-06-29 18:00:54,トカラ列島近海,25,3.1,震度１,29.35,129.4017
2025-06-29 17:57:58,トカラ列島近海,25,3.0,震度１,29.37,129.3683
2025-06-29 16:56:00,トカラ列島近海,20,4.1,震度４,29.3183,129.455
2025-06-29 16:32:51,トカラ列島近海,19,4.2,震度２,29.3267,129.385
2025-06-29 16:11:57,トカラ列島近海,17,5.3,震度４,29.3183,129.4717
2025-06-29 15:57:06,トカラ列島近海,23,3.2,震度２,29.33,129.415
2025-06-29 15:55:40,トカラ列島近海,17,2.5,震度１,29.2967,129.4867
2025-06-29 15:53:25,トカラ列島近海,23,2.9,震度２,29.3233,129.41
2025-06-29 15:49:08,トカラ列島近海,15,2.7,震度１,29.305,129.4683
2025-06-29 15:30:52,トカラ列島近海,14,2.7,震度１,29.3083,129.4817
2025-06-29 15:23:25,トカラ列島近海,19,2.3,震度１,29.25,129.4017
2025-06-29 15:19:22,トカラ列島近海,17,2.3,震度１,29.305,129.4617
2025-06-29 15:15:43,トカラ列島近海,18,2.6,震度１,29.2967,129.4717
2025-06-29 15:12:13,トカラ列島近海,21,3.7,震度３,29.3217,129.4367
2025-06-29 15:08:26,トカラ列島近海,19,2.6,震度１,29.3233,129.4467
2025-06-29 15:05:21,トカラ列島近海,14,3.2,震度２,29.32,129.4567
2025-06-29 14:56:12,トカラ列島近海,25,2.7,震度１,29.3183,129.3267
2025-06-29 14:52:50,トカラ列島近海,20,3.9,震度３,29.3217,129.445
2025-06-29 14:51:24,トカラ列島近海,21,2.5,震度１,29.3033,129.445
2025-06-29 14:49:15,トカラ列島近海,20,2.7,震度１,29.2333,129.3967
2025-06-29 14:48:20,トカラ列島近海,28,2.4,震度１,29.33,129.3217
2025-06-29 14:47:09,トカラ列島近海,22,3.2,震度２,29.3233,129.435
2025-06-29 14:46:04,トカラ列島近海,13,2.4,震度１,29.2883,129.5
2025-06-29 14:44:18,トカラ列島近海,16,2.4,震度１,29.2917,129.4717
2025-06-29 14:42:04,トカラ列島近海,22,3.4,震度２,29.325,129.42
2025-06-29 14:38:28,トカラ列島近海,18,2.3,震度１,29.325,129.38
2025-06-29 14:35:47,トカラ列島近海,18,2.3,震度１,29.3133,129.4633
2025-06-29 14:10:56,トカラ列島近海,18,2.7,震度２,29.3367,129.4317
2025-06-29 14:00:49,トカラ列島近海,25,3.0,震度２,29.3417,129.3783
2025-06-29 13:59:41,トカラ列島近海,22,2.8,震度２,29.3133,129.415
2025-06-29 13:49:05,トカラ列島近海,23,3.0,震度２,29.3217,129.4217
2025-06-29 13:45:23,トカラ列島近海,22,2.7,震度１,29.3833,129.3633
2025-06-29 13:37:44,群馬県北部,6,2.4,震度１,36.6917,139.31
2025-06-29 13:33:15,トカラ列島近海,26,2.5,震度１,29.3533,129.335
2025-06-29 13:31:19,トカラ列島近海,19,3.5,震度１,29.2217,129.3733
2025-06-29 13:30:40,トカラ列島近海,24,3.7,震度３,29.3267,129.4183
2025-06-29 13:19:57,トカラ列島近海,22,2.7,震度２,29.3183,129.445
2025-06-29 13:17:42,トカラ列島近海,20,2.5,震度１,29.3167,129.43
2025-06-29 13:14:19,島根県東部,9,2.5,震度１,35.35,133.2717
2025-06-29 13:13:50,トカラ列島近海,19,2.6,震度１,29.315,129.445
2025-06-29 13:03:00,トカラ列島近海,21,2.5,震度１,29.3017,129.38
2025-06-29 13:00:47,トカラ列島近海,15,2.4,震度１,29.3033,129.465
2025-06-29 12:58:17,トカラ列島近海,24,3.0,震度２,29.3333,129.405
2025-06-29 12:51:44,トカラ列島近海,23,2.5,震度１,29.3567,129.3767
2025-06-29 12:48:39,トカラ列島近海,12,2.5,震度１,29.25,129.2033
2025-06-29 12:45:28,トカラ列島近海,24,3.1,震度２,29.3483,129.3667
2025-06-29 12:42:31,トカラ列島近海,27,2.6,震度１,29.2033,129.3383
2025-06-29 12:40:46,トカラ列島近海,11,2.7,震度２,29.265,129.22
2025-06-29 12:35:42,トカラ列島近海,24,2.4,震度１,29.3433,129.3867
2025-06-29 12:30:19,トカラ列島近海,20,2.5,震度１,29.3167,129.4167
2025-06-29 12:18:07,トカラ列島近海,22,3.1,震度２,29.3233,129.4317
2025-06-29 11:58:56,トカラ列島近海,22,2.7,震度１,29.3167,129.4417
2025-06-29 11:55:25,トカラ列島近海,20,2.5,震度１,29.3,129.4467
2025-06-29 11:45:38,トカラ列島近海,17,2.3,震度１,29.3267,129.4017
2025-06-29 11:36:21,トカラ列島近海,23,4.5,震度３,29.3333,129.415
2025-06-29 11:32:00,トカラ列島近海,11,2.6,震度１,29.3483,129.4367
2025-06-29 11:29:27,トカラ列島近海,19,3.0,震度１,29.2917,129.4633
2025-06-29 10:48:25,トカラ列島近海,20,3.2,震度１,29.32,129.4033
2025-06-29 10:43:20,トカラ列島近海,16,2.2,震度１,29.325,129.4317
2025-06-29 10:33:53,トカラ列島近海,26,2.7,震度１,29.3333,129.3367
2025-06-29 10:28:57,トカラ列島近海,26,3.9,震度３,29.3417,129.3767
2025-06-29 10:22:41,トカラ列島近海,15,2.4,震度１,29.2517,129.405
2025-06-29 10:19:54,トカラ列島近海,26,3.5,震度２,29.335,129.3517
2025-06-29 10:18:29,トカラ列島近海,25,3.9,震度３,29.38,129.4067
2025-06-29 10:15:25,トカラ列島近海,20,5.4,震度４,29.33,129.4017
2025-06-29 10:13:58,トカラ列島近海,22,4.8,震度３,29.315,129.41
2025-06-29 10:12:17,トカラ列島近海,12,3.5,震度２,29.295,129.455
2025-06-29 10:10:31,トカラ列島近海,20,3.1,震度２,29.3067,129.4117
2025-06-29 10:07:36,トカラ列島近海,20,3.1,震度２,29.3067,129.4133
2025-06-29 10:02:20,トカラ列島近海,19,2.6,震度１,29.305,129.42
2025-06-29 09:59:40,島根県東部,10,4.1,震度３,35.3467,133.2733
2025-06-29 09:46:00,トカラ列島近海,18,3.1,震度２,29.3117,129.35
2025-06-29 09:38:07,トカラ列島近海,16,2.5,震度１,29.3233,129.405
2025-06-29 09:25:36,トカラ列島近海,19,2.4,震度１,29.305,129.415
2025-06-29 08:25:19,岐阜県飛騨地方,4,2.4,震度１,36.29,137.1
2025-06-29 08:15:18,根室半島南東沖,24,4.5,震度１,42.74,146.6933
2025-06-29 06:48:01,トカラ列島近海,18,3.1,震度２,29.3083,129.3983
2025-06-29 05:46:25,トカラ列島近海,16,2.3,震度１,29.29,129.3733
2025-06-29 04:13:39,トカラ列島近海,19,2.7,震度１,29.3067,129.4017
2025-06-29 00:41:20,トカラ列島近海,20,2.3,震度２,29.3283,129.4017
2025-06-28 23:31:09,トカラ列島近海,18,2.8,震度１,29.3067,129.4267
2025-06-28 22:13:37,トカラ列島近海,10,2.4,震度１,29.2667,129.49
2025-06-28 19:22:57,トカラ列島近海,21,2.4,震度１,29.3167,129.375
2025-06-28 19:09:31,トカラ列島近海,17,2.8,震度１,29.2983,129.3967
2025-06-28 18:58:48,トカラ列島近海,19,3.1,震度２,29.2933,129.415
2025-06-28 18:51:09,トカラ列島近海,16,2.9,震度１,29.3033,129.405
2025-06-28 18:42:59,トカラ列島近海,17,2.6,震度１,29.3033,129.435
2025-06-28 16:43:39,新島・神津島近海,6,1.8,震度１,34.3533,139.2317
2025-06-28 15:11:50,トカラ列島近海,13,2.9,震度１,29.285,129.4233
2025-06-28 15:11:47,愛知県西部,43,3.1,震度１,35.3217,136.8033
2025-06-28 14:45:32,トカラ列島近海,22,2.7,震度１,29.325,129.3567
2025-06-28 14:27:24,トカラ列島近海,14,2.8,震度１,29.3317,129.5467
2025-06-28 13:54:35,トカラ列島近海,21,4.3,震度２,29.32,129.4
2025-06-28 13:52:08,トカラ列島近海,20,3.3,震度２,29.3117,129.405
2025-06-28 13:00:51,トカラ列島近海,21,3.4,震度１,29.3133,129.385
2025-06-28 11:54:10,トカラ列島近海,19,2.6,震度１,29.31,129.3883
2025-06-28 11:51:01,トカラ列島近海,23,2.3,震度１,29.355,129.3367
2025-06-28 11:43:06,トカラ列島近海,7,2.6,震度１,29.275,129.46
2025-06-28 11:12:50,トカラ列島近海,23,4.4,震度３,29.3167,129.4017
2025-06-28 10:47:39,トカラ列島近海,15,3.0,震度１,29.2967,129.4133
2025-06-28 10:31:05,トカラ列島近海,15,2.8,震度１,29.295,129.4283
2025-06-28 10:20:10,トカラ列島近海,18,3.0,震度２,29.3033,129.41
2025-06-28 10:18:15,トカラ列島近海,20,2.9,震度１,29.3133,129.4
2025-06-28 09:55:31,トカラ列島近海,14,2.8,震度１,29.2767,129.425
2025-06-28 09:53:00,トカラ列島近海,16,2.8,震度１,29.2983,129.425
2025-06-28 09:43:31,トカラ列島近海,16,2.7,震度１,29.3033,129.4217
2025-06-28 09:31:18,トカラ列島近海,17,2.6,震度１,29.3067,129.3983
2025-06-28 09:28:58,トカラ列島近海,17,2.5,震度１,29.3,129.3967
2025-06-28 09:22:48,トカラ列島近海,17,2.6,震度１,29.3033,129.38
2025-06-28 09:15:14,トカラ列島近海,19,4.3,震度３,29.305,129.4117
2025-06-28 09:07:37,トカラ列島近海,19,2.9,震度１,29.3117,129.4067
2025-06-28 09:04:57,トカラ列島近海,15,2.6,震度１,29.3067,129.415
2025-06-28 09:01:30,トカラ列島近海,15,2.5,震度１,29.3067,129.4183
2025-06-28 08:55:49,トカラ列島近海,18,2.8,震度１,29.2983,129.415
2025-06-28 06:57:25,石川県能登地方,10,3.4,震度１,37.2333,136.7533
2025-06-28 02:38:51,トカラ列島近海,20,2.6,震度１,29.3133,129.4233
2025-06-28 02:01:05,トカラ列島近海,21,2.7,震度１,29.3117,129.4183
2025-06-27 22:52:52,トカラ列島近海,22,3.9,震度２,29.2883,129.4283
2025-06-27 22:16:13,トカラ列島近海,20,2.6,震度１,29.3,129.3083
2025-06-27 20:25:54,群馬県北部,7,3.2,震度２,36.69,139.31
2025-06-27 19:58:14,トカラ列島近海,14,2.6,震度１,29.3133,129.4183
2025-06-27 19:47:25,トカラ列島近海,13,2.9,震度１,29.275,129.185
2025-06-27 18:44:43,釧路沖,38,4.2,震度２,42.895,145.5333
2025-06-27 15:00:12,トカラ列島近海,11,2.3,震度１,29.2917,129.475
2025-06-27 13:59:27,トカラ列島近海,22,2.5,震度１,29.3217,129.19
2025-06-27 13:19:58,トカラ列島近海,28,,震度１,29.3567,129.2517
2025-06-27 13:17:05,トカラ列島近海,20,4.8,震度３,29.3367,129.3833
2025-06-27 13:04:46,秋田県内陸南部,10,2.4,震度１,39.4783,140.4267
2025-06-27 12:38:33,トカラ列島近海,20,2.9,震度１,29.3017,129.4167
2025-06-27 11:31:11,トカラ列島近海,12,2.8,震度１,29.3133,129.4517
2025-06-27 09:04:14,トカラ列島近海,14,3.2,震度１,29.2333,129.16
2025-06-27 08:56:00,茨城県北部,56,4.3,震度３,36.46,140.5733
2025-06-27 08:15:36,トカラ列島近海,22,2.7,震度１,29.2883,129.425
2025-06-27 08:00:47,トカラ列島近海,18,2.4,震度１,29.28,129.3567
2025-06-27 06:30:09,トカラ列島近海,12,2.7,震度１,29.2867,129.455
2025-06-27 06:07:17,トカラ列島近海,15,2.9,震度２,29.2783,129.475
2025-06-27 02:32:32,トカラ列島近海,16,2.4,震度１,29.245,129.2983
2025-06-26 19:58:16,トカラ列島近海,19,2.7,震度１,29.3017,129.415
2025-06-26 14:18:05,トカラ列島近海,16,2.8,震度１,29.3167,129.415
2025-06-26 10:48:53,トカラ列島近海,16,3.8,震度２,29.29,129.35
2025-06-26 10:42:44,山梨県中・西部,5,2.6,震度１,35.8833,138.7033
2025-06-26 09:10:47,トカラ列島近海,19,3.3,震度２,29.3183,129.435
2025-06-26 08:37:51,トカラ列島近海,23,3.2,震度２,29.2917,129.4217
2025-06-26 07:20:40,トカラ列島近海,19,2.6,震度１,29.3067,129.3133
2025-06-26 07:05:52,トカラ列島近海,20,2.9,震度２,29.3083,129.3467
2025-06-26 06:28:45,トカラ列島近海,7,2.9,震度２,29.2533,129.1333
2025-06-26 06:27:46,トカラ列島近海,7,3.1,震度２,29.2467,129.165
2025-06-26 06:23:24,トカラ列島近海,10,3.2,震度１,29.2367,129.1567
2025-06-26 06:13:20,トカラ列島近海,9,2.9,震度１,29.2583,129.14
2025-06-26 05:59:59,トカラ列島近海,10,2.4,震度１,29.2717,129.1683
2025-06-26 04:19:15,トカラ列島近海,17,3.1,震度１,29.285,129.3367
2025-06-26 02:22:15,トカラ列島近海,23,,震度１,29.3867,129.435
2025-06-26 02:21:10,トカラ列島近海,11,3.2,震度２,29.2833,129.1367
2025-06-25 23:19:00,トカラ列島近海,18,2.7,震度１,29.2967,129.395
2025-06-25 23:17:29,トカラ列島近海,20,3.0,震度１,29.2983,129.39
2025-06-25 23:09:02,トカラ列島近海,21,2.8,震度１,29.31,129.3667
2025-06-25 20:57:50,トカラ列島近海,11,1.7,震度１,29.2267,129.2433
2025-06-25 20:34:02,トカラ列島近海,22,3.8,震度２,29.3067,129.3933
2025-06-25 20:14:43,トカラ列島近海,20,2.5,震度１,29.3367,129.415
2025-06-25 19:53:22,トカラ列島近海,11,2.3,震度１,29.2617,129.175
2025-06-25 19:52:08,トカラ列島近海,11,2.1,震度１,29.2367,129.1783
2025-06-25 19:51:03,トカラ列島近海,10,1.7,震度１,29.235,129.19
2025-06-25 19:43:12,トカラ列島近海,15,,震度１,29.2383,129.21
2025-06-25 19:39:13,トカラ列島近海,14,3.8,震度３,29.2183,129.1633
2025-06-25 19:38:38,トカラ列島近海,10,,震度１,29.245,129.105
2025-06-25 19:37:00,トカラ列島近海,12,3.0,震度３,29.25,129.1117
2025-06-25 19:35:35,トカラ列島近海,13,3.3,震度３,29.2283,129.14
2025-06-25 19:26:19,トカラ列島近海,15,2.5,震度１,29.3617,129.4733
2025-06-25 18:13:09,トカラ列島近海,22,3.0,震度１,29.29,129.4217
2025-06-25 17:42:36,トカラ列島近海,17,2.7,震度１,29.325,129.43
2025-06-25 17:31:52,トカラ列島近海,24,2.7,震度１,29.29,129.3983
2025-06-25 15:22:19,トカラ列島近海,18,2.9,震度１,29.3167,129.3883
2025-06-25 15:11:52,トカラ列島近海,17,3.0,震度２,29.31,129.3983
2025-06-25 15:04:06,トカラ列島近海,19,2.8,震度１,29.2983,129.4167
2025-06-25 14:59:48,トカラ列島近海,20,3.6,震度２,29.305,129.4017
2025-06-25 14:55:59,トカラ列島近海,14,2.4,震度１,29.2833,129.4417
2025-06-25 14:47:25,トカラ列島近海,21,4.4,震度３,29.31,129.395
2025-06-25 14:16:31,トカラ列島近海,18,3.0,震度２,29.315,129.3983
2025-06-25 14:11:07,トカラ列島近海,17,3.1,震度１,29.3,129.4117
2025-06-25 14:09:51,トカラ列島近海,18,2.4,震度１,29.3183,129.37
2025-06-25 14:00:30,トカラ列島近海,20,2.5,震度１,29.3,129.3933
2025-06-25 13:56:19,トカラ列島近海,21,2.6,震度１,29.3,129.3717
2025-06-25 13:51:27,茨城県沖,54,4.2,震度４,36.4333,140.645
2025-06-25 13:50:28,トカラ列島近海,17,2.7,震度１,29.2967,129.41
2025-06-25 13:44:07,トカラ列島近海,16,3.1,震度２,29.2983,129.4133
2025-06-25 13:40:28,トカラ列島近海,21,2.5,震度１,29.2883,129.3783
2025-06-25 13:37:51,トカラ列島近海,17,2.7,震度１,29.29,129.3983
2025-06-25 13:33:22,トカラ列島近海,21,2.7,震度１,29.3067,129.345
2025-06-25 13:18:31,トカラ列島近海,10,2.1,震度１,29.2583,129.2
2025-06-25 13:15:45,トカラ列島近海,24,2.5,震度１,29.3417,129.285
2025-06-25 13:14:11,トカラ列島近海,21,3.5,震度２,29.3117,129.3683
2025-06-25 13:09:39,トカラ列島近海,18,2.4,震度１,29.3017,129.39
2025-06-25 13:03:09,トカラ列島近海,20,3.2,震度２,29.3117,129.3717
2025-06-25 12:55:38,トカラ列島近海,13,2.6,震度１,29.27,129.415
2025-06-25 12:54:32,トカラ列島近海,6,2.6,震度１,29.2417,129.4833
2025-06-25 12:50:16,トカラ列島近海,20,2.8,震度１,29.315,129.365
2025-06-25 12:39:33,トカラ列島近海,23,3.1,震度１,29.315,129.325
2025-06-25 12:36:33,トカラ列島近海,16,2.8,震度１,29.2917,129.4117
2025-06-25 12:30:59,トカラ列島近海,16,2.9,震度１,29.2983,129.4183
2025-06-25 12:19:08,トカラ列島近海,8,2.8,震度２,29.2983,129.4467
2025-06-25 12:00:27,トカラ列島近海,7,2.2,震度１,29.2867,129.48
2025-06-25 11:16:38,トカラ列島近海,13,2.7,震度１,29.29,129.4283
2025-06-25 11:05:28,福島県会津,5,2.7,震度２,36.9783,139.3883
2025-06-25 08:28:24,トカラ列島近海,20,3.1,震度２,29.4067,129.43
2025-06-25 08:03:50,トカラ列島近海,17,3.0,震度２,29.37,129.4583
2025-06-25 07:21:30,トカラ列島近海,13,2.5,震度１,29.3533,129.4767
2025-06-25 07:09:21,トカラ列島近海,18,2.6,震度１,29.295,129.365
2025-06-25 07:04:25,トカラ列島近海,14,2.4,震度１,29.2783,129.3967
2025-06-25 06:48:47,トカラ列島近海,9,2.3,震度１,29.275,129.4267
2025-06-25 06:36:33,トカラ列島近海,19,2.4,震度１,29.325,129.3683
2025-06-25 05:49:46,トカラ列島近海,20,3.3,震度２,29.32,129.385
2025-06-25 05:05:49,トカラ列島近海,16,3.2,震度２,29.31,129.3567
2025-06-25 04:29:25,トカラ列島近海,17,2.6,震度１,29.3017,129.3983
2025-06-25 04:04:43,トカラ列島近海,19,2.9,震度１,29.31,129.4017
2025-06-25 03:59:42,トカラ列島近海,21,2.5,震度１,29.285,129.3467
2025-06-25 03:40:30,トカラ列島近海,14,3.3,震度２,29.295,129.4167
2025-06-25 02:30:57,トカラ列島近海,18,2.8,震度１,29.305,129.3383
2025-06-25 01:58:20,トカラ列島近海,15,2.7,震度１,29.2933,129.4183
2025-06-25 01:34:09,トカラ列島近海,20,3.1,震度２,29.3067,129.3917
2025-06-25 01:08:24,トカラ列島近海,23,2.8,震度１,29.2833,129.2617
2025-06-25 01:06:38,トカラ列島近海,19,3.3,震度１,29.3,129.3417
2025-06-25 00:40:53,トカラ列島近海,17,3.3,震度２,29.3167,129.3517
2025-06-25 00:26:07,トカラ列島近海,16,2.0,震度１,29.28,129.175
2025-06-25 00:11:22,トカラ列島近海,20,3.6,震度２,29.32,129.3433
2025-06-24 23:45:58,トカラ列島近海,9,2.2,震度１,29.2267,129.2517
2025-06-24 23:44:39,トカラ列島近海,9,2.6,震度１,29.1967,129.2883
2025-06-24 23:43:44,トカラ列島近海,12,2.0,震度１,29.3217,129.2333
2025-06-24 22:30:34,トカラ列島近海,16,2.3,震度１,29.3167,129.4433
2025-06-24 22:29:22,トカラ列島近海,25,2.6,震度１,29.3483,129.3767
2025-06-24 22:15:04,トカラ列島近海,16,2.5,震度１,29.3,129.36
2025-06-24 22:03:34,トカラ列島近海,17,3.4,震度２,29.3067,129.3667
2025-06-24 21:39:55,トカラ列島近海,19,3.2,震度２,29.3183,129.3033
2025-06-24 21:38:18,トカラ列島近海,18,2.7,震度１,29.3117,129.26
2025-06-24 21:32:26,トカラ列島近海,19,2.7,震度１,29.3183,129.3083
2025-06-24 21:30:46,トカラ列島近海,19,2.7,震度１,29.32,129.3417
2025-06-24 21:13:52,トカラ列島近海,18,2.6,震度１,29.31,129.3433
2025-06-24 21:11:09,トカラ列島近海,17,2.8,震度１,29.315,129.3383
2025-06-24 20:49:51,トカラ列島近海,18,3.1,震度２,29.3067,129.355
2025-06-24 20:18:17,トカラ列島近海,12,2.3,震度２,29.2533,129.1933
2025-06-24 20:02:33,トカラ列島近海,6,1.7,震度１,29.2767,129.23
2025-06-24 19:58:20,トカラ列島近海,12,2.8,震度１,29.2933,129.4217
2025-06-24 19:27:35,トカラ列島近海,7,2.3,震度１,29.285,129.2567
2025-06-24 19:12:10,トカラ列島近海,20,2.8,震度１,29.2967,129.355
2025-06-24 18:44:03,トカラ列島近海,16,2.3,震度１,29.285,129.3967
2025-06-24 18:35:44,トカラ列島近海,20,3.1,震度１,29.2983,129.3433
2025-06-24 18:33:15,トカラ列島近海,17,2.6,震度１,29.2883,129.39
2025-06-24 18:03:21,トカラ列島近海,0,,震度１,29.285,129.285
2025-06-24 17:49:48,トカラ列島近海,20,3.1,震度２,29.3067,129.3817
2025-06-24 17:44:26,トカラ列島近海,15,2.5,震度１,29.3167,129.425
2025-06-24 17:11:06,トカラ列島近海,18,2.6,震度１,29.32,129.3017
2025-06-24 17:05:23,トカラ列島近海,19,2.7,震度１,29.2867,129.3183
2025-06-24 17:01:36,トカラ列島近海,19,3.1,震度２,29.29,129.3133
2025-06-24 16:54:09,トカラ列島近海,19,3.9,震度２,29.2867,129.29
2025-06-24 16:53:12,トカラ列島近海,16,2.6,震度１,29.2833,129.4017
2025-06-24 16:15:45,トカラ列島近海,14,3.0,震度１,29.3017,129.4317
2025-06-24 16:07:54,トカラ列島近海,20,3.1,震度１,29.3083,129.3417
2025-06-24 16:06:16,トカラ列島近海,21,,震度１,29.2783,129.3133
2025-06-24 16:05:17,トカラ列島近海,19,,震度１,29.2933,129.34
2025-06-24 16:04:14,トカラ列島近海,18,5.1,震度４,29.3133,129.3783
2025-06-24 13:51:00,トカラ列島近海,18,3.3,震度２,29.3117,129.36
2025-06-24 13:41:18,トカラ列島近海,15,2.6,震度１,29.315,129.35
2025-06-24 13:12:05,トカラ列島近海,24,2.4,震度１,29.38,129.32
2025-06-24 13:11:14,トカラ列島近海,17,2.7,震度１,29.32,129.35
2025-06-24 13:10:30,群馬県南部,8,2.6,震度１,36.61,139.465
2025-06-24 12:49:02,トカラ列島近海,18,3.2,震度２,29.3133,129.3533
2025-06-24 12:42:38,トカラ列島近海,20,3.4,震度２,29.3133,129.3267
2025-06-24 11:41:11,トカラ列島近海,16,2.8,震度１,29.2917,129.3683
2025-06-24 11:14:29,トカラ列島近海,21,3.2,震度１,29.33,129.37
2025-06-24 10:33:09,トカラ列島近海,18,2.5,震度１,29.2967,129.34
2025-06-24 08:40:36,トカラ列島近海,19,3.6,震度２,29.3067,129.2917
2025-06-24 08:10:24,トカラ列島近海,8,2.3,震度１,29.2533,129.4433
2025-06-24 08:08:39,トカラ列島近海,24,3.2,震度１,29.3183,129.23
2025-06-24 07:52:08,トカラ列島近海,12,2.3,震度１,29.2633,129.4233
2025-06-24 07:14:49,トカラ列島近海,15,2.4,震度１,29.2733,129.3917
2025-06-24 07:09:43,トカラ列島近海,13,2.6,震度１,29.245,129.4583
2025-06-24 07:02:45,トカラ列島近海,22,2.8,震度２,29.2983,129.295
2025-06-24 06:56:30,トカラ列島近海,24,3.4,震度２,29.32,129.25
2025-06-24 06:47:00,トカラ列島近海,16,3.3,震度２,29.2917,129.3783
2025-06-24 06:39:11,トカラ列島近海,18,3.1,震度２,29.2983,129.3583
2025-06-24 06:37:30,トカラ列島近海,20,3.0,震度１,29.3083,129.345
2025-06-24 06:26:42,トカラ列島近海,15,2.4,震度１,29.3,129.3683
2025-06-24 06:05:43,トカラ列島近海,15,2.2,震度１,29.325,129.4033
2025-06-24 05:44:36,岐阜県飛騨地方,4,2.2,震度１,36.29,137.1033
2025-06-24 05:32:26,トカラ列島近海,13,2.8,震度１,29.3083,129.375
2025-06-24 02:55:12,釧路沖,12,4.9,震度２,42.285,144.485
2025-06-24 02:38:20,トカラ列島近海,18,3.1,震度２,29.3083,129.3317
2025-06-24 02:29:51,トカラ列島近海,16,2.5,震度１,29.315,129.4083
2025-06-24 02:23:28,トカラ列島近海,9,4.9,震度４,29.29,129.3833
2025-06-24 02:21:01,トカラ列島近海,14,3.3,震度２,29.3517,129.325
2025-06-24 02:12:54,トカラ列島近海,19,2.8,震度１,29.3083,129.3567
2025-06-24 02:02:24,トカラ列島近海,19,3.0,震度２,29.3083,129.3367
2025-06-24 01:40:49,トカラ列島近海,22,2.6,震度１,29.3183,129.3267
2025-06-24 00:08:19,トカラ列島近海,20,4.1,震度３,29.3333,129.41
2025-06-24 00:03:36,トカラ列島近海,11,2.7,震度２,29.27,129.1267
2025-06-24 00:02:40,トカラ列島近海,13,2.7,震度１,29.225,129.2083
2025-06-23 23:59:07,トカラ列島近海,9,1.8,震度１,29.2867,129.48
2025-06-23 23:58:37,トカラ列島近海,16,2.3,震度１,29.3233,129.4383
2025-06-23 23:54:36,トカラ列島近海,17,2.7,震度１,29.3033,129.34
2025-06-23 23:53:31,トカラ列島近海,17,2.7,震度１,29.3183,129.3383
2025-06-23 23:52:00,トカラ列島近海,14,2.5,震度１,29.315,129.4583
2025-06-23 23:47:51,トカラ列島近海,22,,震度２,29.335,129.37
2025-06-23 23:46:55,トカラ列島近海,16,3.9,震度３,29.305,129.3583
2025-06-23 23:36:19,トカラ列島近海,21,5.0,震度４,29.325,129.4
2025-06-23 23:27:39,トカラ列島近海,16,2.7,震度１,29.3117,129.4283
2025-06-23 23:25:39,トカラ列島近海,12,3.0,震度１,29.2767,129.3517
2025-06-23 23:20:37,トカラ列島近海,14,3.4,震度２,29.3183,129.3517
2025-06-23 23:17:53,トカラ列島近海,18,3.8,震度３,29.3133,129.3567
2025-06-23 23:11:13,トカラ列島近海,16,2.7,震度１,29.3,129.345
2025-06-23 23:07:30,トカラ列島近海,18,2.6,震度１,29.3067,129.32
2025-06-23 23:05:54,トカラ列島近海,19,3.1,震度１,29.3083,129.3133
2025-06-23 22:52:44,トカラ列島近海,20,3.2,震度２,29.3233,129.41
2025-06-23 22:45:22,トカラ列島近海,20,3.5,震度２,29.3033,129.315
2025-06-23 22:40:48,トカラ列島近海,20,4.0,震度３,29.3283,129.3883
2025-06-23 22:39:47,トカラ列島近海,19,3.1,震度１,29.31,129.325
2025-06-23 22:35:54,トカラ列島近海,18,3.0,震度１,29.31,129.315
2025-06-23 22:30:59,トカラ列島近海,14,2.5,震度１,29.32,129.4383
2025-06-23 22:28:12,トカラ列島近海,20,2.3,震度１,29.28,129.385
2025-06-23 22:23:15,トカラ列島近海,25,2.9,震度２,29.295,129.3517
2025-06-23 22:20:12,トカラ列島近海,18,2.6,震度１,29.2983,129.315
2025-06-23 22:10:45,トカラ列島近海,16,3.0,震度２,29.3083,129.3933
2025-06-23 22:03:42,トカラ列島近海,19,3.2,震度２,29.3017,129.335
2025-06-23 21:40:58,トカラ列島近海,19,2.7,震度１,29.3067,129.3233
2025-06-23 21:09:29,トカラ列島近海,20,2.7,震度１,29.2167,129.225
2025-06-23 21:05:34,トカラ列島近海,19,2.8,震度１,29.215,129.155
2025-06-23 20:50:10,トカラ列島近海,24,2.3,震度１,29.3317,129.3633
2025-06-23 20:33:01,トカラ列島近海,11,2.6,震度１,29.2733,129.3883
2025-06-23 20:19:42,トカラ列島近海,18,2.6,震度１,29.3083,129.4317
2025-06-23 20:13:26,トカラ列島近海,17,3.2,震度２,29.3033,129.4317
2025-06-23 20:05:39,トカラ列島近海,15,2.5,震度１,29.2683,129.405
2025-06-23 19:37:05,トカラ列島近海,16,2.7,震度１,29.305,129.4083
2025-06-23 19:14:40,トカラ列島近海,18,3.4,震度２,29.3017,129.3617
2025-06-23 19:09:34,トカラ列島近海,10,1.9,震度１,29.225,129.12
2025-06-23 18:40:48,浦河沖,68,3.8,震度１,41.9183,142.3267
2025-06-23 18:36:00,トカラ列島近海,19,2.8,震度１,29.305,129.355
2025-06-23 18:34:52,トカラ列島近海,10,,震度１,29.2283,129.135
2025-06-23 18:33:09,トカラ列島近海,6,,震度１,29.3033,129.3417
2025-06-23 18:15:01,トカラ列島近海,18,2.6,震度１,29.2933,129.35
2025-06-23 18:11:10,トカラ列島近海,18,3.0,震度１,29.3017,129.335
2025-06-23 17:52:20,トカラ列島近海,15,2.7,震度２,29.3167,129.4433
2025-06-23 17:50:24,トカラ列島近海,11,2.4,震度１,29.1967,129.2567
2025-06-23 17:48:27,トカラ列島近海,15,3.3,震度２,29.2017,129.2367
2025-06-23 17:47:45,トカラ列島近海,3,2.5,震度１,29.2683,129.4367
2025-06-23 17:45:10,トカラ列島近海,14,3.3,震度２,29.2,129.27
2025-06-23 17:28:00,トカラ列島近海,17,,震度１,29.29,129.3333
2025-06-23 17:12:02,トカラ列島近海,16,3.3,震度２,29.3017,129.345
2025-06-23 17:11:10,トカラ列島近海,10,2.6,震度１,29.2767,129.4083
2025-06-23 17:09:58,トカラ列島近海,13,2.1,震度１,29.215,129.24
2025-06-23 17:02:32,トカラ列島近海,9,2.5,震度１,29.2217,129.34
2025-06-23 17:02:18,トカラ列島近海,14,2.8,震度１,29.3067,129.3617
2025-06-23 16:56:31,トカラ列島近海,17,3.1,震度１,29.3,129.31
2025-06-23 16:50:58,トカラ列島近海,13,3.6,震度２,29.28,129.35
2025-06-23 16:48:15,トカラ列島近海,16,2.9,震度１,29.3133,129.2933
2025-06-23 16:46:17,トカラ列島近海,20,4.7,震度３,29.265,129.3217
2025-06-23 16:41:32,トカラ列島近海,21,2.5,震度１,29.3067,129.2717
2025-06-23 16:40:23,トカラ列島近海,25,2.8,震度１,29.3383,129.1767
2025-06-23 16:36:33,トカラ列島近海,20,3.1,震度１,29.3117,129.2917
2025-06-23 16:26:41,トカラ列島近海,20,3.1,震度１,29.3183,129.3667
2025-06-23 16:20:11,トカラ列島近海,25,,震度１,29.27,129.2483
2025-06-23 16:19:02,トカラ列島近海,15,3.6,震度２,29.2933,129.375
2025-06-23 16:16:21,トカラ列島近海,18,2.8,震度１,29.355,129.2433
2025-06-23 16:06:45,トカラ列島近海,16,2.7,震度１,29.295,129.3517
2025-06-23 16:00:34,トカラ列島近海,21,3.0,震度１,29.31,129.2883
2025-06-23 15:49:57,トカラ列島近海,19,2.9,震度１,29.3017,129.3483
2025-06-23 15:43:06,トカラ列島近海,16,3.0,震度１,29.2683,129.3417
2025-06-23 15:42:12,トカラ列島近海,19,2.9,震度２,29.3083,129.3183
2025-06-23 15:37:40,トカラ列島近海,23,2.7,震度１,29.2633,129.2617
2025-06-23 15:32:07,トカラ列島近海,18,2.4,震度１,29.325,129.31
2025-06-23 15:25:34,トカラ列島近海,22,2.9,震度１,29.3083,129.285
2025-06-23 14:44:03,トカラ列島近海,20,2.9,震度２,29.3083,129.3117
2025-06-23 14:36:08,トカラ列島近海,20,3.2,震度１,29.3083,129.2983
2025-06-23 14:32:43,トカラ列島近海,0,2.9,震度１,29.2783,129.4133
2025-06-23 14:31:54,トカラ列島近海,27,2.8,震度１,29.33,129.2183
2025-06-23 14:26:32,トカラ列島近海,14,2.6,震度１,29.295,129.4033
2025-06-23 14:16:53,トカラ列島近海,19,2.9,震度１,29.3083,129.3417
2025-06-23 14:15:07,トカラ列島近海,27,2.8,震度１,29.355,129.1417
2025-06-23 14:05:44,トカラ列島近海,19,2.8,震度１,29.3183,129.3767
2025-06-23 14:02:06,トカラ列島近海,26,2.7,震度１,29.3267,129.1917
2025-06-23 13:59:58,トカラ列島近海,24,2.9,震度１,29.3167,129.2483
2025-06-23 13:58:41,トカラ列島近海,7,2.6,震度１,29.2533,129.4367
2025-06-23 13:54:43,トカラ列島近海,11,2.6,震度１,29.295,129.3967
2025-06-23 13:45:54,トカラ列島近海,20,3.5,震度２,29.3217,129.3633
2025-06-23 13:25:32,トカラ列島近海,8,,震度１,29.2767,129.41
2025-06-23 13:24:26,トカラ列島近海,23,3.5,震度２,29.295,129.375
2025-06-23 13:19:23,トカラ列島近海,28,2.6,震度１,29.3783,129.1317
2025-06-23 13:01:40,トカラ列島近海,13,2.7,震度１,29.2883,129.3867
2025-06-23 12:48:14,トカラ列島近海,16,2.6,震度１,29.3183,129.4333
2025-06-23 12:45:09,トカラ列島近海,11,2.7,震度１,29.2967,129.4083
2025-06-23 12:36:42,トカラ列島近海,11,2.7,震度１,29.2783,129.4017
2025-06-23 12:32:59,トカラ列島近海,17,3.8,震度２,29.2983,129.35
2025-06-23 12:30:59,トカラ列島近海,4,,震度１,29.3117,129.455
2025-06-23 12:30:19,トカラ列島近海,21,2.8,震度１,29.3,129.3083
2025-06-23 12:19:39,トカラ列島近海,2,2.9,震度１,29.2517,129.4417
2025-06-23 12:14:37,トカラ列島近海,13,2.5,震度３,29.2217,129.2
2025-06-23 12:12:09,トカラ列島近海,15,,震度１,29.1367,129.2967
2025-06-23 12:09:35,トカラ列島近海,10,,震度１,29.22,129.2417
2025-06-23 12:04:53,トカラ列島近海,14,3.1,震度２,29.2317,129.1433
2025-06-23 12:03:28,トカラ列島近海,19,2.8,震度１,29.3183,129.375
2025-06-23 11:59:21,トカラ列島近海,7,2.7,震度１,29.2667,129.0917
2025-06-23 11:56:54,トカラ列島近海,13,2.7,震度１,29.235,129.1483
2025-06-23 11:51:03,トカラ列島近海,19,2.7,震度１,29.3067,129.35
2025-06-23 11:48:49,トカラ列島近海,18,2.5,震度２,29.3033,129.3533
2025-06-23 11:46:51,トカラ列島近海,11,3.3,震度２,29.3183,129.315
2025-06-23 11:46:26,トカラ列島近海,11,2.6,震度２,29.22,129.1983
2025-06-23 11:45:08,トカラ列島近海,14,2.5,震度２,29.2,129.1583
2025-06-23 11:41:56,トカラ列島近海,18,2.8,震度１,29.305,129.4017
2025-06-23 11:37:43,トカラ列島近海,19,2.7,震度１,29.31,129.3633
2025-06-23 11:34:38,トカラ列島近海,18,2.5,震度１,29.315,129.375
2025-06-23 11:32:18,トカラ列島近海,18,3.1,震度２,29.31,129.3833
2025-06-23 11:28:00,トカラ列島近海,15,2.5,震度１,29.2883,129.3867
2025-06-23 11:23:43,トカラ列島近海,17,2.6,震度１,29.3167,129.3283
2025-06-23 11:20:22,トカラ列島近海,21,3.1,震度１,29.3133,129.35
2025-06-23 11:18:12,トカラ列島近海,19,3.0,震度１,29.32,129.3467
2025-06-23 11:14:37,トカラ列島近海,15,2.5,震度１,29.2567,129.425
2025-06-23 11:10:31,トカラ列島近海,20,3.4,震度３,29.3167,129.4083
2025-06-23 11:08:47,トカラ列島近海,16,3.3,震度２,29.3033,129.3667
2025-06-23 11:07:47,トカラ列島近海,12,4.0,震度２,29.3083,129.3967
2025-06-23 11:07:01,トカラ列島近海,17,3.5,震度２,29.3083,129.3883
2025-06-23 10:57:54,トカラ列島近海,21,2.5,震度１,29.3033,129.3283
2025-06-23 10:34:24,トカラ列島近海,19,2.8,震度１,29.315,129.33
2025-06-23 10:32:37,トカラ列島近海,18,2.1,震度１,29.3683,129.3333
2025-06-23 10:30:13,トカラ列島近海,19,2.5,震度１,29.3033,129.4
2025-06-23 10:23:50,トカラ列島近海,20,3.1,震度２,29.3133,129.3433
2025-06-23 10:17:27,トカラ列島近海,20,2.8,震度１,29.2667,129.335
2025-06-23 10:16:11,トカラ列島近海,15,3.7,震度２,29.3117,129.3633
2025-06-23 10:13:18,トカラ列島近海,20,4.5,震度３,29.2833,129.3333
2025-06-23 10:05:31,トカラ列島近海,4,3.0,震度１,29.2817,129.4167
2025-06-23 09:46:46,トカラ列島近海,14,2.8,震度１,29.2883,129.435
2025-06-23 09:44:31,トカラ列島近海,17,2.8,震度１,29.3,129.3717
2025-06-23 09:10:37,トカラ列島近海,12,2.8,震度１,29.315,129.4317
2025-06-23 09:06:38,トカラ列島近海,18,4.0,震度２,29.3117,129.3917
2025-06-23 09:00:53,トカラ列島近海,19,2.8,震度１,29.3233,129.3283
2025-06-23 08:05:48,トカラ列島近海,19,3.4,震度２,29.3083,129.405
2025-06-23 07:17:04,トカラ列島近海,14,2.8,震度１,29.3017,129.425
2025-06-23 07:07:59,トカラ列島近海,23,3.0,震度２,29.3217,129.3167
2025-06-23 07:06:54,トカラ列島近海,19,3.4,震度２,29.3133,129.3367
2025-06-23 06:43:23,トカラ列島近海,16,3.0,震度２,29.29,129.4367
2025-06-23 06:41:10,トカラ列島近海,15,3.0,震度１,29.3067,129.4067
2025-06-23 06:22:44,トカラ列島近海,15,4.3,震度３,29.3,129.41
2025-06-23 06:19:33,トカラ列島近海,10,3.0,震度１,29.2983,129.42
2025-06-23 06:16:29,トカラ列島近海,14,2.4,震度１,29.2917,129.3933
2025-06-23 06:12:02,トカラ列島近海,12,3.2,震度２,29.29,129.4317
2025-06-23 06:06:52,トカラ列島近海,16,3.6,震度３,29.31,129.3917
2025-06-23 06:05:23,トカラ列島近海,20,2.8,震度１,29.3233,129.3633
2025-06-23 06:03:55,トカラ列島近海,13,2.8,震度１,29.3,129.41
2025-06-23 06:00:43,トカラ列島近海,20,2.7,震度１,29.3067,129.345
2025-06-23 05:51:43,トカラ列島近海,15,2.9,震度１,29.285,129.3867
2025-06-23 05:50:32,トカラ列島近海,15,2.6,震度１,29.295,129.4117
2025-06-23 05:41:16,トカラ列島近海,17,3.8,震度２,29.305,129.3917
2025-06-23 05:37:44,トカラ列島近海,16,2.6,震度１,29.2933,129.4
2025-06-23 05:27:10,トカラ列島近海,18,3.0,震度１,29.2967,129.3633
2025-06-23 05:09:04,トカラ列島近海,15,2.9,震度２,29.3117,129.4117
2025-06-23 04:49:58,トカラ列島近海,14,3.2,震度１,29.3033,129.41
2025-06-23 04:27:48,トカラ列島近海,18,3.0,震度１,29.2867,129.4783
2025-06-23 03:51:57,トカラ列島近海,18,2.8,震度１,29.3067,129.3933
2025-06-23 03:37:04,トカラ列島近海,18,2.6,震度１,29.3333,129.3367
2025-06-23 03:32:42,トカラ列島近海,20,4.4,震度３,29.2867,129.395
2025-06-23 03:20:33,トカラ列島近海,18,3.0,震度２,29.3017,129.4067
2025-06-23 03:02:04,トカラ列島近海,20,2.8,震度１,29.3283,129.3933
2025-06-23 02:53:21,トカラ列島近海,19,3.1,震度２,29.315,129.39
2025-06-23 02:36:16,トカラ列島近海,10,3.4,震度２,29.2883,129.4383
2025-06-23 02:34:15,トカラ列島近海,19,3.9,震度２,29.32,129.3883
2025-06-23 02:24:46,トカラ列島近海,16,2.9,震度１,29.3117,129.4267
2025-06-23 02:12:36,トカラ列島近海,23,2.4,震度１,29.3233,129.3733
2025-06-23 02:07:22,宮崎県南部平野部,51,3.5,震度１,31.6683,131.32
2025-06-23 01:32:03,トカラ列島近海,19,3.0,震度１,29.31,129.4
2025-06-23 01:25:18,トカラ列島近海,18,2.3,震度１,29.3117,129.4033
2025-06-23 01:14:13,トカラ列島近海,20,2.9,震度１,29.31,129.3783
2025-06-23 00:28:49,トカラ列島近海,19,2.4,震度１,29.33,129.325
2025-06-23 00:25:22,トカラ列島近海,19,2.6,震度１,29.32,129.4133
2025-06-23 00:22:19,トカラ列島近海,17,3.7,震度２,29.2883,129.4217
2025-06-23 00:21:18,トカラ列島近海,17,2.5,震度１,29.3017,129.4067
2025-06-23 00:15:08,トカラ列島近海,12,3.6,震度４,29.305,129.435
2025-06-23 00:14:37,トカラ列島近海,18,2.4,震度１,29.3517,129.3667
2025-06-23 00:13:09,トカラ列島近海,19,2.7,震度１,29.3083,129.3917
2025-06-23 00:11:20,トカラ列島近海,24,2.7,震度２,29.2933,129.345
2025-06-23 00:08:28,トカラ列島近海,27,2.9,震度１,29.335,129.2617
2025-06-23 00:07:46,トカラ列島近海,18,3.3,震度２,29.31,129.3983
2025-06-23 00:03:38,トカラ列島近海,19,2.7,震度１,29.3117,129.385
2025-06-23 00:00:47,トカラ列島近海,19,4.0,震度２,29.3167,129.3833
2025-06-22 22:34:10,トカラ列島近海,20,3.1,震度２,29.3167,129.375
2025-06-22 22:13:59,トカラ列島近海,19,3.3,震度２,29.2667,129.32
2025-06-22 20:59:12,トカラ列島近海,12,2.2,震度１,29.23,129.17
2025-06-22 20:57:57,トカラ列島近海,11,1.7,震度１,29.2583,129.1567
2025-06-22 20:28:43,トカラ列島近海,14,2.5,震度１,29.2783,129.39
2025-06-22 20:08:05,トカラ列島近海,14,4.1,震度３,29.33,129.19
2025-06-22 19:51:59,トカラ列島近海,17,3.5,震度２,29.3367,129.3483
2025-06-22 19:17:51,トカラ列島近海,15,2.6,震度１,29.2967,129.4033
2025-06-22 18:35:42,トカラ列島近海,13,2.3,震度１,29.2717,129.4167
2025-06-22 18:10:51,トカラ列島近海,8,3.0,震度２,29.305,129.325
2025-06-22 18:09:00,トカラ列島近海,19,2.4,震度１,29.3,129.3467
2025-06-22 18:04:40,トカラ列島近海,26,2.4,震度１,29.3633,129.4
2025-06-22 18:01:18,トカラ列島近海,16,3.0,震度１,29.2383,129.405
2025-06-22 17:58:46,トカラ列島近海,15,3.7,震度３,29.2767,129.3667
2025-06-22 17:57:56,トカラ列島近海,21,3.8,震度２,29.3283,129.305
2025-06-22 17:55:37,トカラ列島近海,12,3.1,震度１,29.2917,129.3217
2025-06-22 17:53:12,トカラ列島近海,22,2.5,震度１,29.3283,129.3017
2025-06-22 17:47:05,トカラ列島近海,20,2.7,震度１,29.2583,129.33
2025-06-22 17:45:35,トカラ列島近海,13,3.7,震度２,29.27,129.3317
2025-06-22 17:43:45,トカラ列島近海,14,3.2,震度１,29.275,129.335
2025-06-22 17:36:53,トカラ列島近海,13,2.4,震度１,29.2767,129.3783
2025-06-22 17:35:44,トカラ列島近海,12,3.2,震度２,29.275,129.405
2025-06-22 17:34:17,トカラ列島近海,21,2.9,震度１,29.2783,129.3267
2025-06-22 17:31:05,トカラ列島近海,17,3.4,震度２,29.2833,129.3333
2025-06-22 17:29:50,トカラ列島近海,24,4.1,震度２,29.3217,129.2133
2025-06-22 17:17:28,トカラ列島近海,15,3.8,震度２,29.32,129.3083
2025-06-22 17:15:02,トカラ列島近海,24,5.1,震度４,29.355,129.2833
2025-06-22 17:04:35,トカラ列島近海,20,2.9,震度１,29.29,129.3433
2025-06-22 16:38:00,トカラ列島近海,20,2.3,震度１,29.305,129.3483
2025-06-22 16:34:05,トカラ列島近海,19,2.9,震度２,29.31,129.34
2025-06-22 16:18:41,トカラ列島近海,19,2.5,震度１,29.32,129.3717
2025-06-22 16:10:09,トカラ列島近海,19,3.3,震度２,29.3,129.3533
2025-06-22 16:02:51,トカラ列島近海,18,3.0,震度１,29.3083,129.415
2025-06-22 15:32:43,トカラ列島近海,24,2.9,震度１,29.335,129.275
2025-06-22 15:22:24,トカラ列島近海,27,2.4,震度１,29.345,129.3033
2025-06-22 15:12:34,トカラ列島近海,20,2.6,震度１,29.3233,129.345
2025-06-22 15:01:31,トカラ列島近海,17,2.5,震度１,29.3083,129.3633
2025-06-22 14:38:54,トカラ列島近海,23,2.9,震度１,29.315,129.2683
2025-06-22 14:27:03,トカラ列島近海,19,4.2,震度２,29.2933,129.3833
2025-06-22 14:17:01,トカラ列島近海,21,3.3,震度２,29.3417,129.3367
2025-06-22 14:10:36,トカラ列島近海,17,2.9,震度２,29.3,129.3733
2025-06-22 14:06:41,トカラ列島近海,18,3.0,震度２,29.3133,129.3567
2025-06-22 13:50:21,トカラ列島近海,23,3.5,震度２,29.3,129.22
2025-06-22 13:42:39,トカラ列島近海,18,2.9,震度１,29.3033,129.38
2025-06-22 13:37:50,トカラ列島近海,18,4.0,震度２,29.33,129.345
2025-06-22 13:33:27,トカラ列島近海,12,2.9,震度１,29.2867,129.4133
2025-06-22 13:28:01,トカラ列島近海,14,2.4,震度１,29.305,129.39
2025-06-22 13:05:06,トカラ列島近海,19,2.9,震度２,29.3117,129.385
2025-06-22 12:57:09,トカラ列島近海,18,3.0,震度２,29.3233,129.3667
2025-06-22 12:43:59,トカラ列島近海,23,3.7,震度３,29.3083,129.2933
2025-06-22 12:41:59,トカラ列島近海,20,3.1,震度２,29.3167,129.3717
2025-06-22 12:40:00,トカラ列島近海,23,,震度１,29.3083,129.2517
2025-06-22 12:39:26,トカラ列島近海,1,,震度１,29.26,129.4467
2025-06-22 12:37:18,トカラ列島近海,20,4.4,震度３,29.3133,129.3383
2025-06-22 12:29:38,トカラ列島近海,15,2.8,震度１,29.2833,129.415
2025-06-22 12:25:19,トカラ列島近海,13,3.0,震度１,29.2917,129.43
2025-06-22 12:16:11,トカラ列島近海,17,3.2,震度１,29.31,129.365
2025-06-22 12:15:03,トカラ列島近海,19,3.1,震度２,29.2317,129.4083
2025-06-22 12:12:24,トカラ列島近海,19,4.5,震度４,29.3167,129.3817
2025-06-22 12:10:10,トカラ列島近海,18,,震度１,29.3133,129.3933
2025-06-22 11:58:30,トカラ列島近海,21,2.7,震度１,29.3033,129.2367
2025-06-22 11:55:22,トカラ列島近海,17,2.8,震度１,29.32,129.3817
2025-06-22 11:39:59,トカラ列島近海,12,2.8,震度１,29.2783,129.435
2025-06-22 11:35:57,トカラ列島近海,18,2.9,震度１,29.3033,129.345
2025-06-22 11:19:14,トカラ列島近海,18,2.7,震度１,29.3067,129.39
2025-06-22 11:11:09,根室半島南東沖,27,3.9,震度１,42.92,146.5767
2025-06-22 11:06:12,トカラ列島近海,21,2.8,震度１,29.2517,129.3267
2025-06-22 10:37:18,トカラ列島近海,21,2.6,震度１,29.31,129.3267
2025-06-22 10:35:07,トカラ列島近海,13,2.7,震度１,29.29,129.4267
2025-06-22 10:32:04,トカラ列島近海,16,2.8,震度１,29.2983,129.4017
2025-06-22 10:25:41,トカラ列島近海,18,3.3,震度２,29.33,129.3617
2025-06-22 10:18:12,トカラ列島近海,8,2.6,震度１,29.3017,129.4183
2025-06-22 10:04:27,トカラ列島近海,5,2.7,震度１,29.2917,129.4133
2025-06-22 09:58:42,トカラ列島近海,19,3.1,震度１,29.3133,129.385
2025-06-22 09:44:23,トカラ列島近海,16,2.6,震度１,29.2967,129.335
2025-06-22 09:18:49,トカラ列島近海,21,2.7,震度１,29.33,129.3733
2025-06-22 09:15:42,トカラ列島近海,19,4.5,震度３,29.3167,129.3833
2025-06-22 08:34:47,トカラ列島近海,18,3.1,震度２,29.2583,129.335
2025-06-22 07:27:25,トカラ列島近海,17,3.5,震度２,29.3017,129.375
2025-06-22 07:23:16,トカラ列島近海,27,2.6,震度１,29.34,129.1967
2025-06-22 06:53:46,根室半島南東沖,20,4.2,震度１,42.875,146.69
2025-06-22 06:39:59,トカラ列島近海,18,2.7,震度１,29.295,129.4183
2025-06-22 06:35:55,トカラ列島近海,22,2.6,震度１,29.305,129.305
2025-06-22 06:30:59,トカラ列島近海,11,3.0,震度２,29.26,129.455
2025-06-22 06:28:03,トカラ列島近海,16,2.8,震度１,29.2433,129.3683
2025-06-22 06:25:42,根室半島南東沖,20,5.1,震度２,42.87,146.5617
2025-06-22 06:23:19,根室半島南東沖,24,6.0,震度３,42.89,146.4917
2025-06-22 06:11:39,トカラ列島近海,16,2.9,震度１,29.305,129.3683
2025-06-22 06:04:07,トカラ列島近海,10,2.8,震度１,29.2717,129.42
2025-06-22 05:53:15,トカラ列島近海,21,4.6,震度３,29.315,129.3817
2025-06-22 05:48:58,トカラ列島近海,18,2.7,震度１,29.3067,129.3617
2025-06-22 05:45:13,トカラ列島近海,12,3.2,震度１,29.3017,129.4017
2025-06-22 05:39:57,伊豆大島近海,8,2.4,震度１,34.7917,139.265
2025-06-22 05:37:48,鹿児島県薩摩地方,0,1.5,震度１,31.8783,130.7133
2025-06-22 05:32:57,トカラ列島近海,25,2.8,震度１,29.32,129.2183
2025-06-22 05:31:51,伊豆大島近海,9,2.2,震度１,34.7933,139.2667
2025-06-22 05:25:40,トカラ列島近海,16,3.6,震度２,29.2867,129.3783
2025-06-22 05:24:36,トカラ列島近海,23,4.1,震度２,29.3367,129.285
2025-06-22 05:08:53,トカラ列島近海,12,2.7,震度１,29.29,129.425
2025-06-22 04:57:47,トカラ列島近海,17,2.7,震度１,29.3033,129.3617
2025-06-22 04:38:05,トカラ列島近海,15,3.1,震度１,29.285,129.3917
2025-06-22 04:37:07,トカラ列島近海,20,3.4,震度２,29.315,129.365
2025-06-22 04:31:28,トカラ列島近海,15,3.1,震度１,29.2867,129.39
2025-06-22 04:21:06,トカラ列島近海,16,2.7,震度１,29.3017,129.3567
2025-06-22 04:18:34,トカラ列島近海,8,3.1,震度２,29.26,129.4433
2025-06-22 04:13:15,トカラ列島近海,12,2.5,震度１,29.2883,129.4267
2025-06-22 04:13:13,福島県沖,61,3.7,震度１,37.0617,141.2517
2025-06-22 04:12:00,トカラ列島近海,15,3.0,震度１,29.285,129.4
2025-06-22 03:52:35,トカラ列島近海,16,3.0,震度１,29.27,129.3417
2025-06-22 03:45:07,トカラ列島近海,17,3.0,震度１,29.2583,129.3317
2025-06-22 03:35:38,トカラ列島近海,24,2.9,震度１,29.3083,129.2467
2025-06-22 03:30:06,トカラ列島近海,12,2.6,震度１,29.28,129.435
2025-06-22 03:18:52,トカラ列島近海,16,2.8,震度１,29.2983,129.385
2025-06-22 03:16:01,トカラ列島近海,17,2.9,震度１,29.2667,129.3633
2025-06-22 02:58:46,トカラ列島近海,18,2.9,震度２,29.3217,129.3917
2025-06-22 02:56:13,トカラ列島近海,21,2.8,震度１,29.3067,129.3617
2025-06-22 02:52:08,トカラ列島近海,20,4.5,震度３,29.3183,129.38
2025-06-22 02:31:07,トカラ列島近海,17,3.4,震度２,29.3017,129.4067
2025-06-22 02:19:07,トカラ列島近海,21,3.6,震度２,29.3133,129.37
2025-06-22 02:17:06,トカラ列島近海,17,2.6,震度１,29.3083,129.3717
2025-06-22 02:03:34,トカラ列島近海,21,2.4,震度１,29.3067,129.34
2025-06-22 01:48:35,トカラ列島近海,11,3.1,震度２,29.2733,129.4267
2025-06-22 01:44:47,トカラ列島近海,8,2.6,震度１,29.29,129.4567
2025-06-22 01:43:16,トカラ列島近海,19,2.9,震度１,29.3117,129.37
2025-06-22 01:08:50,トカラ列島近海,16,2.8,震度１,29.3083,129.375
2025-06-22 01:02:20,トカラ列島近海,27,2.5,震度１,29.325,129.2833
2025-06-22 00:58:45,トカラ列島近海,18,2.7,震度１,29.305,129.39
2025-06-22 00:05:23,根室半島南東沖,22,5.0,震度２,42.8917,146.62
2025-06-21 23:31:55,トカラ列島近海,20,4.1,震度３,29.2867,129.41
2025-06-21 23:10:56,トカラ列島近海,17,4.3,震度３,29.29,129.4117
2025-06-21 22:55:25,トカラ列島近海,17,2.2,震度１,29.3083,129.4083
2025-06-21 22:26:59,トカラ列島近海,16,2.5,震度１,29.3133,129.3733
2025-06-21 22:25:47,トカラ列島近海,13,2.5,震度１,29.2917,129.475
2025-06-21 22:23:25,トカラ列島近海,20,2.8,震度２,29.3183,129.38
2025-06-21 22:16:47,トカラ列島近海,16,2.8,震度１,29.29,129.4133
2025-06-21 22:11:21,トカラ列島近海,17,2.8,震度１,29.3033,129.3917
2025-06-21 22:00:40,トカラ列島近海,19,2.8,震度１,29.3,129.3817
2025-06-21 21:24:07,トカラ列島近海,19,2.3,震度１,29.295,129.3717
2025-06-21 20:52:18,トカラ列島近海,17,2.6,震度１,29.2933,129.3717
2025-06-21 17:31:41,トカラ列島近海,16,2.7,震度１,29.2883,129.4133
2025-06-21 15:57:48,トカラ列島近海,20,2.8,震度１,29.3017,129.3833
2025-06-21 15:31:20,トカラ列島近海,19,2.8,震度１,29.305,129.3817
2025-06-21 15:28:30,トカラ列島近海,17,2.8,震度１,29.3,129.3967
2025-06-21 14:26:48,トカラ列島近海,16,2.4,震度１,29.295,129.4
2025-06-21 14:16:46,トカラ列島近海,20,2.5,震度１,29.3,129.3817
2025-06-21 14:11:09,トカラ列島近海,21,2.8,震度１,29.3083,129.37
2025-06-21 13:22:18,トカラ列島近海,21,2.8,震度１,29.315,129.3533
2025-06-21 13:15:27,トカラ列島近海,21,3.1,震度１,29.31,129.3667
2025-06-21 12:23:00,トカラ列島近海,19,2.8,震度１,29.305,129.3733
2025-06-21 12:14:22,トカラ列島近海,18,2.4,震度１,29.3033,129.375
2025-06-21 10:34:50,トカラ列島近海,19,2.6,震度１,29.3033,129.3683
2025-06-21 10:33:16,トカラ列島近海,20,3.4,震度１,29.3033,129.3817
2025-06-21 10:07:34,トカラ列島近海,19,2.6,震度１,29.295,129.38
2025-06-21 09:56:54,トカラ列島近海,20,3.4,震度１,29.3067,129.375
2025-06-21 09:02:27,トカラ列島近海,21,3.2,震度２,29.31,129.3683
2025-06-21 08:13:54,トカラ列島近海,20,2.5,震度１,29.3017,129.3817
2025-06-21 05:32:41,伊予灘,50,3.1,震度１,33.53,132.1583
2025-06-21 01:37:15,根室半島南東沖,24,4.1,震度１,42.89,146.4483
2025-06-20 19:54:57,千葉県北西部,69,3.3,震度１,35.6883,140.14
2025-06-20 11:33:40,能登半島沖,14,3.3,震度１,37.5283,137.2033
2025-06-20 10:38:17,沖縄本島近海,14,2.6,震度１,26.4267,126.8483
2025-06-20 09:45:52,千葉県南東沖,57,4.2,震度１,34.7733,140.5317
2025-06-19 17:45:59,奄美大島近海,33,4.0,震度２,28.2233,129.4883
2025-06-19 16:37:03,三宅島近海,23,4.7,震度２,33.6417,139.555
2025-06-19 11:35:25,根室半島南東沖,22,3.7,震度１,42.9267,146.4533
2025-06-19 10:53:35,青森県東方沖,45,4.2,震度２,40.6467,142.3983
2025-06-19 10:27:10,茨城県南部,46,3.2,震度１,36.0983,139.9883
2025-06-19 08:08:07,根室半島南東沖,25,6.0,震度４,42.9117,146.5117
2025-06-19 07:39:22,宮古島近海,28,3.8,震度１,24.905,125.42
2025-06-19 06:30:23,宮城県沖,66,3.1,震度１,38.8633,141.6633
2025-06-18 21:30:10,日向灘,25,4.7,震度２,32.08,131.93
2025-06-18 08:27:41,福島県会津,4,1.9,震度１,36.9733,139.3917
2025-06-18 06:44:11,石川県能登地方,14,2.6,震度１,37.5267,137.3017
2025-06-17 18:27:51,周防灘,13,3.0,震度１,33.9267,131.7767
2025-06-17 11:07:21,房総半島南方沖,105,4.0,震度１,34.505,140.3133
2025-06-16 18:56:57,十勝沖,60,3.8,震度１,42.4433,144.1483
2025-06-16 11:42:01,宮城県沖,46,3.9,震度２,38.8933,142.3267
2025-06-16 11:23:21,茨城県北部,10,2.5,震度１,36.7483,140.58
2025-06-14 20:58:28,福井県嶺北,11,2.1,震度１,36.2617,136.265
2025-06-14 19:46:58,宮城県沖,41,5.0,震度２,38.4583,142.1417
2025-06-14 08:43:01,宮城県沖,52,3.6,震度１,38.54,141.7333
2025-06-14 03:35:16,千島列島,30,6.2,震度１,45.6017,153.0767
2025-06-14 01:52:03,茨城県北部,7,3.0,震度１,36.7833,140.5583
2025-06-13 18:20:48,根室半島南東沖,90,3.8,震度１,43.3967,146.2017
2025-06-13 15:18:29,千葉県北西部,75,4.2,震度２,35.6667,140.07
2025-06-13 07:00:09,熊本県天草・芦北地方,8,1.9,震度１,32.1533,130.4317
2025-06-13 03:02:25,岩手県沖,42,3.8,震度１,39.0933,142.2133
2025-06-12 12:49:21,三重県南東沖,47,4.8,震度１,33.505,138.1033
2025-06-12 08:19:56,茨城県沖,52,3.3,震度１,36.4317,140.7017
2025-06-12 07:11:19,鹿児島県薩摩地方,8,3.0,震度２,31.81,130.29
2025-06-12 06:46:45,熊本県熊本地方,11,2.7,震度２,32.7617,130.7033
2025-06-12 00:21:16,釧路沖,33,3.9,震度１,42.615,144.6617
2025-06-11 20:00:28,台湾付近,38,6.0,震度２,23.3767,121.5867
2025-06-11 19:44:42,茨城県沖,41,3.7,震度１,36.3867,141.0317
2025-06-11 18:30:42,釧路沖,23,4.6,震度２,42.3533,144.5133
2025-06-11 14:44:25,石川県能登地方,9,2.6,震度１,37.5133,137.2967
2025-06-11 06:40:26,福井県嶺南,13,2.9,震度１,35.44,135.8783
2025-06-11 04:48:37,日向灘,20,3.7,震度２,32.0217,132.115
2025-06-10 23:19:42,茨城県沖,40,3.4,震度１,36.23,140.9967
2025-06-10 20:33:07,伊豆大島近海,14,3.2,震度１,34.55,139.42
2025-06-10 12:56:04,石川県能登地方,12,2.6,震度１,37.34,136.99
2025-06-10 05:57:25,石川県能登地方,12,2.6,震度１,37.4767,137.3083
2025-06-09 08:15:16,千葉県北西部,68,3.1,震度１,35.6567,140.2017
2025-06-09 06:41:53,山口県北西沖,15,3.3,震度１,34.715,131.2817
2025-06-09 05:28:19,新島・神津島近海,11,2.8,震度２,34.515,139.215
2025-06-09 03:18:41,福島県会津,4,1.6,震度１,36.9617,139.3817
2025-06-08 18:58:01,茨城県北部,57,3.8,震度３,36.5283,140.57
2025-06-08 17:37:50,和歌山県北部,6,2.0,震度１,34.2383,135.21
2025-06-08 01:16:32,長野県中部,6,2.8,震度１,36.185,137.6683
2025-06-08 00:13:55,熊本県熊本地方,9,2.6,震度１,32.78,130.63
2025-06-07 22:51:41,浦河沖,38,3.3,震度１,41.8767,143.0433
2025-06-07 14:40:16,青森県東方沖,43,4.4,震度２,41.1867,142.5717
2025-06-07 12:40:31,安芸灘,46,3.0,震度１,33.93,132.4833
2025-06-07 09:56:52,熊本県熊本地方,10,1.8,震度１,32.7483,130.7233
2025-06-06 13:48:01,石川県西方沖,10,4.3,震度２,37.1033,136.43
2025-06-06 04:19:06,有明海,11,3.0,震度１,32.7967,130.54
2025-06-06 04:17:55,有明海,11,2.6,震度１,32.795,130.5417
2025-06-06 03:00:36,沖縄本島近海,43,3.4,震度２,27.4117,128.6433
2025-06-06 02:35:00,福島県会津,4,2.1,震度２,36.9717,139.3867
2025-06-05 23:51:25,福島県沖,63,4.6,震度３,37.7617,141.72
2025-06-05 19:02:47,沖縄本島近海,14,2.4,震度１,26.2467,127.8833
2025-06-05 16:01:25,福島県沖,65,3.5,震度１,37.28,141.24
2025-06-05 11:27:00,天草灘,14,3.4,震度１,32.3417,129.7533
2025-06-05 04:55:19,釧路沖,21,4.5,震度２,42.36,144.565
2025-06-04 06:41:46,長野県南部,3,1.0,震度１,35.8017,137.5533
2025-06-04 00:15:34,宮城県沖,56,4.1,震度１,38.0217,141.8567
2025-06-03 22:18:27,十勝沖,33,5.2,震度３,41.7467,143.6267
2025-06-03 20:17:52,豊後水道,45,4.3,震度３,33.25,132.225
2025-06-03 06:53:05,上川地方北部,0,2.2,震度１,44.3867,142.4067
2025-06-03 05:00:09,岩手県内陸北部,4,3.1,震度２,39.8533,140.9917
2025-06-03 04:46:56,茨城県南部,37,3.3,震度１,36.0333,140.43
2025-06-02 18:26:33,和歌山県南部,52,3.3,震度１,33.8817,135.5583
2025-06-02 15:46:07,福島県沖,62,4.5,震度２,37.85,141.74
2025-06-02 12:16:37,茨城県南部,52,3.3,震度１,36.1917,140.12
2025-06-02 11:31:18,宮城県沖,30,4.8,震度３,38.42,142.2133
2025-06-02 09:56:35,茨城県北部,6,3.6,震度２,36.8217,140.5883
2025-06-02 08:50:16,和歌山県南部,53,3.8,震度２,33.875,135.56
2025-06-02 07:31:11,東京都多摩西部,9,2.7,震度１,35.8067,139.105
2025-06-02 04:08:34,十勝沖,28,4.6,震度２,41.755,143.655
2025-06-02 03:51:54,十勝沖,27,6.1,震度４,41.715,143.7183
2025-06-02 01:10:16,伊豆大島近海,10,2.2,震度１,34.8083,139.2117
2025-06-01 08:07:16,青森県東方沖,54,3.0,震度１,40.7417,142.1417
2025-06-01 06:47:48,兵庫県南東部,16,3.1,震度１,34.8533,134.8717
2025-06-01 01:56:36,宮城県沖,41,4.1,震度１,38.48,142.1517
