地震の発生日時,震央地名,深さ,マグニチュード,震度
2025-06-28 23:31:00,トカラ列島近海,20,3.1,震度１
2025-06-28 22:13:00,トカラ列島近海,20,2.3,震度１
2025-06-28 19:23:00,トカラ列島近海,20,2.5,震度１
2025-06-28 19:09:00,トカラ列島近海,20,2.8,震度１
2025-06-28 18:58:00,トカラ列島近海,20,3.1,震度２
2025-06-28 18:51:00,トカラ列島近海,20,2.9,震度１
2025-06-28 18:43:00,トカラ列島近海,20,2.8,震度１
2025-06-28 16:43:00,新島・神津島近海,10,1.9,震度１
2025-06-28 15:11:00,愛知県西部,40,3.0,震度１
2025-06-28 15:11:00,トカラ列島近海,20,2.9,震度１
2025-06-28 14:45:00,トカラ列島近海,20,2.9,震度１
2025-06-28 14:27:00,トカラ列島近海,20,3.0,震度１
2025-06-28 13:54:00,トカラ列島近海,20,4.4,震度２
2025-06-28 13:52:00,トカラ列島近海,20,3.3,震度２
2025-06-28 13:00:00,トカラ列島近海,20,3.4,震度１
2025-06-28 11:54:00,トカラ列島近海,20,2.7,震度１
2025-06-28 11:51:00,トカラ列島近海,20,2.2,震度１
2025-06-28 11:43:00,トカラ列島近海,20,2.5,震度１
2025-06-28 11:12:00,トカラ列島近海,20,4.4,震度３
2025-06-28 10:47:00,トカラ列島近海,20,3.0,震度１
2025-06-28 10:31:00,トカラ列島近海,20,2.8,震度１
2025-06-28 10:20:00,トカラ列島近海,20,3.1,震度２
2025-06-28 10:18:00,トカラ列島近海,20,2.9,震度１
2025-06-28 09:55:00,トカラ列島近海,20,2.8,震度１
2025-06-28 09:53:00,トカラ列島近海,20,2.9,震度１
2025-06-28 09:43:00,トカラ列島近海,20,2.8,震度１
2025-06-28 09:31:00,トカラ列島近海,20,2.6,震度１
2025-06-28 09:29:00,トカラ列島近海,20,2.6,震度１
2025-06-28 09:22:00,トカラ列島近海,20,2.7,震度１
2025-06-28 09:15:00,トカラ列島近海,20,4.3,震度３
2025-06-28 09:07:00,トカラ列島近海,20,3.0,震度１
2025-06-28 09:04:00,トカラ列島近海,20,2.5,震度１
2025-06-28 09:01:00,トカラ列島近海,20,2.6,震度１
2025-06-28 08:55:00,トカラ列島近海,20,3.0,震度１
2025-06-28 06:57:00,石川県能登地方,10,3.0,震度１
2025-06-28 02:38:00,トカラ列島近海,20,2.6,震度１
2025-06-28 02:01:00,トカラ列島近海,20,2.6,震度１
2025-06-27 22:52:00,トカラ列島近海,20,4.0,震度２
2025-06-27 22:16:00,トカラ列島近海,20,2.7,震度１
2025-06-27 20:25:00,群馬県北部,10,3.1,震度２
2025-06-27 19:58:00,トカラ列島近海,20,2.7,震度１
2025-06-27 19:47:00,トカラ列島近海,10,2.9,震度１
2025-06-27 18:44:00,釧路沖,30,4.1,震度２
2025-06-27 15:00:00,トカラ列島近海,20,2.4,震度１
2025-06-27 13:59:00,トカラ列島近海,20,2.5,震度１
2025-06-27 13:20:00,トカラ列島近海,10,2.6,震度１
2025-06-27 13:17:00,トカラ列島近海,20,4.8,震度３
2025-06-27 12:38:00,トカラ列島近海,30,3.1,震度１
2025-06-27 11:31:00,トカラ列島近海,20,2.7,震度１
2025-06-27 09:04:00,トカラ列島近海,10,3.1,震度１
2025-06-27 08:56:00,茨城県北部,60,4.4,震度３
2025-06-27 08:15:00,トカラ列島近海,20,2.7,震度１
2025-06-27 08:00:00,トカラ列島近海,20,2.2,震度１
2025-06-27 06:30:00,トカラ列島近海,20,2.8,震度１
2025-06-27 06:07:00,トカラ列島近海,20,3.0,震度２
2025-06-27 02:32:00,トカラ列島近海,20,2.5,震度１
2025-06-26 19:58:00,トカラ列島近海,20,2.7,震度１
2025-06-26 14:18:00,トカラ列島近海,20,2.8,震度１
2025-06-26 10:48:00,トカラ列島近海,20,3.7,震度２
2025-06-26 10:42:00,長野県中部,10,2.5,震度１
2025-06-26 09:10:00,トカラ列島近海,20,3.4,震度２
2025-06-26 08:37:00,トカラ列島近海,20,3.3,震度２
2025-06-26 07:20:00,トカラ列島近海,20,2.7,震度１
2025-06-26 07:05:00,トカラ列島近海,20,3.0,震度２
2025-06-26 06:27:00,トカラ列島近海,10,3.1,震度２
2025-06-26 06:13:00,トカラ列島近海,10,2.9,震度１
2025-06-26 06:00:00,トカラ列島近海,10,2.7,震度１
2025-06-26 04:19:00,トカラ列島近海,10,3.1,震度１
2025-06-26 02:22:00,トカラ列島近海,30,2.3,震度１
2025-06-26 02:21:00,トカラ列島近海,10,3.1,震度２
2025-06-25 23:19:00,トカラ列島近海,20,2.8,震度１
2025-06-25 23:17:00,トカラ列島近海,20,3.2,震度１
2025-06-25 23:09:00,トカラ列島近海,20,2.9,震度１
2025-06-25 20:57:00,トカラ列島近海,10,2.0,震度１
2025-06-25 20:34:00,トカラ列島近海,20,3.7,震度２
2025-06-25 20:14:00,トカラ列島近海,20,2.6,震度１
2025-06-25 19:53:00,トカラ列島近海,10,2.3,震度１
2025-06-25 19:51:00,トカラ列島近海,10,2.1,震度１
2025-06-25 19:43:00,トカラ列島近海,10,1.9,震度１
2025-06-25 19:39:00,トカラ列島近海,10,3.8,震度３
2025-06-25 19:35:00,トカラ列島近海,10,3.4,震度３
2025-06-25 19:26:00,トカラ列島近海,20,2.6,震度１
2025-06-25 18:13:00,トカラ列島近海,20,3.1,震度１
2025-06-25 17:42:00,トカラ列島近海,20,2.8,震度１
2025-06-25 17:31:00,トカラ列島近海,20,2.7,震度１
2025-06-25 15:22:00,トカラ列島近海,20,2.7,震度１
2025-06-25 15:11:00,トカラ列島近海,20,3.1,震度２
2025-06-25 15:04:00,トカラ列島近海,20,2.8,震度１
2025-06-25 14:59:00,トカラ列島近海,20,4.0,震度２
2025-06-25 14:56:00,トカラ列島近海,20,2.5,震度１
2025-06-25 14:47:00,トカラ列島近海,20,4.4,震度３
2025-06-25 14:16:00,トカラ列島近海,20,3.1,震度２
2025-06-25 14:11:00,トカラ列島近海,20,3.1,震度１
2025-06-25 14:09:00,トカラ列島近海,10,2.5,震度１
2025-06-25 14:00:00,トカラ列島近海,20,2.5,震度１
2025-06-25 13:56:00,トカラ列島近海,20,2.7,震度１
2025-06-25 13:51:00,茨城県沖,50,4.3,震度４
2025-06-25 13:51:00,トカラ列島近海,20,2.9,震度１
2025-06-25 13:44:00,トカラ列島近海,20,3.1,震度２
2025-06-25 13:40:00,トカラ列島近海,10,2.6,震度１
2025-06-25 13:37:00,トカラ列島近海,20,2.8,震度１
2025-06-25 13:33:00,トカラ列島近海,20,2.8,震度１
2025-06-25 13:18:00,トカラ列島近海,10,2.2,震度１
2025-06-25 13:15:00,トカラ列島近海,20,2.5,震度１
2025-06-25 13:14:00,トカラ列島近海,20,3.6,震度２
2025-06-25 13:09:00,トカラ列島近海,20,2.6,震度１
2025-06-25 13:03:00,トカラ列島近海,20,3.2,震度２
2025-06-25 12:55:00,トカラ列島近海,20,2.6,震度１
2025-06-25 12:54:00,トカラ列島近海,20,2.6,震度１
2025-06-25 12:50:00,トカラ列島近海,10,2.9,震度１
2025-06-25 12:39:00,トカラ列島近海,20,3.2,震度１
2025-06-25 12:36:00,トカラ列島近海,20,2.8,震度１
2025-06-25 12:31:00,トカラ列島近海,20,2.9,震度１
2025-06-25 12:19:00,トカラ列島近海,20,2.8,震度２
2025-06-25 12:00:00,トカラ列島近海,20,2.2,震度１
2025-06-25 11:16:00,トカラ列島近海,20,2.7,震度１
2025-06-25 11:05:00,福島県会津,0,2.8,震度２
2025-06-25 08:28:00,トカラ列島近海,20,3.2,震度２
2025-06-25 08:03:00,トカラ列島近海,20,2.8,震度２
2025-06-25 07:21:00,トカラ列島近海,20,2.7,震度１
2025-06-25 07:09:00,トカラ列島近海,20,2.6,震度１
2025-06-25 07:04:00,トカラ列島近海,20,2.3,震度１
2025-06-25 06:48:00,トカラ列島近海,20,2.2,震度１
2025-06-25 06:36:00,トカラ列島近海,20,2.5,震度１
2025-06-25 05:49:00,トカラ列島近海,20,3.5,震度２
2025-06-25 05:05:00,トカラ列島近海,20,3.2,震度２
2025-06-25 04:29:00,トカラ列島近海,20,2.7,震度１
2025-06-25 04:04:00,トカラ列島近海,20,3.0,震度１
2025-06-25 03:59:00,トカラ列島近海,20,2.4,震度１
2025-06-25 03:40:00,トカラ列島近海,20,3.3,震度２
2025-06-25 02:31:00,トカラ列島近海,20,2.9,震度１
2025-06-25 01:58:00,トカラ列島近海,20,2.8,震度１
2025-06-25 01:34:00,トカラ列島近海,20,3.2,震度２
2025-06-25 01:08:00,トカラ列島近海,20,2.5,震度１
2025-06-25 01:06:00,トカラ列島近海,20,3.4,震度１
2025-06-25 00:40:00,トカラ列島近海,20,3.5,震度２
2025-06-25 00:26:00,トカラ列島近海,10,2.0,震度１
2025-06-25 00:11:00,トカラ列島近海,20,3.6,震度２
2025-06-24 23:46:00,トカラ列島近海,10,2.5,震度１
2025-06-24 23:44:00,トカラ列島近海,10,2.7,震度１
2025-06-24 23:43:00,トカラ列島近海,20,2.1,震度１
2025-06-24 22:30:00,トカラ列島近海,20,2.5,震度１
2025-06-24 22:29:00,トカラ列島近海,20,2.3,震度１
2025-06-24 22:15:00,トカラ列島近海,20,2.4,震度１
2025-06-24 22:03:00,トカラ列島近海,20,3.5,震度２
2025-06-24 21:40:00,トカラ列島近海,20,3.3,震度２
2025-06-24 21:32:00,トカラ列島近海,20,2.9,震度１
2025-06-24 21:30:00,トカラ列島近海,20,2.8,震度１
2025-06-24 21:13:00,トカラ列島近海,20,2.7,震度１
2025-06-24 21:11:00,トカラ列島近海,10,2.9,震度１
2025-06-24 20:49:00,トカラ列島近海,20,3.1,震度２
2025-06-24 20:18:00,トカラ列島近海,10,2.4,震度２
2025-06-24 20:02:00,トカラ列島近海,10,1.9,震度１
2025-06-24 19:58:00,トカラ列島近海,20,2.9,震度１
2025-06-24 19:27:00,トカラ列島近海,10,2.4,震度１
2025-06-24 19:12:00,トカラ列島近海,20,2.9,震度１
2025-06-24 18:44:00,トカラ列島近海,20,2.3,震度１
2025-06-24 18:35:00,トカラ列島近海,20,3.1,震度１
2025-06-24 18:33:00,トカラ列島近海,20,2.6,震度１
2025-06-24 18:03:00,トカラ列島近海,20,2.5,震度１
2025-06-24 17:49:00,トカラ列島近海,20,3.1,震度２
2025-06-24 17:44:00,トカラ列島近海,20,2.5,震度１
2025-06-24 17:11:00,トカラ列島近海,20,2.5,震度１
2025-06-24 17:05:00,トカラ列島近海,20,2.7,震度１
2025-06-24 17:01:00,トカラ列島近海,20,3.2,震度２
2025-06-24 16:54:00,トカラ列島近海,20,4.3,震度２
2025-06-24 16:15:00,トカラ列島近海,20,3.1,震度１
2025-06-24 16:07:00,トカラ列島近海,10,3.3,震度１
2025-06-24 16:04:00,トカラ列島近海,20,5.0,震度４
2025-06-24 13:51:00,トカラ列島近海,20,3.4,震度２
2025-06-24 13:41:00,トカラ列島近海,20,2.6,震度１
2025-06-24 13:10:00,トカラ列島近海,20,2.7,震度１
2025-06-24 13:10:00,栃木県南部,10,2.6,震度１
2025-06-24 12:49:00,トカラ列島近海,20,3.3,震度２
2025-06-24 12:42:00,トカラ列島近海,20,3.4,震度２
2025-06-24 11:41:00,トカラ列島近海,20,2.7,震度１
2025-06-24 11:14:00,トカラ列島近海,20,3.3,震度１
2025-06-24 10:33:00,トカラ列島近海,20,2.4,震度１
2025-06-24 08:40:00,トカラ列島近海,20,3.6,震度２
2025-06-24 08:10:00,トカラ列島近海,20,2.2,震度１
2025-06-24 08:08:00,トカラ列島近海,20,3.1,震度１
2025-06-24 07:52:00,トカラ列島近海,20,2.4,震度１
2025-06-24 07:09:00,トカラ列島近海,20,2.7,震度１
2025-06-24 07:02:00,トカラ列島近海,20,2.9,震度２
2025-06-24 06:56:00,トカラ列島近海,20,3.4,震度２
2025-06-24 06:47:00,トカラ列島近海,20,3.4,震度２
2025-06-24 06:39:00,トカラ列島近海,20,3.1,震度２
2025-06-24 06:26:00,トカラ列島近海,20,2.5,震度１
2025-06-24 06:05:00,トカラ列島近海,20,2.6,震度１
2025-06-24 05:44:00,岐阜県飛騨地方,0,2.3,震度１
2025-06-24 05:32:00,トカラ列島近海,20,2.8,震度１
2025-06-24 02:55:00,釧路沖,20,4.8,震度２
2025-06-24 02:38:00,トカラ列島近海,10,3.2,震度２
2025-06-24 02:29:00,トカラ列島近海,10,2.6,震度１
2025-06-24 02:23:00,トカラ列島近海,20,4.9,震度４
2025-06-24 02:12:00,トカラ列島近海,20,2.7,震度１
2025-06-24 02:02:00,トカラ列島近海,20,3.0,震度２
2025-06-24 01:40:00,トカラ列島近海,20,2.7,震度１
2025-06-24 00:08:00,トカラ列島近海,20,3.7,震度３
2025-06-24 00:03:00,トカラ列島近海,10,2.7,震度２
2025-06-23 23:58:00,トカラ列島近海,20,2.4,震度１
2025-06-23 23:54:00,トカラ列島近海,20,2.9,震度１
2025-06-23 23:52:00,トカラ列島近海,10,2.7,震度１
2025-06-23 23:47:00,トカラ列島近海,20,4.0,震度３
2025-06-23 23:36:00,トカラ列島近海,20,5.0,震度４
2025-06-23 23:27:00,トカラ列島近海,20,2.7,震度１
2025-06-23 23:25:00,トカラ列島近海,20,2.9,震度１
2025-06-23 23:20:00,トカラ列島近海,20,3.3,震度２
2025-06-23 23:17:00,トカラ列島近海,20,4.3,震度３
2025-06-23 23:11:00,トカラ列島近海,10,2.6,震度１
2025-06-23 23:07:00,トカラ列島近海,20,2.5,震度１
2025-06-23 23:05:00,トカラ列島近海,20,3.1,震度１
2025-06-23 22:52:00,トカラ列島近海,20,3.4,震度２
2025-06-23 22:45:00,トカラ列島近海,20,3.6,震度２
2025-06-23 22:40:00,トカラ列島近海,20,3.9,震度３
2025-06-23 22:35:00,トカラ列島近海,20,3.0,震度１
2025-06-23 22:31:00,トカラ列島近海,20,2.5,震度１
2025-06-23 22:28:00,トカラ列島近海,20,2.6,震度１
2025-06-23 22:23:00,トカラ列島近海,20,3.0,震度２
2025-06-23 22:20:00,トカラ列島近海,20,2.6,震度１
2025-06-23 22:10:00,トカラ列島近海,20,3.1,震度２
2025-06-23 22:03:00,トカラ列島近海,20,3.4,震度２
2025-06-23 21:41:00,トカラ列島近海,20,2.7,震度１
2025-06-23 21:09:00,トカラ列島近海,20,2.6,震度１
2025-06-23 21:05:00,トカラ列島近海,10,2.9,震度１
2025-06-23 20:50:00,トカラ列島近海,20,2.0,震度１
2025-06-23 20:32:00,トカラ列島近海,20,2.9,震度１
2025-06-23 20:19:00,トカラ列島近海,20,2.7,震度１
2025-06-23 20:13:00,トカラ列島近海,20,3.3,震度２
2025-06-23 20:05:00,トカラ列島近海,20,2.7,震度１
2025-06-23 19:37:00,トカラ列島近海,20,2.7,震度１
2025-06-23 19:14:00,トカラ列島近海,20,3.5,震度２
2025-06-23 19:09:00,トカラ列島近海,20,2.5,震度１
2025-06-23 18:41:00,浦河沖,70,3.8,震度１
2025-06-23 18:36:00,トカラ列島近海,20,2.8,震度１
2025-06-23 18:33:00,トカラ列島近海,20,2.5,震度１
2025-06-23 18:15:00,トカラ列島近海,20,2.7,震度１
2025-06-23 18:11:00,トカラ列島近海,20,2.8,震度１
2025-06-23 17:52:00,トカラ列島近海,20,2.8,震度２
2025-06-23 17:48:00,トカラ列島近海,10,3.5,震度２
2025-06-23 17:45:00,トカラ列島近海,20,3.3,震度２
2025-06-23 17:28:00,トカラ列島近海,10,3.4,震度１
2025-06-23 17:12:00,トカラ列島近海,20,3.4,震度２
2025-06-23 17:02:00,トカラ列島近海,20,2.7,震度１
2025-06-23 16:56:00,トカラ列島近海,20,3.4,震度１
2025-06-23 16:51:00,トカラ列島近海,20,3.6,震度２
2025-06-23 16:48:00,トカラ列島近海,20,3.0,震度１
2025-06-23 16:46:00,トカラ列島近海,10,4.7,震度３
2025-06-23 16:41:00,トカラ列島近海,20,2.5,震度１
2025-06-23 16:40:00,奄美大島北西沖,20,2.9,震度１
2025-06-23 16:36:00,トカラ列島近海,20,3.0,震度１
2025-06-23 16:26:00,トカラ列島近海,20,3.2,震度１
2025-06-23 16:20:00,トカラ列島近海,10,2.2,震度１
2025-06-23 16:19:00,トカラ列島近海,20,4.1,震度２
2025-06-23 16:16:00,トカラ列島近海,20,3.2,震度１
2025-06-23 16:06:00,トカラ列島近海,10,2.8,震度１
2025-06-23 16:00:00,トカラ列島近海,20,3.0,震度１
2025-06-23 15:50:00,トカラ列島近海,20,2.9,震度１
2025-06-23 15:43:00,トカラ列島近海,20,3.0,震度１
2025-06-23 15:42:00,トカラ列島近海,20,2.9,震度２
2025-06-23 15:37:00,トカラ列島近海,20,2.9,震度１
2025-06-23 15:32:00,トカラ列島近海,20,2.4,震度１
2025-06-23 15:25:00,トカラ列島近海,20,3.0,震度１
2025-06-23 14:44:00,トカラ列島近海,10,2.9,震度２
2025-06-23 14:36:00,トカラ列島近海,20,3.2,震度１
2025-06-23 14:32:00,トカラ列島近海,20,2.8,震度１
2025-06-23 14:31:00,トカラ列島近海,20,2.9,震度１
2025-06-23 14:26:00,トカラ列島近海,20,2.6,震度１
2025-06-23 14:16:00,トカラ列島近海,20,3.0,震度１
2025-06-23 14:15:00,トカラ列島近海,20,3.1,震度１
2025-06-23 14:05:00,トカラ列島近海,20,2.8,震度１
2025-06-23 14:02:00,トカラ列島近海,20,2.7,震度１
2025-06-23 14:00:00,トカラ列島近海,20,3.0,震度１
2025-06-23 13:58:00,トカラ列島近海,20,2.6,震度１
2025-06-23 13:54:00,トカラ列島近海,10,2.5,震度１
2025-06-23 13:45:00,トカラ列島近海,20,3.4,震度２
2025-06-23 13:25:00,トカラ列島近海,10,3.0,震度１
2025-06-23 13:24:00,トカラ列島近海,10,3.7,震度２
2025-06-23 13:19:00,トカラ列島近海,20,2.6,震度１
2025-06-23 13:01:00,トカラ列島近海,20,2.6,震度１
2025-06-23 12:48:00,トカラ列島近海,20,2.7,震度１
2025-06-23 12:45:00,トカラ列島近海,10,2.7,震度１
2025-06-23 12:36:00,トカラ列島近海,20,2.7,震度１
2025-06-23 12:33:00,トカラ列島近海,20,4.2,震度２
2025-06-23 12:30:00,トカラ列島近海,20,2.7,震度１
2025-06-23 12:19:00,トカラ列島近海,20,2.5,震度１
2025-06-23 12:14:00,トカラ列島近海,30,2.7,震度３
2025-06-23 12:11:00,トカラ列島近海,20,2.4,震度１
2025-06-23 12:08:00,トカラ列島近海,20,2.3,震度１
2025-06-23 12:04:00,トカラ列島近海,20,3.1,震度２
2025-06-23 12:03:00,トカラ列島近海,20,2.9,震度１
2025-06-23 11:59:00,トカラ列島近海,10,2.6,震度１
2025-06-23 11:56:00,トカラ列島近海,10,2.6,震度１
2025-06-23 11:50:00,トカラ列島近海,20,2.5,震度１
2025-06-23 11:46:00,トカラ列島近海,10,3.3,震度２
2025-06-23 11:45:00,トカラ列島近海,20,2.6,震度２
2025-06-23 11:42:00,トカラ列島近海,20,2.8,震度１
2025-06-23 11:37:00,トカラ列島近海,20,2.8,震度１
2025-06-23 11:34:00,トカラ列島近海,20,2.7,震度１
2025-06-23 11:32:00,トカラ列島近海,20,3.2,震度２
2025-06-23 11:28:00,トカラ列島近海,30,2.6,震度１
2025-06-23 11:23:00,トカラ列島近海,20,2.9,震度１
2025-06-23 11:20:00,トカラ列島近海,20,3.2,震度１
2025-06-23 11:18:00,トカラ列島近海,20,3.1,震度１
2025-06-23 11:14:00,トカラ列島近海,20,2.7,震度１
2025-06-23 11:10:00,トカラ列島近海,10,4.0,震度３
2025-06-23 10:57:00,トカラ列島近海,20,2.5,震度１
2025-06-23 10:34:00,トカラ列島近海,20,2.9,震度１
2025-06-23 10:30:00,トカラ列島近海,10,2.6,震度１
2025-06-23 10:23:00,トカラ列島近海,20,3.2,震度２
2025-06-23 10:16:00,トカラ列島近海,20,3.7,震度２
2025-06-23 10:13:00,トカラ列島近海,20,4.5,震度３
2025-06-23 10:05:00,トカラ列島近海,20,2.9,震度１
2025-06-23 09:46:00,トカラ列島近海,20,2.9,震度１
2025-06-23 09:44:00,トカラ列島近海,20,2.8,震度１
2025-06-23 09:10:00,トカラ列島近海,20,2.9,震度１
2025-06-23 09:07:00,トカラ列島近海,20,3.5,震度２
2025-06-23 09:06:00,トカラ列島近海,20,3.7,震度２
2025-06-23 09:00:00,トカラ列島近海,20,2.8,震度１
2025-06-23 08:05:00,トカラ列島近海,20,3.4,震度２
2025-06-23 07:17:00,トカラ列島近海,20,2.8,震度１
2025-06-23 07:08:00,トカラ列島近海,20,3.2,震度２
2025-06-23 07:06:00,トカラ列島近海,20,3.3,震度２
2025-06-23 06:43:00,トカラ列島近海,20,3.0,震度２
2025-06-23 06:41:00,トカラ列島近海,20,3.1,震度１
2025-06-23 06:22:00,トカラ列島近海,20,4.4,震度３
2025-06-23 06:19:00,トカラ列島近海,20,2.9,震度１
2025-06-23 06:16:00,トカラ列島近海,20,2.6,震度１
2025-06-23 06:12:00,トカラ列島近海,20,3.2,震度２
2025-06-23 06:06:00,トカラ列島近海,20,3.7,震度３
2025-06-23 06:04:00,トカラ列島近海,20,2.9,震度１
2025-06-23 06:00:00,トカラ列島近海,20,2.8,震度１
2025-06-23 05:51:00,トカラ列島近海,20,3.1,震度１
2025-06-23 05:50:00,トカラ列島近海,20,3.0,震度１
2025-06-23 05:41:00,トカラ列島近海,20,3.6,震度２
2025-06-23 05:37:00,トカラ列島近海,20,2.6,震度１
2025-06-23 05:27:00,トカラ列島近海,20,3.0,震度１
2025-06-23 05:09:00,トカラ列島近海,20,3.0,震度２
2025-06-23 04:50:00,トカラ列島近海,20,3.2,震度１
2025-06-23 04:27:00,トカラ列島近海,20,3.1,震度１
2025-06-23 03:52:00,トカラ列島近海,20,2.8,震度１
2025-06-23 03:37:00,トカラ列島近海,20,2.9,震度１
2025-06-23 03:32:00,トカラ列島近海,20,4.4,震度３
2025-06-23 03:20:00,トカラ列島近海,20,3.0,震度２
2025-06-23 03:02:00,トカラ列島近海,20,3.0,震度１
2025-06-23 02:53:00,トカラ列島近海,20,3.2,震度２
2025-06-23 02:36:00,トカラ列島近海,20,3.3,震度２
2025-06-23 02:34:00,トカラ列島近海,20,3.5,震度２
2025-06-23 02:24:00,トカラ列島近海,20,3.1,震度１
2025-06-23 02:12:00,トカラ列島近海,20,2.4,震度１
2025-06-23 02:07:00,宮崎県南部平野部,50,3.4,震度１
2025-06-23 01:32:00,トカラ列島近海,20,3.0,震度１
2025-06-23 01:25:00,トカラ列島近海,20,2.5,震度１
2025-06-23 01:14:00,トカラ列島近海,20,2.8,震度１
2025-06-23 00:28:00,トカラ列島近海,20,2.6,震度１
2025-06-23 00:25:00,トカラ列島近海,20,2.6,震度１
2025-06-23 00:22:00,トカラ列島近海,20,3.4,震度２
2025-06-23 00:15:00,トカラ列島近海,10,3.6,震度４
2025-06-23 00:13:00,トカラ列島近海,20,2.9,震度１
2025-06-23 00:11:00,トカラ列島近海,20,2.8,震度２
2025-06-23 00:08:00,トカラ列島近海,20,3.0,震度１
2025-06-23 00:07:00,トカラ列島近海,20,3.4,震度２
2025-06-23 00:03:00,トカラ列島近海,20,2.8,震度１
2025-06-23 00:00:00,トカラ列島近海,20,3.7,震度２
2025-06-22 22:34:10,トカラ列島近海,20,3.1,震度２
2025-06-22 22:13:59,トカラ列島近海,19,3.3,震度２
2025-06-22 20:59:12,トカラ列島近海,12,2.2,震度１
2025-06-22 20:57:57,トカラ列島近海,11,1.7,震度１
2025-06-22 20:28:43,トカラ列島近海,14,2.5,震度１
2025-06-22 20:08:05,トカラ列島近海,14,4.1,震度３
2025-06-22 19:51:59,トカラ列島近海,17,3.5,震度２
2025-06-22 19:17:51,トカラ列島近海,15,2.6,震度１
2025-06-22 18:35:42,トカラ列島近海,13,2.3,震度１
2025-06-22 18:10:51,トカラ列島近海,8,3.0,震度２
2025-06-22 18:09:00,トカラ列島近海,19,2.4,震度１
2025-06-22 18:04:40,トカラ列島近海,26,2.4,震度１
2025-06-22 18:01:18,トカラ列島近海,16,3.0,震度１
2025-06-22 17:58:46,トカラ列島近海,15,3.7,震度３
2025-06-22 17:57:56,トカラ列島近海,21,3.8,震度２
2025-06-22 17:55:37,トカラ列島近海,12,3.1,震度１
2025-06-22 17:53:12,トカラ列島近海,22,2.5,震度１
2025-06-22 17:47:05,トカラ列島近海,20,2.7,震度１
2025-06-22 17:45:35,トカラ列島近海,13,3.7,震度２
2025-06-22 17:43:45,トカラ列島近海,14,3.2,震度１
2025-06-22 17:36:53,トカラ列島近海,13,2.4,震度１
2025-06-22 17:35:44,トカラ列島近海,12,3.2,震度２
2025-06-22 17:34:17,トカラ列島近海,21,2.9,震度１
2025-06-22 17:31:05,トカラ列島近海,17,3.4,震度２
2025-06-22 17:29:50,トカラ列島近海,24,4.1,震度２
2025-06-22 17:17:28,トカラ列島近海,15,3.8,震度２
2025-06-22 17:15:02,トカラ列島近海,24,5.1,震度４
2025-06-22 17:04:35,トカラ列島近海,20,2.9,震度１
2025-06-22 16:38:00,トカラ列島近海,20,2.3,震度１
2025-06-22 16:34:05,トカラ列島近海,19,2.9,震度２
2025-06-22 16:18:41,トカラ列島近海,19,2.5,震度１
2025-06-22 16:10:09,トカラ列島近海,19,3.3,震度２
2025-06-22 16:02:51,トカラ列島近海,18,3.0,震度１
2025-06-22 15:32:43,トカラ列島近海,24,2.9,震度１
2025-06-22 15:22:24,トカラ列島近海,27,2.4,震度１
2025-06-22 15:12:34,トカラ列島近海,20,2.6,震度１
2025-06-22 15:01:31,トカラ列島近海,17,2.5,震度１
2025-06-22 14:38:54,トカラ列島近海,23,2.9,震度１
2025-06-22 14:27:03,トカラ列島近海,19,4.2,震度２
2025-06-22 14:17:01,トカラ列島近海,21,3.3,震度２
2025-06-22 14:10:36,トカラ列島近海,17,2.9,震度２
2025-06-22 14:06:41,トカラ列島近海,18,3.0,震度２
2025-06-22 13:50:21,トカラ列島近海,23,3.5,震度２
2025-06-22 13:42:39,トカラ列島近海,18,2.9,震度１
2025-06-22 13:37:50,トカラ列島近海,18,4.0,震度２
2025-06-22 13:33:27,トカラ列島近海,12,2.9,震度１
2025-06-22 13:28:01,トカラ列島近海,14,2.4,震度１
2025-06-22 13:05:06,トカラ列島近海,19,2.9,震度２
2025-06-22 12:57:09,トカラ列島近海,18,3.0,震度２
2025-06-22 12:43:59,トカラ列島近海,23,3.7,震度３
2025-06-22 12:41:59,トカラ列島近海,20,3.1,震度２
2025-06-22 12:40:00,トカラ列島近海,23,,震度１
2025-06-22 12:39:26,トカラ列島近海,1,,震度１
2025-06-22 12:37:18,トカラ列島近海,20,4.4,震度３
2025-06-22 12:29:38,トカラ列島近海,15,2.8,震度１
2025-06-22 12:25:19,トカラ列島近海,13,3.0,震度１
2025-06-22 12:16:11,トカラ列島近海,17,3.2,震度１
2025-06-22 12:15:03,トカラ列島近海,19,3.1,震度２
2025-06-22 12:12:24,トカラ列島近海,19,4.5,震度４
2025-06-22 12:10:10,トカラ列島近海,18,,震度１
2025-06-22 11:58:30,トカラ列島近海,21,2.7,震度１
2025-06-22 11:55:22,トカラ列島近海,17,2.8,震度１
2025-06-22 11:39:59,トカラ列島近海,12,2.8,震度１
2025-06-22 11:35:57,トカラ列島近海,18,2.9,震度１
2025-06-22 11:19:14,トカラ列島近海,18,2.7,震度１
2025-06-22 11:11:09,根室半島南東沖,27,3.9,震度１
2025-06-22 11:06:12,トカラ列島近海,21,2.8,震度１
2025-06-22 10:37:18,トカラ列島近海,21,2.6,震度１
2025-06-22 10:35:07,トカラ列島近海,13,2.7,震度１
2025-06-22 10:32:04,トカラ列島近海,16,2.8,震度１
2025-06-22 10:25:41,トカラ列島近海,18,3.3,震度２
2025-06-22 10:18:12,トカラ列島近海,8,2.6,震度１
2025-06-22 10:04:27,トカラ列島近海,5,2.7,震度１
2025-06-22 09:58:42,トカラ列島近海,19,3.1,震度１
2025-06-22 09:44:23,トカラ列島近海,16,2.6,震度１
2025-06-22 09:18:49,トカラ列島近海,21,2.7,震度１
2025-06-22 09:15:42,トカラ列島近海,19,4.5,震度３
2025-06-22 08:34:47,トカラ列島近海,18,3.1,震度２
2025-06-22 07:27:25,トカラ列島近海,17,3.5,震度２
2025-06-22 07:23:16,トカラ列島近海,27,2.6,震度１
2025-06-22 06:53:46,根室半島南東沖,20,4.2,震度１
2025-06-22 06:39:59,トカラ列島近海,18,2.7,震度１
2025-06-22 06:35:55,トカラ列島近海,22,2.6,震度１
2025-06-22 06:30:59,トカラ列島近海,11,3.0,震度２
2025-06-22 06:28:03,トカラ列島近海,16,2.8,震度１
2025-06-22 06:25:42,根室半島南東沖,20,5.1,震度２
2025-06-22 06:23:19,根室半島南東沖,24,6.0,震度３
2025-06-22 06:11:39,トカラ列島近海,16,2.9,震度１
2025-06-22 06:04:07,トカラ列島近海,10,2.8,震度１
2025-06-22 05:53:15,トカラ列島近海,21,4.6,震度３
2025-06-22 05:48:58,トカラ列島近海,18,2.7,震度１
2025-06-22 05:45:13,トカラ列島近海,12,3.2,震度１
2025-06-22 05:39:57,伊豆大島近海,8,2.4,震度１
2025-06-22 05:37:48,鹿児島県薩摩地方,0,1.5,震度１
2025-06-22 05:32:57,トカラ列島近海,25,2.8,震度１
2025-06-22 05:31:51,伊豆大島近海,9,2.2,震度１
2025-06-22 05:25:40,トカラ列島近海,16,3.6,震度２
2025-06-22 05:24:36,トカラ列島近海,23,4.1,震度２
2025-06-22 05:08:53,トカラ列島近海,12,2.7,震度１
2025-06-22 04:57:47,トカラ列島近海,17,2.7,震度１
2025-06-22 04:38:05,トカラ列島近海,15,3.1,震度１
2025-06-22 04:37:07,トカラ列島近海,20,3.4,震度２
2025-06-22 04:31:28,トカラ列島近海,15,3.1,震度１
2025-06-22 04:21:06,トカラ列島近海,16,2.7,震度１
2025-06-22 04:18:34,トカラ列島近海,8,3.1,震度２
2025-06-22 04:13:15,トカラ列島近海,12,2.5,震度１
2025-06-22 04:13:13,福島県沖,61,3.7,震度１
2025-06-22 04:12:00,トカラ列島近海,15,3.0,震度１
2025-06-22 03:52:35,トカラ列島近海,16,3.0,震度１
2025-06-22 03:45:07,トカラ列島近海,17,3.0,震度１
2025-06-22 03:35:38,トカラ列島近海,24,2.9,震度１
2025-06-22 03:30:06,トカラ列島近海,12,2.6,震度１
2025-06-22 03:18:52,トカラ列島近海,16,2.8,震度１
2025-06-22 03:16:01,トカラ列島近海,17,2.9,震度１
2025-06-22 02:58:46,トカラ列島近海,18,2.9,震度２
2025-06-22 02:56:13,トカラ列島近海,21,2.8,震度１
2025-06-22 02:52:08,トカラ列島近海,20,4.5,震度３
2025-06-22 02:31:07,トカラ列島近海,17,3.4,震度２
2025-06-22 02:19:07,トカラ列島近海,21,3.6,震度２
2025-06-22 02:17:06,トカラ列島近海,17,2.6,震度１
2025-06-22 02:03:34,トカラ列島近海,21,2.4,震度１
2025-06-22 01:48:35,トカラ列島近海,11,3.1,震度２
2025-06-22 01:44:47,トカラ列島近海,8,2.6,震度１
2025-06-22 01:43:16,トカラ列島近海,19,2.9,震度１
2025-06-22 01:08:50,トカラ列島近海,16,2.8,震度１
2025-06-22 01:02:20,トカラ列島近海,27,2.5,震度１
2025-06-22 00:58:45,トカラ列島近海,18,2.7,震度１
2025-06-22 00:05:23,根室半島南東沖,22,5.0,震度２
2025-06-21 23:31:55,トカラ列島近海,20,4.1,震度３
2025-06-21 23:10:56,トカラ列島近海,17,4.3,震度３
2025-06-21 22:55:25,トカラ列島近海,17,2.2,震度１
2025-06-21 22:26:59,トカラ列島近海,16,2.5,震度１
2025-06-21 22:25:47,トカラ列島近海,13,2.5,震度１
2025-06-21 22:23:25,トカラ列島近海,20,2.8,震度２
2025-06-21 22:16:47,トカラ列島近海,16,2.8,震度１
2025-06-21 22:11:21,トカラ列島近海,17,2.8,震度１
2025-06-21 22:00:40,トカラ列島近海,19,2.8,震度１
2025-06-21 21:24:07,トカラ列島近海,19,2.3,震度１
2025-06-21 20:52:18,トカラ列島近海,17,2.6,震度１
2025-06-21 17:31:41,トカラ列島近海,16,2.7,震度１
2025-06-21 15:57:48,トカラ列島近海,20,2.8,震度１
2025-06-21 15:31:20,トカラ列島近海,19,2.8,震度１
2025-06-21 15:28:30,トカラ列島近海,17,2.8,震度１
2025-06-21 14:26:48,トカラ列島近海,16,2.4,震度１
2025-06-21 14:16:46,トカラ列島近海,20,2.5,震度１
2025-06-21 14:11:09,トカラ列島近海,21,2.8,震度１
2025-06-21 13:22:18,トカラ列島近海,21,2.8,震度１
2025-06-21 13:15:27,トカラ列島近海,21,3.1,震度１
2025-06-21 12:23:00,トカラ列島近海,19,2.8,震度１
2025-06-21 12:14:22,トカラ列島近海,18,2.4,震度１
2025-06-21 10:34:50,トカラ列島近海,19,2.6,震度１
2025-06-21 10:33:16,トカラ列島近海,20,3.4,震度１
2025-06-21 10:07:34,トカラ列島近海,19,2.6,震度１
2025-06-21 09:56:54,トカラ列島近海,20,3.4,震度１
2025-06-21 09:02:27,トカラ列島近海,21,3.2,震度２
2025-06-21 08:13:54,トカラ列島近海,20,2.5,震度１
2025-06-21 05:32:41,伊予灘,50,3.1,震度１
2025-06-21 01:37:15,根室半島南東沖,24,4.1,震度１
2025-06-20 19:54:57,千葉県北西部,69,3.3,震度１
2025-06-20 11:33:40,能登半島沖,14,3.3,震度１
2025-06-20 10:38:17,沖縄本島近海,14,2.6,震度１
2025-06-20 09:45:52,千葉県南東沖,57,4.2,震度１
2025-06-19 17:45:59,奄美大島近海,33,4.0,震度２
2025-06-19 16:37:03,三宅島近海,23,4.7,震度２
2025-06-19 11:35:25,根室半島南東沖,22,3.7,震度１
2025-06-19 10:53:35,青森県東方沖,45,4.2,震度２
2025-06-19 10:27:10,茨城県南部,46,3.2,震度１
2025-06-19 08:08:07,根室半島南東沖,25,6.0,震度４
2025-06-19 07:39:22,宮古島近海,28,3.8,震度１
2025-06-19 06:30:23,宮城県沖,66,3.1,震度１
2025-06-18 21:30:10,日向灘,25,4.7,震度２
2025-06-18 08:27:41,福島県会津,4,1.9,震度１
2025-06-18 06:44:11,石川県能登地方,14,2.6,震度１
2025-06-17 18:27:51,周防灘,13,3.0,震度１
2025-06-17 11:07:21,房総半島南方沖,105,4.0,震度１
2025-06-16 18:56:57,十勝沖,60,3.8,震度１
2025-06-16 11:42:01,宮城県沖,46,3.9,震度２
2025-06-16 11:23:21,茨城県北部,10,2.5,震度１
2025-06-14 20:58:28,福井県嶺北,11,2.1,震度１
2025-06-14 19:46:58,宮城県沖,41,5.0,震度２
2025-06-14 08:43:01,宮城県沖,52,3.6,震度１
2025-06-14 03:35:16,千島列島,30,6.2,震度１
2025-06-14 01:52:03,茨城県北部,7,3.0,震度１
2025-06-13 18:20:48,根室半島南東沖,90,3.8,震度１
2025-06-13 15:18:29,千葉県北西部,75,4.2,震度２
2025-06-13 07:00:09,熊本県天草・芦北地方,8,1.9,震度１
2025-06-13 03:02:25,岩手県沖,42,3.8,震度１
2025-06-12 12:49:21,三重県南東沖,47,4.8,震度１
2025-06-12 08:19:56,茨城県沖,52,3.3,震度１
2025-06-12 07:11:19,鹿児島県薩摩地方,8,3.0,震度２
2025-06-12 06:46:45,熊本県熊本地方,11,2.7,震度２
2025-06-12 00:21:16,釧路沖,33,3.9,震度１
2025-06-11 20:00:28,台湾付近,38,6.0,震度２
2025-06-11 19:44:42,茨城県沖,41,3.7,震度１
2025-06-11 18:30:42,釧路沖,23,4.6,震度２
2025-06-11 14:44:25,石川県能登地方,9,2.6,震度１
2025-06-11 06:40:26,福井県嶺南,13,2.9,震度１
2025-06-11 04:48:37,日向灘,20,3.7,震度２
2025-06-10 23:19:42,茨城県沖,40,3.4,震度１
2025-06-10 20:33:07,伊豆大島近海,14,3.2,震度１
2025-06-10 12:56:04,石川県能登地方,12,2.6,震度１
2025-06-10 05:57:25,石川県能登地方,12,2.6,震度１
2025-06-09 08:15:16,千葉県北西部,68,3.1,震度１
2025-06-09 06:41:53,山口県北西沖,15,3.3,震度１
2025-06-09 05:28:19,新島・神津島近海,11,2.8,震度２
2025-06-09 03:18:41,福島県会津,4,1.6,震度１
2025-06-08 18:58:01,茨城県北部,57,3.8,震度３
2025-06-08 17:37:50,和歌山県北部,6,2.0,震度１
2025-06-08 01:16:32,長野県中部,6,2.8,震度１
2025-06-08 00:13:55,熊本県熊本地方,9,2.6,震度１
2025-06-07 22:51:41,浦河沖,38,3.3,震度１
2025-06-07 14:40:16,青森県東方沖,43,4.4,震度２
2025-06-07 12:40:31,安芸灘,46,3.0,震度１
2025-06-07 09:56:52,熊本県熊本地方,10,1.8,震度１
2025-06-06 13:48:01,石川県西方沖,10,4.3,震度２
2025-06-06 04:19:06,有明海,11,3.0,震度１
2025-06-06 04:17:55,有明海,11,2.6,震度１
2025-06-06 03:00:36,沖縄本島近海,43,3.4,震度２
2025-06-06 02:35:00,福島県会津,4,2.1,震度２
2025-06-05 23:51:25,福島県沖,63,4.6,震度３
2025-06-05 19:02:47,沖縄本島近海,14,2.4,震度１
2025-06-05 16:01:25,福島県沖,65,3.5,震度１
2025-06-05 11:27:00,天草灘,14,3.4,震度１
2025-06-05 04:55:19,釧路沖,21,4.5,震度２
2025-06-04 06:41:46,長野県南部,3,1.0,震度１
2025-06-04 00:15:34,宮城県沖,56,4.1,震度１
2025-06-03 22:18:27,十勝沖,33,5.2,震度３
2025-06-03 20:17:52,豊後水道,45,4.3,震度３
2025-06-03 06:53:05,上川地方北部,0,2.2,震度１
2025-06-03 05:00:09,岩手県内陸北部,4,3.1,震度２
2025-06-03 04:46:56,茨城県南部,37,3.3,震度１
2025-06-02 18:26:33,和歌山県南部,52,3.3,震度１
2025-06-02 15:46:07,福島県沖,62,4.5,震度２
2025-06-02 12:16:37,茨城県南部,52,3.3,震度１
2025-06-02 11:31:18,宮城県沖,30,4.8,震度３
2025-06-02 09:56:35,茨城県北部,6,3.6,震度２
2025-06-02 08:50:16,和歌山県南部,53,3.8,震度２
2025-06-02 07:31:11,東京都多摩西部,9,2.7,震度１
2025-06-02 04:08:34,十勝沖,28,4.6,震度２
2025-06-02 03:51:54,十勝沖,27,6.1,震度４
2025-06-02 01:10:16,伊豆大島近海,10,2.2,震度１
2025-06-01 08:07:16,青森県東方沖,54,3.0,震度１
2025-06-01 06:47:48,兵庫県南東部,16,3.1,震度１
2025-06-01 01:56:36,宮城県沖,41,4.1,震度１
2025-05-31 23:47:00,釧路沖,17,4.4,震度１
2025-05-31 21:29:01,釧路沖,17,4.7,震度１
2025-05-31 20:37:04,釧路沖,20,4.7,震度２
2025-05-31 20:15:19,四国沖,35,3.8,震度２
2025-05-31 17:56:37,釧路沖,20,4.1,震度１
2025-05-31 17:49:47,釧路沖,17,4.6,震度１
2025-05-31 17:43:58,釧路沖,20,4.1,震度１
2025-05-31 17:37:18,釧路沖,20,6.0,震度４
2025-05-31 05:02:01,能登半島沖,9,3.0,震度３
2025-05-31 04:22:05,青森県東方沖,54,3.8,震度１
2025-05-31 01:47:19,宮城県沖,49,3.5,震度１
2025-05-30 07:23:00,北海道東方沖,0,5.5,震度３
2025-05-29 21:16:05,岐阜県飛騨地方,12,3.1,震度１
2025-05-29 21:01:28,岐阜県飛騨地方,12,3.2,震度２
2025-05-29 16:21:54,岐阜県飛騨地方,12,3.7,震度２
2025-05-29 15:28:58,岐阜県飛騨地方,12,4.5,震度４
2025-05-29 14:26:45,茨城県北部,58,3.2,震度１
2025-05-29 06:15:19,福島県沖,50,3.7,震度１
2025-05-29 05:33:56,福島県会津,8,1.9,震度１
2025-05-29 03:27:17,福島県会津,8,2.0,震度１
2025-05-28 19:52:33,奄美大島近海,34,3.5,震度１
2025-05-28 15:49:12,福島県沖,92,3.6,震度１
2025-05-28 12:13:59,福島県会津,4,1.9,震度１
2025-05-28 09:31:01,千葉県東方沖,12,3.3,震度１
2025-05-27 21:23:49,青森県東方沖,54,4.2,震度２
2025-05-27 13:55:45,石川県西方沖,12,2.9,震度１
2025-05-27 00:33:03,茨城県沖,46,4.2,震度２
2025-05-26 23:30:43,日高地方東部,51,4.4,震度２
2025-05-26 17:47:45,十勝地方南部,50,5.3,震度４
2025-05-26 14:41:37,秋田県沿岸北部,6,3.0,震度１
2025-05-26 09:56:15,宮城県沖,32,4.5,震度３
2025-05-25 02:49:23,苫小牧沖,61,3.5,震度１
2025-05-25 00:31:47,能登半島沖,3,1.5,震度１
2025-05-25 00:23:24,長野県南部,8,2.5,震度１
2025-05-24 21:07:45,栃木県北部,5,2.6,震度１
2025-05-24 07:40:06,沖縄本島近海,15,3.4,震度１
2025-05-23 23:44:28,茨城県沖,29,4.3,震度１
2025-05-23 16:49:54,豊後水道,63,3.2,震度１
2025-05-23 06:28:01,浦河沖,53,5.4,震度４
2025-05-23 03:46:49,山梨県中・西部,6,2.6,震度１
2025-05-22 15:33:04,沖縄本島近海,59,3.9,震度２
2025-05-22 03:27:29,岩手県内陸北部,8,2.6,震度１
2025-05-21 20:49:41,和歌山県北部,72,3.6,震度１
2025-05-21 19:30:04,熊本県熊本地方,14,2.8,震度２
2025-05-21 09:19:18,三重県北部,39,3.2,震度１
2025-05-21 06:10:20,石川県能登地方,0,1.9,震度１
2025-05-20 07:36:27,トカラ列島近海,12,2.5,震度１
2025-05-20 06:12:26,トカラ列島近海,10,2.4,震度１
2025-05-20 05:16:07,上川地方北部,3,2.1,震度１
2025-05-19 21:22:17,岩手県沖,21,3.5,震度１
2025-05-19 20:35:30,能登半島沖,6,2.1,震度１
2025-05-19 12:14:41,福島県沖,7,4.7,震度２
2025-05-19 03:37:08,硫黄島近海,108,4.7,震度１
2025-05-18 10:43:04,千葉県北東部,38,2.9,震度１
2025-05-18 10:19:47,岩手県内陸北部,10,2.8,震度１
2025-05-18 09:32:19,根室半島南東沖,40,4.5,震度２
2025-05-17 18:31:11,青森県西方沖,9,2.5,震度１
2025-05-17 17:15:06,十勝地方南部,34,3.5,震度２
2025-05-17 10:39:07,奄美大島近海,34,3.7,震度１
2025-05-17 08:52:03,新潟県中越地方,3,2.9,震度２
2025-05-17 03:20:10,石川県西方沖,13,3.5,震度１
2025-05-16 22:15:29,釧路沖,55,4.2,震度２
2025-05-16 22:04:03,福島県中通り,8,1.8,震度１
2025-05-15 22:05:50,十勝地方中部,95,4.7,震度４
2025-05-15 15:53:57,鹿児島県薩摩地方,12,2.2,震度１
2025-05-15 14:05:20,福島県中通り,8,4.0,震度２
2025-05-15 13:51:23,茨城県南部,47,2.8,震度１
2025-05-15 09:45:16,石川県能登地方,11,3.2,震度１
2025-05-15 09:04:03,トカラ列島近海,10,2.4,震度１
2025-05-15 08:02:57,熊本県熊本地方,8,2.0,震度１
2025-05-15 06:34:25,トカラ列島近海,16,3.3,震度２
2025-05-15 02:05:58,茨城県南部,48,3.4,震度２
2025-05-14 18:00:57,静岡県伊豆地方,8,2.2,震度１
2025-05-14 17:51:13,静岡県伊豆地方,8,2.9,震度２
2025-05-14 17:32:23,宮城県沖,38,4.2,震度２
2025-05-14 15:02:22,宮城県北部,7,2.7,震度１
2025-05-14 12:41:18,熊本県熊本地方,14,2.4,震度１
2025-05-14 11:19:10,熊本県熊本地方,14,3.3,震度２
2025-05-14 01:52:36,小笠原諸島西方沖,457,5.7,震度２
2025-05-14 01:44:09,宮城県沖,36,4.0,震度１
2025-05-13 10:37:03,福島県中通り,79,4.6,震度３
2025-05-13 08:33:34,茨城県南部,66,3.9,震度２
2025-05-13 06:33:35,胆振地方中東部,128,4.4,震度２
2025-05-12 23:54:29,青森県東方沖,55,5.2,震度３
2025-05-12 06:25:50,与那国島近海,37,4.6,震度１
2025-05-12 06:03:59,土佐湾,30,3.4,震度１
2025-05-12 02:47:43,和歌山県北部,7,2.1,震度１
2025-05-11 09:48:42,和歌山県北部,5,2.1,震度１
2025-05-11 07:15:34,宮城県沖,71,3.1,震度１
2025-05-11 02:17:43,青森県西方沖,34,3.6,震度１
2025-05-10 21:43:39,青森県東方沖,113,3.9,震度１
2025-05-10 20:45:15,トカラ列島近海,63,4.3,震度２
2025-05-09 20:26:21,紀伊水道,5,2.6,震度１
2025-05-09 13:34:51,石川県西方沖,13,4.2,震度２
2025-05-09 12:24:04,十勝沖,42,4.3,震度２
2025-05-08 21:21:10,福島県中通り,89,3.6,震度１
2025-05-08 03:48:17,福島県沖,50,3.4,震度１
2025-05-08 00:06:55,熊本県球磨地方,5,2.3,震度１
2025-05-07 22:08:06,島根県西部,17,3.0,震度１
2025-05-07 11:15:23,種子島南東沖,30,4.4,震度１
2025-05-07 09:47:01,神奈川県西部,11,3.1,震度２
2025-05-06 20:36:12,福島県沖,46,3.6,震度１
2025-05-06 18:22:13,宮城県沖,47,3.9,震度１
2025-05-06 18:06:05,熊本県天草・芦北地方,11,2.5,震度１
2025-05-06 17:31:25,奄美大島近海,21,3.1,震度１
2025-05-06 15:16:42,和歌山県北部,5,1.8,震度１
2025-05-05 20:57:13,和歌山県北部,5,2.8,震度２
2025-05-05 17:05:39,三重県中部,19,2.8,震度１
2025-05-05 06:26:02,紀伊水道,9,2.8,震度１
2025-05-05 02:03:57,熊本県天草・芦北地方,11,3.0,震度１
2025-05-05 01:34:52,茨城県沖,41,4.2,震度２
2025-05-05 00:45:10,滋賀県北部,39,2.9,震度１
2025-05-04 16:38:56,福島県沖,53,3.7,震度１
2025-05-04 13:44:17,福島県会津,5,1.6,震度１
2025-05-04 12:35:42,東京都２３区,82,4.1,震度２
2025-05-02 16:32:08,和歌山県南部,37,2.9,震度１
2025-05-02 16:17:49,長野県北部,10,2.1,震度１
2025-05-02 15:50:50,沖縄本島近海,12,3.0,震度１
2025-05-02 10:44:44,大隅半島東方沖,28,4.1,震度１
2025-05-01 12:54:54,北海道南西沖,25,3.8,震度１
2025-05-01 07:35:40,奄美大島近海,29,3.5,震度１
2025-05-01 04:27:14,岩手県沖,37,3.4,震度１
2025-04-30 10:31:42,紀伊水道,10,2.7,震度１
2025-04-30 10:03:39,宮城県沖,33,4.1,震度１
2025-04-30 07:15:48,沖縄本島近海,23,3.2,震度１
2025-04-30 02:30:30,宮城県沖,52,3.7,震度１
2025-04-29 23:21:09,和歌山県北部,5,1.6,震度１
2025-04-28 22:56:32,択捉島付近,100,4.3,震度１
2025-04-28 16:54:15,熊本県天草・芦北地方,11,3.8,震度２
2025-04-28 15:37:25,浦河沖,62,4.2,震度２
2025-04-28 12:15:01,福島県会津,4,1.5,震度１
2025-04-28 02:47:46,山形県庄内地方,17,3.0,震度１
2025-04-27 17:39:25,岩手県沖,49,3.8,震度１
2025-04-27 15:29:16,兵庫県南東部,8,2.4,震度１
2025-04-27 14:01:58,宮城県沖,52,3.9,震度１
2025-04-27 08:03:36,長野県北部,11,2.6,震度１
2025-04-26 20:01:54,埼玉県北部,99,3.1,震度１
2025-04-26 19:31:10,新潟県中越地方,23,3.2,震度２
2025-04-26 18:35:17,和歌山県北部,51,3.5,震度１
2025-04-26 12:06:54,熊本県熊本地方,11,4.2,震度３
2025-04-26 10:46:41,熊本県熊本地方,11,2.7,震度１
2025-04-26 10:18:57,福島県沖,56,3.4,震度１
2025-04-26 09:05:13,宮城県沖,42,4.1,震度１
2025-04-25 21:51:42,大分県中部,7,1.9,震度１
2025-04-25 07:59:46,京都府南部,11,3.2,震度２
2025-04-25 07:58:44,福島県会津,4,1.6,震度１
2025-04-25 04:55:50,日向灘,26,2.8,震度１
2025-04-25 01:15:49,宮城県沖,54,3.6,震度２
2025-04-24 23:03:09,長野県北部,12,2.2,震度１
2025-04-24 09:07:53,岩手県沖,62,4.4,震度３
2025-04-24 04:50:57,上川地方北部,0,2.1,震度１
2025-04-23 15:35:27,石川県西方沖,11,3.0,震度１
2025-04-23 07:21:50,青森県東方沖,23,4.5,震度１
2025-04-23 07:01:40,熊本県熊本地方,11,2.2,震度１
2025-04-22 20:37:51,福島県沖,58,4.0,震度１
2025-04-22 03:23:47,十勝沖,35,4.0,震度２
2025-04-22 01:48:05,福島県沖,45,4.3,震度３
2025-04-21 22:41:32,長野県北部,11,2.6,震度１
2025-04-21 22:11:19,埼玉県南部,111,4.3,震度２
2025-04-21 13:11:17,長野県北部,13,2.0,震度１
2025-04-20 22:17:03,十勝地方南部,49,3.4,震度１
2025-04-20 18:57:06,長野県北部,12,2.6,震度１
2025-04-20 17:42:54,長野県北部,13,1.8,震度１
2025-04-20 17:25:53,宮城県北部,68,3.2,震度１
2025-04-20 15:11:04,千葉県北東部,75,4.3,震度２
2025-04-20 14:50:43,長野県北部,12,2.7,震度１
2025-04-20 13:42:00,長野県北部,13,1.9,震度１
2025-04-20 13:39:40,長野県北部,13,2.9,震度２
2025-04-20 01:13:32,トカラ列島近海,5,2.3,震度１
2025-04-20 00:28:40,トカラ列島近海,6,2.4,震度１
2025-04-20 00:06:40,トカラ列島近海,4,2.7,震度２
2025-04-19 20:12:25,長野県北部,9,2.2,震度１
2025-04-19 13:04:09,長野県北部,11,2.4,震度１
2025-04-19 12:56:59,能登半島沖,13,3.8,震度２
2025-04-19 12:24:55,長野県北部,13,3.3,震度２
2025-04-19 09:58:52,奄美大島近海,9,3.5,震度２
2025-04-19 09:37:06,長野県北部,12,2.2,震度１
2025-04-19 08:12:59,長野県北部,12,2.2,震度１
2025-04-19 06:47:36,長野県北部,12,2.5,震度１
2025-04-19 06:19:15,長野県北部,12,2.6,震度１
2025-04-19 06:08:52,十勝沖,21,4.3,震度１
2025-04-19 05:12:31,長野県北部,12,2.1,震度１
2025-04-19 05:07:57,長野県北部,12,2.1,震度１
2025-04-19 05:04:52,長野県北部,12,2.1,震度１
2025-04-19 04:41:21,長野県北部,12,2.5,震度１
2025-04-19 03:44:34,長野県北部,12,2.2,震度１
2025-04-19 02:41:24,長野県北部,12,3.3,震度３
2025-04-19 02:37:24,長野県北部,12,2.4,震度１
2025-04-19 02:30:09,長野県北部,12,2.3,震度１
2025-04-19 02:27:27,長野県北部,13,3.1,震度２
2025-04-19 02:24:39,長野県北部,12,3.1,震度２
2025-04-19 02:20:58,長野県北部,12,3.5,震度２
2025-04-19 01:55:58,長野県北部,11,2.5,震度１
2025-04-19 01:53:54,長野県北部,13,3.9,震度３
2025-04-19 01:52:12,長野県北部,11,2.7,震度１
2025-04-19 01:50:44,長野県北部,13,3.0,震度２
2025-04-19 01:30:51,長野県北部,12,2.7,震度１
2025-04-19 01:18:08,長野県北部,13,2.4,震度１
2025-04-19 01:12:11,長野県北部,12,1.9,震度１
2025-04-19 01:07:12,長野県北部,12,3.2,震度２
2025-04-19 01:02:36,長野県北部,12,4.3,震度４
2025-04-19 00:50:25,父島近海,49,4.0,震度１
2025-04-19 00:22:54,長野県北部,12,2.1,震度１
2025-04-19 00:13:56,長野県北部,11,2.2,震度１
2025-04-19 00:12:00,長野県北部,12,2.4,震度１
2025-04-19 00:07:59,長野県北部,11,3.8,震度３
2025-04-18 23:43:33,長野県北部,13,2.3,震度１
2025-04-18 23:39:46,長野県北部,13,4.5,震度４
2025-04-18 23:29:51,長野県北部,13,2.7,震度２
2025-04-18 23:23:24,長野県北部,13,2.4,震度１
2025-04-18 23:21:25,長野県北部,13,2.4,震度１
2025-04-18 23:12:23,長野県北部,13,2.4,震度１
2025-04-18 23:02:32,長野県北部,12,2.0,震度１
2025-04-18 22:29:07,長野県北部,12,2.8,震度１
2025-04-18 22:22:01,長野県北部,13,1.9,震度１
2025-04-18 22:19:54,長野県北部,12,2.7,震度１
2025-04-18 21:41:07,長野県北部,12,2.8,震度１
2025-04-18 21:17:24,長野県北部,12,2.5,震度１
2025-04-18 21:09:44,長野県北部,13,2.9,震度２
2025-04-18 21:07:51,長野県北部,11,2.5,震度１
2025-04-18 20:56:49,長野県北部,12,2.2,震度１
2025-04-18 20:54:28,長野県北部,12,2.6,震度１
2025-04-18 20:42:12,長野県北部,11,3.4,震度２
2025-04-18 20:40:12,長野県北部,12,2.5,震度１
2025-04-18 20:36:08,長野県北部,12,2.1,震度１
2025-04-18 20:24:54,長野県北部,13,2.6,震度１
2025-04-18 20:22:24,長野県北部,12,2.9,震度２
2025-04-18 20:20:16,長野県北部,12,3.7,震度２
2025-04-18 20:19:28,長野県北部,13,5.1,震度５弱
2025-04-18 18:49:53,長野県北部,11,2.4,震度１
2025-04-18 18:26:27,長野県北部,12,3.0,震度２
2025-04-18 12:53:39,大分県中部,8,2.3,震度１
2025-04-18 09:21:51,大分県中部,8,3.3,震度２
2025-04-18 09:19:41,大分県中部,8,2.0,震度１
2025-04-18 09:12:19,大分県中部,8,2.2,震度１
2025-04-18 09:00:52,大分県中部,7,1.9,震度１
2025-04-18 08:58:11,大分県中部,5,2.7,震度２
2025-04-18 08:57:33,大分県中部,8,3.7,震度３
2025-04-18 08:08:28,大分県中部,7,2.3,震度１
2025-04-18 07:46:17,大分県中部,8,2.7,震度２
2025-04-18 07:42:28,大分県中部,8,2.9,震度２
2025-04-18 07:21:02,大分県中部,8,2.5,震度１
2025-04-18 07:20:04,大分県中部,8,2.2,震度１
2025-04-18 05:10:09,西表島付近,12,4.3,震度３
2025-04-17 16:05:32,福島県中通り,89,3.1,震度１
2025-04-17 07:16:31,十勝地方南部,51,4.2,震度２
2025-04-17 05:33:29,和歌山県北部,3,2.6,震度１
2025-04-17 04:25:05,和歌山県北部,6,2.2,震度１
2025-04-17 01:47:21,石川県西方沖,12,3.0,震度１
2025-04-16 11:18:18,トカラ列島近海,59,3.6,震度１
2025-04-15 22:14:25,石川県西方沖,11,3.9,震度１
2025-04-15 18:42:46,北海道東方沖,58,4.7,震度１
2025-04-15 16:37:55,岩手県沖,82,3.6,震度１
2025-04-15 08:13:34,石川県西方沖,12,3.2,震度１
2025-04-15 07:17:24,根室半島南東沖,64,4.3,震度２
2025-04-15 03:15:23,熊本県天草・芦北地方,8,1.9,震度１
2025-04-15 01:49:19,石川県能登地方,10,2.8,震度１
2025-04-14 20:42:35,長野県中部,9,3.1,震度２
2025-04-14 19:53:39,福島県会津,8,2.2,震度１
2025-04-14 15:23:28,福島県会津,8,2.5,震度１
2025-04-14 09:54:16,青森県津軽南部,8,4.1,震度２
2025-04-14 09:47:08,青森県東方沖,67,3.3,震度１
2025-04-14 09:02:50,石川県能登地方,9,2.7,震度１
2025-04-14 08:08:09,宮城県中部,70,3.6,震度１
2025-04-14 05:38:07,大隅半島東方沖,37,4.2,震度２
2025-04-13 18:13:32,千島列島,418,5.5,震度２
2025-04-13 05:45:26,埼玉県南部,15,2.5,震度１
2025-04-12 20:34:42,能登半島沖,12,3.6,震度２
2025-04-11 23:28:03,沖縄本島近海,53,3.2,震度１
2025-04-11 18:06:48,伊予灘,65,3.3,震度１
2025-04-11 16:49:28,西表島付近,46,3.9,震度１
2025-04-11 14:41:26,奄美大島北東沖,24,4.3,震度１
2025-04-11 14:06:17,奄美大島北東沖,51,5.0,震度２
2025-04-10 21:09:57,茨城県北部,58,3.4,震度１
2025-04-10 10:13:10,福島県沖,49,4.2,震度２
2025-04-10 08:33:20,岩手県沿岸南部,63,4.4,震度３
2025-04-09 22:05:44,石川県西方沖,12,3.6,震度１
2025-04-09 15:21:55,小笠原諸島西方沖,513,4.7,震度１
2025-04-09 09:10:17,岩手県沖,47,3.9,震度１
2025-04-09 06:10:47,能登半島沖,11,2.9,震度１
2025-04-09 05:46:49,茨城県沖,36,3.3,震度１
2025-04-09 04:40:57,千葉県東方沖,30,3.3,震度１
2025-04-09 00:26:35,与那国島近海,119,5.4,震度３
2025-04-08 19:26:12,愛知県西部,36,4.6,震度３
2025-04-08 13:54:01,熊本県天草・芦北地方,8,2.2,震度１
2025-04-08 09:08:32,熊本県天草・芦北地方,7,2.4,震度２
2025-04-08 00:39:55,石川県能登地方,9,3.0,震度１
2025-04-07 12:08:24,岩手県内陸南部,8,3.5,震度１
2025-04-07 11:26:32,福島県中通り,9,3.3,震度２
2025-04-07 09:52:13,千葉県東方沖,32,4.8,震度３
2025-04-06 17:14:48,静岡県中部,26,3.0,震度１
2025-04-06 15:05:09,長野県南部,11,3.4,震度２
2025-04-06 02:25:48,青森県東方沖,23,4.2,震度１
2025-04-06 02:20:30,青森県東方沖,23,4.2,震度１
2025-04-05 18:42:51,有明海,11,3.4,震度２
2025-04-05 12:26:01,岩手県沖,44,3.5,震度１
2025-04-05 06:12:22,青森県東方沖,59,4.2,震度３
2025-04-05 04:15:42,北海道南西沖,10,4.1,震度４
2025-04-04 19:52:08,山梨県中・西部,15,3.0,震度１
2025-04-04 19:46:05,佐渡付近,16,3.3,震度２
2025-04-04 04:48:11,和歌山県北部,6,2.5,震度２
2025-04-03 14:17:58,青森県東方沖,58,2.9,震度１
2025-04-03 11:50:55,豊後水道,37,2.8,震度１
2025-04-03 06:42:52,大隅半島東方沖,30,4.4,震度２
2025-04-02 23:13:31,大隅半島東方沖,29,3.9,震度１
2025-04-02 23:03:58,大隅半島東方沖,36,6.1,震度４
2025-04-02 20:54:51,岩手県内陸南部,8,3.2,震度１
2025-04-02 11:07:54,滋賀県北部,14,3.2,震度１
2025-04-02 08:59:55,沖縄本島近海,32,5.2,震度１
2025-04-02 08:54:45,父島近海,63,4.4,震度１
2025-04-02 07:04:12,根室半島南東沖,46,3.7,震度１
2025-04-02 06:31:29,熊本県熊本地方,8,2.9,震度１
2025-04-02 02:01:45,宮古島近海,47,3.4,震度１
2025-04-01 21:33:40,茨城県南部,102,3.7,震度２
2025-04-01 20:32:33,石川県西方沖,12,2.7,震度１
2025-04-01 14:41:49,根室半島南東沖,70,4.1,震度１
2025-04-01 05:07:34,有明海,11,3.2,震度１
2025-04-01 02:37:31,宮古島近海,46,3.7,震度１
2025-03-31 16:51:30,沖縄本島近海,42,3.7,震度２
2025-03-30 22:55:58,浦河沖,55,4.6,震度２
2025-03-30 22:28:25,長野県北部,7,2.4,震度１
2025-03-30 21:30:55,宮城県沖,44,4.3,震度２
2025-03-30 19:35:44,茨城県沖,37,3.6,震度１
2025-03-30 14:29:52,千葉県東方沖,58,3.8,震度１
2025-03-30 10:46:20,有明海,11,3.4,震度２
2025-03-30 10:18:30,千葉県南東沖,69,4.9,震度２
2025-03-30 08:47:37,千葉県北西部,67,3.8,震度１
2025-03-29 23:48:14,熊本県天草・芦北地方,12,3.2,震度１
2025-03-29 22:00:37,国後島付近,163,4.3,震度１
2025-03-29 13:21:19,石川県西方沖,13,3.2,震度１
2025-03-29 04:45:15,大隅半島東方沖,33,4.6,震度３
2025-03-29 00:09:45,熊本県天草・芦北地方,10,3.0,震度１
2025-03-28 11:34:58,熊本県阿蘇地方,12,2.7,震度２
2025-03-28 10:18:49,津軽海峡,122,3.5,震度１
2025-03-28 04:41:25,石川県能登地方,9,2.7,震度１
2025-03-28 03:50:39,千葉県北東部,54,4.4,震度２
2025-03-28 01:00:59,宗谷地方北部,0,2.8,震度２
2025-03-27 17:16:47,岐阜県美濃中西部,9,3.1,震度２
2025-03-27 11:56:01,紀伊水道,13,3.1,震度２
2025-03-26 12:29:06,愛知県西部,39,2.8,震度１
2025-03-26 09:47:44,千葉県南部,25,2.6,震度１
2025-03-26 00:46:00,能登半島沖,6,2.6,震度１
2025-03-26 00:25:46,上川地方北部,0,1.1,震度１
2025-03-25 19:39:26,根室地方南部,81,3.9,震度２
2025-03-25 11:16:27,胆振地方中東部,34,3.5,震度１
2025-03-25 10:59:20,千葉県南部,26,3.1,震度２
2025-03-25 08:19:36,福島県沖,56,4.3,震度２
2025-03-25 08:06:42,沖縄本島近海,53,3.3,震度１
2025-03-25 06:53:19,宗谷地方北部,0,3.0,震度３
2025-03-24 21:49:41,千葉県北西部,70,3.0,震度１
2025-03-24 12:06:49,長野県北部,10,2.5,震度１
2025-03-24 11:49:55,北海道南西沖,10,3.1,震度１
2025-03-24 11:37:52,長野県北部,8,3.7,震度３
2025-03-24 11:34:25,長野県北部,8,2.8,震度１
2025-03-23 08:16:34,茨城県南部,72,3.1,震度１
2025-03-23 07:14:28,宮古島北西沖,126,5.2,震度１
2025-03-23 06:01:24,福島県沖,43,3.5,震度１
2025-03-22 18:41:57,茨城県沖,52,4.1,震度３
2025-03-22 03:02:04,鹿児島県薩摩地方,8,2.0,震度１
2025-03-22 01:00:37,岐阜県美濃中西部,7,2.2,震度１
2025-03-21 17:41:30,和歌山県北部,6,2.4,震度１
2025-03-21 00:59:07,三重県北部,15,2.2,震度１
2025-03-21 00:05:18,福島県会津,4,2.1,震度１
2025-03-20 19:46:06,日高地方中部,42,3.7,震度１
2025-03-20 17:35:37,石川県西方沖,12,3.7,震度１
2025-03-20 12:42:15,熊本県天草・芦北地方,10,3.2,震度１
2025-03-20 10:20:46,奄美大島近海,35,3.8,震度１
2025-03-20 04:25:29,能登半島沖,7,3.3,震度３
2025-03-20 02:12:35,紀伊水道,7,2.6,震度１
2025-03-19 13:25:14,能登半島沖,6,4.7,震度４
2025-03-18 21:05:49,宮古島近海,52,3.4,震度１
2025-03-18 17:28:54,熊本県熊本地方,9,3.8,震度２
2025-03-18 07:58:39,熊本県熊本地方,9,3.5,震度２
2025-03-18 07:30:47,宮城県沖,49,4.1,震度２
2025-03-18 05:47:41,熊本県熊本地方,9,2.9,震度１
2025-03-18 05:00:35,熊本県熊本地方,10,4.8,震度４
2025-03-17 22:32:39,岩手県沖,49,3.4,震度１
2025-03-17 21:57:16,岩手県沖,50,4.3,震度２
2025-03-17 18:22:27,奄美大島北東沖,40,4.5,震度１
2025-03-17 07:45:46,埼玉県北部,93,3.2,震度１
2025-03-17 06:23:23,福井県嶺南,13,3.5,震度２
2025-03-17 03:34:59,静岡県東部,12,2.3,震度１
2025-03-17 02:36:49,能登半島沖,6,3.1,震度２
2025-03-17 00:54:12,奄美大島近海,20,3.6,震度２
2025-03-17 00:49:53,十勝地方中部,111,4.0,震度２
2025-03-16 23:58:21,釧路地方中南部,131,3.9,震度１
2025-03-16 23:55:51,沖縄本島近海,65,3.9,震度１
2025-03-16 23:11:24,東京湾,67,3.0,震度１
2025-03-16 21:58:50,熊本県天草・芦北地方,12,3.4,震度１
2025-03-15 22:50:06,胆振地方中東部,141,4.2,震度１
2025-03-15 21:22:13,能登半島沖,10,3.7,震度２
2025-03-15 15:40:35,茨城県北部,55,3.6,震度２
2025-03-15 10:55:44,静岡県中部,22,2.6,震度１
2025-03-15 01:44:47,奄美大島近海,64,4.1,震度１
2025-03-14 19:06:17,岩手県沖,13,4.2,震度２
2025-03-14 06:20:01,石川県西方沖,10,3.7,震度１
2025-03-14 03:53:50,北海道東方沖,68,4.7,震度１
2025-03-13 23:57:01,神奈川県西部,19,3.0,震度２
2025-03-13 04:40:50,福島県中通り,10,2.5,震度１
2025-03-13 01:41:16,奈良県,55,3.3,震度１
2025-03-13 01:27:27,岩手県内陸南部,8,3.0,震度１
2025-03-12 23:20:15,福島県中通り,81,4.2,震度３
2025-03-12 21:08:02,宮城県沖,41,3.8,震度１
2025-03-12 16:41:34,沖縄本島近海,13,2.9,震度２
2025-03-12 04:33:45,福島県会津,4,1.9,震度１
2025-03-12 02:23:08,トカラ列島近海,5,1.9,震度１
2025-03-12 02:19:34,トカラ列島近海,0,2.1,震度２
2025-03-11 19:36:00,沖縄本島近海,15,3.5,震度２
2025-03-11 12:23:02,沖縄本島北西沖,85,3.8,震度１
2025-03-11 11:41:22,十勝沖,71,4.4,震度２
2025-03-11 11:10:46,奄美大島北東沖,62,5.2,震度２
2025-03-11 10:04:51,秋田県内陸南部,9,2.7,震度１
2025-03-11 09:26:48,奄美大島北東沖,53,4.6,震度１
2025-03-11 08:04:19,沖縄本島近海,48,3.5,震度２
2025-03-10 18:43:53,宮城県沖,44,4.0,震度１
2025-03-10 18:18:04,胆振地方中東部,42,3.2,震度１
2025-03-10 05:49:09,石川県能登地方,13,2.6,震度１
2025-03-09 14:57:56,奄美大島近海,55,4.9,震度２
2025-03-09 14:02:46,愛知県西部,8,2.6,震度１
2025-03-09 13:24:22,奄美大島北東沖,58,5.0,震度１
2025-03-09 13:20:53,奄美大島北東沖,57,4.5,震度２
2025-03-09 11:41:56,大阪湾,14,2.9,震度１
2025-03-09 10:29:50,埼玉県南部,80,3.0,震度１
2025-03-09 09:09:19,奄美大島近海,37,4.3,震度１
2025-03-09 09:04:44,奄美大島近海,35,3.5,震度１
2025-03-09 08:42:54,奄美大島北東沖,63,5.9,震度３
2025-03-09 04:07:03,奄美大島近海,52,3.9,震度１
2025-03-09 03:57:13,奄美大島北東沖,59,4.1,震度２
2025-03-09 03:54:05,奄美大島北東沖,62,5.8,震度４
2025-03-09 02:49:47,豊後水道,39,3.1,震度１
2025-03-09 00:37:33,奄美大島北東沖,50,4.0,震度１
2025-03-09 00:02:49,和歌山県北部,3,2.0,震度１
2025-03-08 23:33:08,豊後水道,45,3.1,震度１
2025-03-08 16:12:14,岩手県沖,39,5.0,震度２
2025-03-08 12:31:33,日高地方東部,50,3.8,震度１
2025-03-08 08:41:03,和歌山県北部,6,2.2,震度１
2025-03-08 03:56:38,青森県西方沖,33,3.3,震度１
2025-03-08 01:01:04,滋賀県南部,11,3.0,震度１
2025-03-07 23:51:53,和歌山県北部,9,2.7,震度１
2025-03-06 23:34:08,根室半島南東沖,51,3.2,震度１
2025-03-06 18:55:32,沖縄本島近海,43,2.9,震度１
2025-03-06 12:58:56,和歌山県南部,32,4.0,震度３
2025-03-05 21:06:32,北海道東方沖,82,4.6,震度１
2025-03-04 15:12:04,茨城県南部,53,4.0,震度３
2025-03-04 09:42:37,石川県西方沖,13,3.4,震度１
2025-03-03 21:11:49,岩手県沖,48,3.3,震度１
2025-03-03 14:38:04,福島県会津,4,2.4,震度１
2025-03-03 12:50:59,群馬県南部,139,4.2,震度２
2025-03-03 09:15:22,秋田県内陸南部,6,2.0,震度１
2025-03-02 23:39:24,埼玉県南部,54,3.1,震度１
2025-03-02 18:55:27,石川県能登地方,5,3.2,震度２
2025-03-02 04:23:29,宮城県北部,71,3.7,震度２
2025-03-01 22:17:02,宮城県沖,51,3.9,震度２
2025-03-01 13:42:43,福島県会津,4,1.8,震度１
2025-03-01 13:29:46,岩手県沖,48,3.6,震度１
2025-02-28 20:02:08,和歌山県北部,5,2.2,震度１
2025-02-28 15:29:36,高知県中部,36,3.8,震度２
2025-02-28 13:37:24,能登半島沖,3,2.4,震度１
2025-02-27 13:01:01,石川県西方沖,13,3.4,震度２
2025-02-27 04:45:01,石川県西方沖,13,3.8,震度２
2025-02-27 03:32:19,静岡県伊豆地方,6,2.2,震度１
2025-02-27 01:58:07,愛知県西部,44,3.0,震度１
2025-02-27 01:16:52,静岡県伊豆地方,3,2.1,震度１
2025-02-26 14:53:24,三重県南東沖,398,5.9,震度２
2025-02-26 08:22:53,岩手県沖,38,4.6,震度１
2025-02-26 07:22:12,日高地方東部,51,3.6,震度１
2025-02-26 02:10:43,宮古島近海,47,3.8,震度１
2025-02-26 01:42:28,三重県北部,15,2.8,震度１
2025-02-25 21:50:10,茨城県南部,96,4.0,震度２
2025-02-25 17:41:34,石川県西方沖,12,3.0,震度１
2025-02-25 15:00:35,釧路沖,38,3.8,震度２
2025-02-25 14:52:25,石川県西方沖,12,3.0,震度１
2025-02-25 13:10:12,石川県能登地方,7,2.7,震度１
2025-02-25 12:49:40,福井県嶺北,10,2.1,震度１
2025-02-25 03:43:20,石川県西方沖,12,3.6,震度１
2025-02-25 02:44:00,石川県西方沖,14,3.7,震度２
2025-02-25 01:30:42,苫小牧沖,107,4.3,震度１
2025-02-24 21:53:49,福島県会津,4,2.2,震度１
2025-02-24 20:02:08,石川県能登地方,7,2.1,震度１
2025-02-24 13:25:33,熊本県天草・芦北地方,10,2.7,震度１
2025-02-24 10:20:26,熊本県天草・芦北地方,10,2.7,震度１
2025-02-24 08:35:43,石川県西方沖,11,3.3,震度２
2025-02-24 08:32:59,石川県西方沖,11,3.1,震度１
2025-02-24 07:12:39,石川県西方沖,12,3.2,震度１
2025-02-24 07:07:07,石川県西方沖,13,4.4,震度３
2025-02-24 05:24:10,京都府北部,12,3.6,震度２
2025-02-24 05:14:53,石川県西方沖,13,3.2,震度１
2025-02-24 05:06:20,石川県西方沖,12,3.6,震度１
2025-02-24 04:17:45,石川県西方沖,12,2.9,震度１
2025-02-24 04:10:51,石川県西方沖,16,3.0,震度１
2025-02-24 04:08:58,石川県西方沖,9,4.9,震度３
2025-02-24 04:07:52,千葉県南東沖,88,4.7,震度３
2025-02-23 13:08:05,宮城県沖,56,4.6,震度３
2025-02-23 10:55:32,滋賀県南部,11,2.7,震度１
2025-02-23 10:22:03,福島県沖,15,4.0,震度２
2025-02-22 22:07:34,青森県東方沖,23,4.2,震度１
2025-02-22 21:25:18,熊本県熊本地方,5,1.9,震度２
2025-02-22 02:27:40,石川県西方沖,10,3.7,震度２
2025-02-21 22:01:46,福島県沖,49,4.9,震度４
2025-02-21 19:37:33,和歌山県北部,6,2.3,震度１
2025-02-21 18:56:31,父島近海,60,4.1,震度１
2025-02-21 18:44:12,宮古島近海,47,3.5,震度１
2025-02-21 17:24:39,和歌山県北部,6,3.4,震度３
2025-02-21 13:41:27,岩手県沿岸北部,59,4.1,震度２
2025-02-20 22:13:45,山梨県東部・富士五湖,22,4.4,震度３
2025-02-20 14:16:44,瀬戸内海中部,19,3.0,震度１
2025-02-20 08:25:57,宮城県沖,61,4.3,震度２
2025-02-19 23:13:30,青森県東方沖,53,3.8,震度１
2025-02-19 19:36:24,鹿児島県薩摩地方,134,3.7,震度１
2025-02-19 04:36:07,青森県三八上北地方,87,3.8,震度２
2025-02-19 01:38:43,鹿児島県薩摩地方,0,1.4,震度２
2025-02-19 01:36:43,鹿児島県薩摩地方,0,1.5,震度２
2025-02-18 12:29:21,宮崎県北部平野部,17,2.5,震度１
2025-02-18 12:01:22,和歌山県北部,7,3.2,震度２
2025-02-18 09:38:44,北海道東方沖,3,5.1,震度１
2025-02-18 08:55:17,沖縄本島近海,48,3.2,震度１
2025-02-18 01:46:47,兵庫県南東部,7,2.7,震度１
2025-02-17 14:20:17,十勝地方中部,13,3.3,震度１
2025-02-17 14:07:35,徳島県南部,6,3.3,震度２
2025-02-17 13:29:18,鹿児島県薩摩地方,0,2.1,震度２
2025-02-17 13:04:17,沖縄本島北西沖,92,4.6,震度２
2025-02-17 12:57:59,熊本県熊本地方,13,3.6,震度２
2025-02-17 02:16:05,千葉県北東部,11,3.3,震度１
2025-02-17 00:36:01,福島県中通り,81,3.1,震度１
2025-02-16 08:15:33,和歌山県北部,4,1.8,震度１
2025-02-16 00:55:31,岩手県沖,42,3.8,震度２
2025-02-15 23:31:25,岩手県沖,26,4.3,震度１
2025-02-15 21:45:39,豊後水道,37,3.1,震度１
2025-02-15 20:34:10,青森県東方沖,27,4.7,震度１
2025-02-15 19:59:19,栃木県北部,102,3.6,震度１
2025-02-15 18:03:42,福島県沖,57,3.9,震度１
2025-02-15 13:05:28,石川県能登地方,11,2.9,震度１
2025-02-15 12:28:56,福島県沖,20,3.7,震度１
2025-02-15 09:59:08,岩手県沿岸北部,84,3.4,震度１
2025-02-15 09:43:26,紀伊水道,13,2.7,震度１
2025-02-14 11:59:20,福島県会津,7,2.7,震度１
2025-02-13 21:40:59,福島県会津,7,2.4,震度１
2025-02-13 21:39:35,福島県会津,7,2.7,震度２
2025-02-13 18:05:52,兵庫県南西部,13,3.2,震度１
2025-02-13 14:56:30,石川県能登地方,12,3.4,震度１
2025-02-13 10:05:07,福島県会津,4,2.8,震度２
2025-02-13 06:04:30,宮城県沖,52,4.9,震度３
2025-02-12 23:37:37,岩手県沖,65,4.7,震度３
2025-02-12 18:25:08,紀伊水道,5,1.7,震度１
2025-02-12 05:41:08,栃木県南部,58,3.9,震度２
2025-02-12 04:46:52,長野県南部,6,2.5,震度１
2025-02-11 22:05:19,和歌山県北部,4,2.2,震度１
2025-02-11 11:31:27,奄美大島近海,56,3.4,震度１
2025-02-11 10:25:23,釧路沖,31,4.4,震度２
2025-02-10 23:16:55,苫小牧沖,90,5.0,震度２
2025-02-10 17:17:02,京都府南部,11,2.3,震度１
2025-02-10 16:40:59,石川県能登地方,10,3.0,震度１
2025-02-10 14:12:32,佐渡付近,13,3.6,震度２
2025-02-10 09:24:50,京都府南部,11,2.5,震度１
2025-02-10 02:55:48,福島県沖,42,3.7,震度１
2025-02-09 17:21:19,熊本県天草・芦北地方,10,2.9,震度１
2025-02-09 15:55:47,根室地方南部,76,3.6,震度１
2025-02-09 10:59:17,長野県南部,7,3.5,震度３
2025-02-09 08:54:49,宮崎県北部平野部,14,2.5,震度１
2025-02-08 12:33:59,和歌山県北部,6,2.3,震度１
2025-02-08 07:48:39,沖縄本島近海,69,3.2,震度１
2025-02-07 13:38:21,能登半島沖,7,1.7,震度１
2025-02-07 12:36:00,十勝地方北部,156,4.8,震度２
2025-02-07 09:08:45,岩手県沖,48,3.2,震度１
2025-02-07 02:53:10,鹿児島県薩摩地方,0,0.9,震度１
2025-02-06 18:16:48,京都府南部,8,2.8,震度１
2025-02-06 12:03:29,岩手県沖,49,4.0,震度２
2025-02-05 22:47:08,宮城県沖,20,3.4,震度１
2025-02-05 21:55:39,岩手県沖,48,3.2,震度１
2025-02-04 23:33:47,福島県会津,4,1.6,震度１
2025-02-04 21:10:14,神奈川県東部,20,2.5,震度１
2025-02-04 18:12:23,宮古島近海,53,4.0,震度１
2025-02-04 16:12:46,福島県会津,7,2.4,震度１
2025-02-04 10:37:22,茨城県北部,98,3.5,震度１
2025-02-04 04:15:00,奄美大島北東沖,83,5.2,震度３
2025-02-03 17:24:30,浦河沖,46,3.9,震度１
2025-02-03 16:25:48,福島県沖,66,3.9,震度１
2025-02-03 10:27:10,岐阜県飛騨地方,4,2.9,震度１
2025-02-03 09:14:55,和歌山県北部,5,2.4,震度２
2025-02-03 05:37:52,沖縄本島近海,15,4.5,震度１
2025-02-03 03:15:25,宮城県沖,52,3.8,震度１
2025-02-03 01:34:53,石川県西方沖,12,2.8,震度１
2025-02-02 19:41:52,沖縄本島近海,31,3.2,震度１
2025-02-02 17:13:09,福島県沖,49,4.0,震度２
2025-02-02 08:33:31,福島県会津,4,1.6,震度１
2025-02-02 07:48:33,福島県会津,3,2.1,震度１
2025-02-01 17:07:43,福島県会津,4,1.5,震度１
2025-02-01 08:16:56,福岡県北九州地方,8,3.1,震度２
2025-02-01 07:16:54,種子島近海,147,4.0,震度１
2025-02-01 04:43:41,石川県西方沖,11,3.8,震度１
2025-02-01 04:04:20,福島県会津,5,1.6,震度１
2025-01-31 23:24:40,種子島近海,15,3.0,震度１
2025-01-31 19:42:41,岩手県沖,52,3.6,震度１
2025-01-31 15:43:59,福島県会津,3,2.4,震度２
2025-01-31 05:28:10,長野県南部,14,3.1,震度１
2025-01-30 22:42:35,宮城県沖,47,3.5,震度１
2025-01-30 21:00:51,父島近海,45,4.5,震度３
2025-01-30 18:21:09,福島県会津,3,2.7,震度１
2025-01-30 17:18:30,茨城県北部,79,3.6,震度２
2025-01-30 01:22:32,岐阜県飛騨地方,6,2.1,震度１
2025-01-29 19:25:52,福島県会津,4,2.1,震度１
2025-01-29 08:58:32,石川県能登地方,11,4.0,震度３
2025-01-28 15:34:12,福島県会津,3,2.6,震度２
2025-01-28 07:31:09,石川県能登地方,8,2.4,震度１
2025-01-28 01:38:20,駿河湾南方沖,38,3.9,震度２
2025-01-27 18:41:21,福島県会津,5,1.6,震度１
2025-01-27 14:06:44,日向灘,29,4.2,震度２
2025-01-27 10:11:38,青森県東方沖,53,3.7,震度１
2025-01-27 05:56:20,鹿児島湾,5,2.8,震度２
2025-01-27 01:31:44,宮古島近海,31,4.9,震度２
2025-01-26 20:05:11,伊予灘,51,2.8,震度１
2025-01-26 12:42:44,福島県会津,4,1.6,震度１
2025-01-26 10:01:42,福島県会津,5,2.0,震度１
2025-01-26 09:42:36,福島県会津,4,2.2,震度２
2025-01-26 09:16:18,三重県北部,40,3.2,震度１
2025-01-26 09:07:13,福島県会津,4,2.1,震度２
2025-01-26 09:05:14,紀伊水道,39,3.2,震度１
2025-01-26 08:15:30,福島県会津,4,2.1,震度１
2025-01-26 08:11:29,静岡県中部,21,3.4,震度２
2025-01-26 03:14:17,トカラ列島近海,10,3.1,震度２
2025-01-26 00:32:43,新潟県中越地方,11,2.3,震度１
2025-01-25 22:19:56,福島県会津,3,2.1,震度１
2025-01-25 16:17:28,福島県会津,4,2.3,震度１
2025-01-25 15:23:00,福島県会津,3,2.4,震度２
2025-01-25 13:46:59,伊予灘,52,3.4,震度１
2025-01-25 12:14:58,和歌山県北部,4,2.4,震度１
2025-01-25 11:32:36,徳島県南部,14,2.5,震度１
2025-01-25 10:15:17,石川県能登地方,8,3.1,震度１
2025-01-25 05:10:27,福島県会津,4,2.0,震度１
2025-01-25 04:39:44,福島県会津,4,2.7,震度２
2025-01-25 04:21:32,福島県会津,3,2.5,震度１
2025-01-24 21:13:13,福島県会津,4,1.4,震度１
2025-01-24 17:33:37,福島県会津,3,2.3,震度１
2025-01-24 14:45:00,福島県会津,4,1.7,震度１
2025-01-24 14:31:49,千葉県東方沖,50,3.5,震度２
2025-01-24 09:09:36,福島県会津,4,2.5,震度２
2025-01-24 08:45:01,福島県会津,4,1.6,震度１
2025-01-24 08:31:25,福島県会津,3,2.2,震度１
2025-01-24 06:06:48,福島県会津,3,2.0,震度１
2025-01-24 05:31:23,福島県会津,4,1.9,震度１
2025-01-24 03:34:32,福島県会津,3,2.4,震度２
2025-01-24 03:22:00,福島県会津,3,2.0,震度１
2025-01-24 03:01:50,福島県会津,3,3.8,震度３
2025-01-24 00:14:45,福島県会津,4,2.1,震度２
2025-01-24 00:08:30,福島県会津,3,1.6,震度１
2025-01-23 23:24:58,福島県会津,3,2.9,震度２
2025-01-23 23:11:38,福島県会津,4,2.0,震度１
2025-01-23 21:17:25,福島県会津,4,1.9,震度１
2025-01-23 20:15:44,福島県会津,3,3.2,震度２
2025-01-23 20:07:42,福島県会津,4,1.7,震度１
2025-01-23 18:17:54,福島県会津,4,1.9,震度２
2025-01-23 17:32:46,福島県会津,4,2.1,震度１
2025-01-23 16:32:06,福島県会津,4,1.5,震度１
2025-01-23 16:22:33,福島県会津,4,1.9,震度２
2025-01-23 14:37:52,釧路沖,33,3.9,震度１
2025-01-23 14:23:02,福島県会津,4,1.8,震度１
2025-01-23 11:32:34,福島県会津,5,2.5,震度２
2025-01-23 09:40:34,栃木県南部,112,3.4,震度１
2025-01-23 09:27:48,福島県会津,4,1.5,震度１
2025-01-23 09:21:17,福島県会津,4,1.9,震度１
2025-01-23 08:37:41,福島県会津,4,2.0,震度１
2025-01-23 08:33:30,福島県会津,4,2.0,震度１
2025-01-23 08:26:12,福島県会津,4,2.3,震度１
2025-01-23 08:17:56,福島県会津,4,2.1,震度１
2025-01-23 08:15:50,福島県会津,4,1.6,震度１
2025-01-23 08:09:03,福島県会津,3,4.7,震度４
2025-01-23 07:41:46,福島県会津,3,2.5,震度２
2025-01-23 07:32:35,福島県会津,4,1.7,震度１
2025-01-23 06:32:13,父島近海,46,3.7,震度１
2025-01-23 06:11:12,福島県会津,4,2.1,震度１
2025-01-23 06:04:57,福島県会津,5,1.5,震度１
2025-01-23 04:53:18,福島県会津,3,2.4,震度１
2025-01-23 04:47:43,石川県西方沖,11,2.6,震度２
2025-01-23 04:20:31,福島県会津,3,2.9,震度３
2025-01-23 04:18:41,福島県会津,5,1.9,震度１
2025-01-23 04:16:28,福島県会津,4,2.3,震度２
2025-01-23 04:09:31,福島県会津,4,2.2,震度１
2025-01-23 04:07:49,福島県会津,3,1.9,震度１
2025-01-23 03:47:44,福島県会津,4,2.2,震度１
2025-01-23 03:43:46,福島県会津,4,2.4,震度１
2025-01-23 03:41:32,福島県会津,5,2.1,震度１
2025-01-23 03:28:43,福島県会津,3,2.8,震度３
2025-01-23 03:27:32,福島県会津,4,1.4,震度１
2025-01-23 03:21:29,福島県会津,4,2.7,震度３
2025-01-23 03:14:51,福島県会津,4,2.1,震度２
2025-01-23 03:12:20,福島県会津,4,2.1,震度１
2025-01-23 03:02:18,福島県会津,4,1.7,震度１
2025-01-23 03:01:05,福島県会津,3,2.0,震度２
2025-01-23 02:57:32,福島県会津,4,3.0,震度３
2025-01-23 02:51:38,福島県会津,3,2.3,震度２
2025-01-23 02:50:31,福島県会津,5,2.5,震度２
2025-01-23 02:49:28,福島県会津,4,5.2,震度５弱
2025-01-22 13:37:32,日高地方東部,53,3.4,震度１
2025-01-22 09:45:07,山梨県東部・富士五湖,24,3.4,震度２
2025-01-22 06:06:30,福島県会津,4,3.3,震度３
2025-01-22 03:29:40,福島県会津,4,2.0,震度１
2025-01-22 03:25:56,福島県会津,4,2.0,震度１
2025-01-22 03:22:21,福島県会津,4,2.2,震度１
2025-01-22 03:03:29,福島県会津,4,2.6,震度１
2025-01-22 00:11:48,福島県沖,55,3.7,震度１
2025-01-21 22:31:27,日向灘,30,4.1,震度２
2025-01-21 22:01:37,日高地方西部,0,2.7,震度１
2025-01-21 20:55:02,福島県会津,4,2.1,震度１
2025-01-21 15:06:46,茨城県沖,42,3.6,震度１
2025-01-21 13:23:29,茨城県北部,9,2.7,震度１
2025-01-21 09:03:42,福島県会津,4,2.2,震度２
2025-01-21 08:54:30,福島県会津,4,3.1,震度２
2025-01-21 06:54:48,福島県会津,4,1.8,震度１
2025-01-21 06:49:31,福島県会津,4,1.8,震度１
2025-01-21 06:42:56,福島県会津,4,2.6,震度２
2025-01-21 06:34:32,福島県会津,4,2.9,震度２
2025-01-21 05:48:38,福島県会津,4,2.7,震度１
2025-01-21 05:39:14,兵庫県南東部,8,2.6,震度１
2025-01-21 03:14:36,宮城県沖,69,4.4,震度３
2025-01-21 02:33:54,伊勢湾,16,2.7,震度２
2025-01-21 01:17:26,台湾付近,8,6.1,震度１
2025-01-20 22:00:18,三重県南東沖,39,3.6,震度１
2025-01-20 20:58:42,長野県北部,9,1.8,震度１
2025-01-20 13:26:03,石川県能登地方,6,2.6,震度１
2025-01-19 14:42:21,トカラ列島近海,0,1.6,震度２
2025-01-19 14:36:48,長野県北部,10,2.6,震度２
2025-01-19 04:44:18,石垣島近海,29,5.2,震度１
2025-01-19 01:49:18,岐阜県飛騨地方,6,2.4,震度１
2025-01-18 20:50:29,三宅島近海,23,3.8,震度１
2025-01-18 10:07:41,石川県西方沖,12,3.3,震度１
2025-01-18 04:57:52,沖縄本島近海,34,4.0,震度１
2025-01-18 00:38:14,和歌山県南部,12,2.8,震度１
2025-01-18 00:11:42,茨城県沖,39,3.2,震度１
2025-01-17 22:11:30,福島県沖,43,3.7,震度１
2025-01-17 20:32:57,日向灘,19,4.4,震度２
2025-01-17 13:31:49,宮城県沖,56,3.8,震度１
2025-01-17 12:51:39,茨城県沖,53,3.6,震度２
2025-01-17 10:10:03,茨城県北部,7,3.7,震度２
2025-01-16 22:14:07,和歌山県北部,5,2.6,震度２
2025-01-16 22:09:33,宮古島近海,49,3.8,震度１
2025-01-16 21:22:22,石川県西方沖,13,4.1,震度３
2025-01-16 14:30:23,和歌山県北部,5,2.0,震度１
2025-01-16 14:25:49,和歌山県北部,6,2.9,震度２
2025-01-16 09:07:25,千葉県南東沖,46,4.4,震度３
2025-01-16 07:38:22,青森県東方沖,53,4.8,震度３
2025-01-16 04:22:02,奄美大島近海,56,4.3,震度１
2025-01-15 18:24:41,釧路地方中南部,108,3.9,震度１
2025-01-15 09:52:28,渡島地方西部,7,2.3,震度１
2025-01-15 02:55:13,日向灘,30,3.9,震度２
2025-01-15 02:12:38,日向灘,29,5.4,震度４
2025-01-14 21:44:27,岩手県沖,48,3.9,震度２
2025-01-14 15:07:05,和歌山県北部,6,2.5,震度１
2025-01-14 14:53:21,岐阜県美濃中西部,9,2.4,震度１
2025-01-14 14:33:26,和歌山県北部,5,3.0,震度２
2025-01-14 13:54:25,和歌山県北部,6,2.5,震度１
2025-01-14 13:46:12,和歌山県北部,5,2.9,震度１
2025-01-14 10:56:30,日向灘,38,4.3,震度１
2025-01-14 01:56:49,豊後水道,46,3.0,震度１
2025-01-14 01:21:59,日向灘,29,4.2,震度２
2025-01-14 01:14:55,日向灘,28,5.0,震度３
2025-01-14 00:28:57,日向灘,29,3.4,震度１
2025-01-13 23:17:41,日向灘,31,3.5,震度２
2025-01-13 22:10:48,日向灘,29,3.6,震度１
2025-01-13 21:51:49,日向灘,30,3.7,震度１
2025-01-13 21:42:13,日向灘,29,4.3,震度２
2025-01-13 21:35:21,日向灘,28,4.0,震度１
2025-01-13 21:29:37,日向灘,28,4.4,震度２
2025-01-13 21:19:32,日向灘,36,6.6,震度５弱
2025-01-13 07:21:11,父島近海,22,5.1,震度１
2025-01-12 23:27:24,大阪府南部,8,2.4,震度１
2025-01-12 06:39:45,福島県会津,7,2.9,震度１
2025-01-12 00:15:48,石川県西方沖,10,3.3,震度１
2025-01-11 11:02:07,長野県中部,8,2.3,震度１
2025-01-11 05:54:12,石川県西方沖,8,3.6,震度１
2025-01-10 23:43:50,能登半島沖,9,2.7,震度１
2025-01-10 17:39:22,千葉県北西部,63,3.3,震度１
2025-01-10 01:26:04,日向灘,22,4.2,震度２
2025-01-09 04:15:48,栃木県南部,72,4.0,震度２
2025-01-08 23:49:32,石川県能登地方,8,3.5,震度２
2025-01-08 23:40:29,種子島南東沖,26,4.3,震度１
2025-01-08 14:22:23,栃木県南部,80,3.6,震度２
2025-01-08 10:55:19,三重県中部,8,3.0,震度１
2025-01-08 04:18:44,トカラ列島近海,14,2.6,震度１
2025-01-08 02:23:49,硫黄島近海,543,5.9,震度１
2025-01-07 23:07:08,北海道北西沖,16,2.6,震度１
2025-01-07 23:00:26,茨城県北部,62,3.1,震度１
2025-01-07 19:19:50,沖縄本島近海,43,3.9,震度２
2025-01-07 17:31:31,鳥島近海,381,5.6,震度２
2025-01-07 15:22:14,宮崎県南部平野部,17,2.0,震度１
2025-01-07 11:47:22,青森県津軽北部,161,4.5,震度１
2025-01-07 08:23:58,日向灘,23,3.4,震度１
2025-01-07 06:07:25,秋田県沖,19,3.6,震度２
2025-01-06 20:39:59,奄美大島近海,23,3.2,震度１
2025-01-06 18:22:50,日向灘,30,4.5,震度３
2025-01-06 16:50:30,石川県西方沖,13,3.4,震度１
2025-01-06 16:41:02,茨城県沖,42,3.3,震度１
2025-01-05 15:26:25,和歌山県北部,6,2.3,震度１
2025-01-05 15:12:11,熊本県阿蘇地方,5,2.1,震度１
2025-01-05 15:02:14,福島県沖,11,4.1,震度１
2025-01-05 10:33:06,岩手県沖,13,3.9,震度１
2025-01-05 09:17:04,岩手県沖,12,4.1,震度１
2025-01-05 08:54:11,トカラ列島近海,2,2.6,震度１
2025-01-05 08:51:11,山梨県東部・富士五湖,21,3.9,震度３
2025-01-05 05:05:46,千葉県南東沖,52,3.8,震度１
2025-01-04 14:27:47,新潟県上越地方,13,2.2,震度１
2025-01-04 07:35:34,和歌山県北部,6,2.2,震度１
2025-01-04 04:27:23,鹿児島県薩摩地方,0,1.3,震度１
2025-01-01 15:35:57,岩手県沿岸北部,58,3.3,震度１
2025-01-01 12:56:07,留萌地方南部,8,2.7,震度２
2025-01-01 09:37:45,根室半島南東沖,66,3.8,震度２
2025-01-01 08:51:40,日向灘,32,4.0,震度２
2024-12-31 11:01:07,宮城県北部,7,3.3,震度１
2024-12-31 01:33:07,奄美大島北西沖,12,4.2,震度１
2024-12-30 19:35:11,福島県会津,4,2.1,震度１
2024-12-30 18:34:14,鹿児島県薩摩地方,7,1.2,震度１
2024-12-30 18:20:53,奄美大島北西沖,17,4.4,震度２
2024-12-30 15:04:56,内浦湾,15,2.8,震度１
2024-12-30 10:16:06,石川県西方沖,13,3.2,震度１
2024-12-30 10:08:36,秋田県内陸南部,2,2.7,震度１
2024-12-29 14:19:53,津軽海峡,93,3.7,震度１
2024-12-29 04:36:23,石川県西方沖,10,4.2,震度２
2024-12-29 01:44:28,茨城県北部,7,3.7,震度２
2024-12-29 01:33:36,徳島県南部,14,3.9,震度３
2024-12-28 19:45:36,宮城県沖,50,3.6,震度１
2024-12-28 04:10:05,福島県沖,43,5.3,震度４
2024-12-28 02:22:42,和歌山県北部,8,2.8,震度１
2024-12-28 01:55:54,千葉県東方沖,56,4.2,震度２
2024-12-28 00:46:44,根室半島南東沖,50,4.3,震度１
2024-12-27 21:47:40,千島列島,210,6.8,震度２
2024-12-27 20:47:32,奄美大島北西沖,9,4.5,震度２
2024-12-27 19:14:15,山梨県東部・富士五湖,20,2.6,震度１
2024-12-27 04:52:11,茨城県沖,39,3.5,震度１
2024-12-26 22:17:54,奄美大島北西沖,7,4.1,震度１
2024-12-26 19:01:36,釧路地方中南部,71,3.5,震度２
2024-12-25 20:06:21,奄美大島北西沖,17,4.2,震度１
2024-12-25 16:32:29,岩手県内陸北部,11,2.5,震度１
2024-12-25 08:23:48,岐阜県美濃中西部,9,3.1,震度１
2024-12-24 23:18:15,長野県中部,4,2.8,震度２
2024-12-24 11:30:54,石川県能登地方,3,1.9,震度１
2024-12-24 07:11:57,石川県西方沖,12,4.4,震度３
2024-12-24 07:06:24,陸奥湾,10,3.1,震度１
2024-12-24 07:03:46,石川県西方沖,12,3.7,震度２
2024-12-24 06:55:33,島根県西部,12,3.8,震度３
2024-12-23 17:14:08,岩手県沖,97,3.7,震度１
2024-12-23 14:48:52,富山県西部,5,1.7,震度１
2024-12-23 09:57:26,日高地方中部,33,3.7,震度１
2024-12-22 19:15:09,富山県東部,7,3.0,震度１
2024-12-22 16:55:51,鹿児島県薩摩地方,171,4.7,震度２
2024-12-22 02:06:34,石川県西方沖,11,3.6,震度１
2024-12-21 19:48:57,大隅半島東方沖,23,3.5,震度１
2024-12-21 17:01:31,石川県能登地方,7,2.6,震度１
2024-12-21 12:58:05,茨城県南部,47,3.0,震度１
2024-12-21 08:06:22,福島県沖,30,3.2,震度１
2024-12-21 05:00:40,新潟県上中越沖,28,3.2,震度１
2024-12-21 04:16:39,茨城県沖,18,2.9,震度１
2024-12-21 03:58:26,八丈島東方沖,54,4.6,震度１
2024-12-20 18:10:24,長野県中部,9,2.8,震度１
2024-12-20 12:39:04,石川県西方沖,12,3.6,震度２
2024-12-20 11:51:28,日向灘,26,3.7,震度１
2024-12-20 08:11:49,陸奥湾,9,3.3,震度１
2024-12-20 00:06:20,石川県西方沖,13,3.8,震度１
2024-12-19 18:54:17,青森県津軽北部,14,3.1,震度２
2024-12-19 06:42:27,島根県東部,10,2.6,震度１
2024-12-18 19:04:27,茨城県北部,7,2.5,震度１
2024-12-18 00:38:42,石川県能登地方,10,3.3,震度２
2024-12-17 22:11:16,茨城県南部,54,4.2,震度４
2024-12-17 13:09:34,薩摩半島西方沖,164,5.2,震度３
2024-12-17 12:27:44,神奈川県西部,12,2.8,震度２
2024-12-17 09:22:56,能登半島沖,9,3.2,震度２
2024-12-16 16:21:01,岐阜県飛騨地方,6,2.1,震度１
2024-12-16 13:51:11,千葉県東方沖,47,3.4,震度１
2024-12-16 11:34:00,種子島近海,52,4.1,震度２
2024-12-16 04:37:55,和歌山県北部,6,4.2,震度３
2024-12-15 23:23:12,福島県沖,42,3.4,震度１
2024-12-15 22:45:45,和歌山県北部,8,2.4,震度１
2024-12-15 13:46:43,四国沖,29,3.7,震度１
2024-12-15 10:58:52,千葉県東方沖,56,3.4,震度２
2024-12-15 10:26:38,トカラ列島近海,15,2.0,震度１
2024-12-15 06:56:40,茨城県北部,9,2.7,震度１
2024-12-15 05:15:28,宮城県沖,48,2.9,震度１
2024-12-15 03:21:55,宮城県沖,49,3.6,震度１
2024-12-15 00:19:45,奄美大島近海,38,4.2,震度１
2024-12-14 20:27:31,岩手県沖,30,3.0,震度１
2024-12-14 11:59:16,長野県北部,11,2.1,震度１
2024-12-14 05:53:40,浦河沖,45,3.9,震度１
2024-12-14 03:58:21,日向灘,33,3.5,震度１
2024-12-14 03:16:54,根室地方北部,0,3.0,震度１
2024-12-14 00:26:10,茨城県北部,75,3.6,震度２
2024-12-13 18:17:39,宮城県沖,71,4.1,震度２
2024-12-13 15:16:43,岩手県沖,59,3.7,震度１
2024-12-13 11:35:42,十勝地方中部,89,3.9,震度１
2024-12-13 02:39:17,宮城県沖,57,3.9,震度１
2024-12-13 00:26:10,福島県沖,45,3.9,震度１
2024-12-12 18:17:22,福島県沖,45,4.3,震度２
2024-12-12 14:23:50,石川県西方沖,11,3.3,震度１
2024-12-12 10:39:03,長野県南部,9,2.0,震度１
2024-12-12 10:12:27,福島県沖,44,4.0,震度１
2024-12-11 02:50:02,和歌山県北部,6,2.5,震度１
2024-12-10 13:11:01,茨城県沖,49,3.2,震度１
2024-12-10 05:33:22,千葉県東方沖,53,4.8,震度２
2024-12-09 21:42:42,北海道東方沖,104,4.5,震度１
2024-12-09 21:00:22,岩手県沖,20,4.4,震度３
2024-12-09 18:33:53,熊本県熊本地方,12,3.0,震度２
2024-12-09 13:46:11,静岡県東部,9,2.4,震度２
2024-12-09 02:58:41,石川県能登地方,9,2.8,震度１
2024-12-08 22:58:46,石川県西方沖,12,4.2,震度２
2024-12-08 19:25:03,千島列島,302,6.1,震度１
2024-12-08 10:36:10,石川県西方沖,9,3.5,震度１
2024-12-08 07:39:43,千葉県北西部,69,4.1,震度２
2024-12-07 20:27:39,石川県西方沖,13,3.4,震度１
2024-12-07 17:34:32,奈良県,63,3.0,震度１
2024-12-07 10:15:50,淡路島付近,11,2.0,震度１
2024-12-07 08:28:02,京都府南部,8,2.3,震度１
2024-12-07 06:41:55,浦河沖,34,4.3,震度２
2024-12-06 17:38:51,茨城県北部,55,3.1,震度１
2024-12-06 15:23:29,熊本県熊本地方,6,2.2,震度１
2024-12-06 14:25:57,日向灘,34,4.5,震度３
2024-12-06 12:56:04,茨城県北部,8,3.4,震度２
2024-12-06 12:53:31,茨城県北部,7,4.1,震度２
2024-12-06 10:03:11,岩手県沖,29,4.3,震度１
2024-12-06 09:12:45,奄美大島近海,33,3.3,震度１
2024-12-06 06:46:20,能登半島沖,4,1.8,震度１
2024-12-05 23:35:59,東海道南方沖,378,4.9,震度１
2024-12-05 21:46:29,胆振地方中東部,35,2.7,震度１
2024-12-05 18:45:06,島根県東部,7,2.5,震度１
2024-12-05 12:55:09,東京都多摩東部,51,3.2,震度１
2024-12-05 09:56:24,長野県中部,5,2.2,震度１
2024-12-05 09:54:39,茨城県北部,10,2.9,震度１
2024-12-05 07:09:48,長野県中部,5,2.8,震度１
2024-12-04 19:11:42,茨城県南部,49,4.3,震度３
2024-12-04 14:44:26,石川県西方沖,11,3.2,震度１
2024-12-04 10:36:46,岩手県沖,52,3.8,震度１
2024-12-04 10:14:48,奄美大島近海,39,2.7,震度１
2024-12-04 09:46:57,石川県西方沖,10,3.0,震度１
2024-12-04 07:31:06,千葉県南東沖,79,4.4,震度１
2024-12-04 06:05:43,石川県西方沖,11,3.9,震度２
2024-12-04 00:59:01,石川県西方沖,10,3.7,震度１
2024-12-04 00:40:29,石川県西方沖,12,3.8,震度１
2024-12-03 22:38:51,石川県西方沖,12,2.9,震度１
2024-12-03 14:33:20,茨城県沖,35,4.1,震度２
2024-12-03 04:51:17,愛媛県東予,15,3.9,震度３
2024-12-02 17:40:45,岩手県沿岸北部,67,3.3,震度１
2024-12-02 14:43:35,茨城県南部,64,3.1,震度１
2024-12-02 14:36:51,長野県中部,5,3.5,震度２
2024-12-02 13:29:11,長野県中部,5,3.2,震度２
2024-12-02 09:24:01,石川県西方沖,9,3.8,震度１
2024-12-02 09:20:51,石川県西方沖,12,4.0,震度２
2024-12-02 08:39:52,新潟県上中越沖,19,4.0,震度１
2024-12-02 06:16:03,石川県西方沖,11,3.3,震度１
2024-12-02 05:48:57,石川県西方沖,11,3.8,震度２
2024-12-02 03:49:46,石川県西方沖,13,3.5,震度１
2024-12-02 03:17:59,石川県西方沖,11,3.3,震度１
2024-12-01 23:49:27,石川県西方沖,12,3.7,震度１
2024-12-01 23:12:47,福島県沖,6,3.9,震度１
2024-12-01 16:41:36,能登半島沖,10,3.2,震度２
2024-12-01 13:40:37,石川県西方沖,11,3.6,震度１
2024-12-01 13:14:58,石川県西方沖,9,3.8,震度１
2024-12-01 11:21:26,石川県西方沖,12,4.3,震度２
2024-12-01 07:31:03,石川県西方沖,10,2.8,震度１
2024-12-01 03:54:54,石川県西方沖,12,3.5,震度２
2024-12-01 01:24:15,愛媛県南予,42,3.6,震度１
2024-11-30 23:13:40,石川県西方沖,12,3.7,震度１
2024-11-30 22:56:03,千葉県東方沖,59,2.7,震度１
2024-11-30 18:07:03,与那国島近海,28,5.3,震度２
2024-11-30 18:06:28,石川県西方沖,11,4.1,震度２
2024-11-30 17:46:15,宮古島近海,70,5.8,震度３
2024-11-30 17:40:02,石川県西方沖,11,3.9,震度２
2024-11-30 17:34:11,与那国島近海,27,4.7,震度１
2024-11-30 14:16:17,宗谷地方北部,12,1.9,震度１
2024-11-30 13:18:52,熊本県熊本地方,8,2.5,震度１
2024-11-30 11:11:18,石川県西方沖,12,3.3,震度２
2024-11-30 11:04:56,岩手県沖,38,4.0,震度１
2024-11-30 10:22:07,石川県西方沖,9,4.0,震度２
2024-11-30 09:52:28,石川県西方沖,8,4.9,震度３
2024-11-30 09:30:09,石川県西方沖,13,3.5,震度２
2024-11-30 02:46:32,石川県西方沖,12,3.6,震度１
2024-11-30 00:44:31,石川県西方沖,13,3.5,震度２
2024-11-30 00:05:39,石川県西方沖,12,3.1,震度１
2024-11-29 22:53:14,石川県西方沖,13,3.1,震度１
2024-11-29 22:26:15,山形県置賜地方,10,3.4,震度１
2024-11-29 22:13:59,石川県能登地方,11,2.6,震度１
2024-11-29 18:21:58,石川県西方沖,12,4.0,震度１
2024-11-29 17:42:54,石川県西方沖,12,3.5,震度２
2024-11-29 17:14:27,奄美大島近海,10,3.5,震度２
2024-11-29 16:15:49,新潟県中越地方,15,2.2,震度１
2024-11-29 12:57:31,石川県能登地方,12,3.6,震度２
2024-11-29 11:11:03,石川県西方沖,12,3.0,震度１
2024-11-29 11:09:51,奄美大島近海,72,3.4,震度１
2024-11-29 05:24:18,陸奥湾,10,2.9,震度１
2024-11-29 00:45:21,石川県西方沖,11,3.7,震度１
2024-11-29 00:10:31,石川県西方沖,11,3.2,震度１
2024-11-28 23:08:45,石川県西方沖,10,3.6,震度１
2024-11-28 21:35:58,宮城県沖,55,3.8,震度２
2024-11-28 20:19:45,石川県西方沖,11,3.6,震度２
2024-11-28 19:22:34,石川県西方沖,12,3.4,震度２
2024-11-28 17:31:05,石川県西方沖,10,4.7,震度４
2024-11-28 17:16:51,石川県西方沖,12,3.9,震度１
2024-11-28 14:52:26,十勝地方南部,67,3.8,震度１
2024-11-28 14:46:27,石川県西方沖,11,2.8,震度１
2024-11-28 14:23:38,石川県西方沖,10,3.3,震度１
2024-11-28 11:18:47,日高地方西部,127,3.8,震度１
2024-11-28 09:37:38,石川県西方沖,12,3.2,震度１
2024-11-28 06:58:21,石川県西方沖,12,3.4,震度１
2024-11-28 06:53:32,石川県西方沖,9,3.0,震度１
2024-11-28 06:14:42,石川県西方沖,12,3.8,震度２
2024-11-28 04:12:06,茨城県北部,8,2.5,震度１
2024-11-28 03:39:28,石川県西方沖,9,3.1,震度１
2024-11-28 01:32:22,石川県西方沖,10,2.8,震度１
2024-11-28 00:56:00,石川県西方沖,11,2.9,震度１
2024-11-28 00:32:53,石川県西方沖,13,4.3,震度３
2024-11-28 00:24:30,石川県西方沖,12,3.0,震度１
2024-11-27 23:57:23,石川県西方沖,10,3.1,震度１
2024-11-27 23:28:57,石川県西方沖,10,2.9,震度１
2024-11-27 23:08:19,石川県西方沖,1,3.7,震度１
2024-11-27 21:11:53,石川県西方沖,12,3.2,震度１
2024-11-27 16:05:47,石川県西方沖,11,3.8,震度２
2024-11-27 16:03:45,石川県西方沖,12,3.4,震度２
2024-11-27 15:20:37,石川県西方沖,9,3.3,震度１
2024-11-27 15:01:22,石川県西方沖,11,4.1,震度２
2024-11-27 14:55:05,石川県西方沖,10,2.6,震度１
2024-11-27 13:24:03,石川県西方沖,11,2.8,震度１
2024-11-27 13:04:09,石川県西方沖,8,4.1,震度１
2024-11-27 13:01:50,石川県西方沖,12,3.6,震度１
2024-11-27 12:51:48,石川県西方沖,12,3.6,震度１
2024-11-27 12:48:20,石川県西方沖,12,3.9,震度２
2024-11-27 11:28:56,石川県西方沖,13,3.9,震度２
2024-11-27 10:53:53,釧路沖,58,3.7,震度１
2024-11-27 09:56:52,石川県西方沖,12,2.6,震度１
2024-11-27 08:08:46,石川県西方沖,12,2.9,震度１
2024-11-27 08:03:10,石川県西方沖,10,3.6,震度１
2024-11-27 07:50:50,石川県西方沖,7,3.4,震度２
2024-11-27 07:47:37,石川県西方沖,12,3.3,震度１
2024-11-27 06:45:05,石川県西方沖,7,3.5,震度１
2024-11-27 06:26:27,石川県西方沖,11,3.4,震度１
2024-11-27 05:45:09,石川県西方沖,12,3.0,震度１
2024-11-27 05:38:49,石川県西方沖,12,3.2,震度１
2024-11-27 05:03:22,石川県西方沖,10,3.4,震度１
2024-11-27 05:00:08,愛知県西部,41,2.8,震度１
2024-11-27 04:17:21,石川県西方沖,10,4.0,震度２
2024-11-27 04:11:57,石川県西方沖,9,3.9,震度１
2024-11-27 04:03:40,石川県西方沖,7,3.6,震度１
2024-11-27 03:55:41,石川県西方沖,11,3.9,震度１
2024-11-27 03:49:03,石川県西方沖,11,3.5,震度２
2024-11-27 03:45:53,石川県西方沖,10,3.6,震度１
2024-11-27 03:27:36,石川県西方沖,10,3.3,震度１
2024-11-27 03:17:25,石川県西方沖,12,3.3,震度１
2024-11-27 03:09:48,石川県西方沖,8,3.3,震度１
2024-11-27 03:08:07,石川県西方沖,11,3.8,震度２
2024-11-27 02:41:59,石川県西方沖,11,3.3,震度１
2024-11-27 02:22:47,石川県西方沖,12,4.0,震度２
2024-11-27 02:19:47,石川県西方沖,10,4.8,震度３
2024-11-27 02:13:22,石川県西方沖,11,3.8,震度２
2024-11-27 02:10:49,石川県西方沖,10,3.9,震度３
2024-11-27 01:48:12,石川県西方沖,12,3.9,震度２
2024-11-27 01:46:47,石川県西方沖,12,3.5,震度１
2024-11-27 01:43:47,石川県西方沖,13,3.4,震度１
2024-11-27 01:41:57,石川県西方沖,12,3.4,震度１
2024-11-27 01:32:06,石川県西方沖,13,3.3,震度１
2024-11-27 01:24:21,石川県西方沖,12,3.1,震度１
2024-11-27 01:20:48,石川県西方沖,13,2.9,震度１
2024-11-27 01:03:14,石川県西方沖,14,3.3,震度１
2024-11-27 00:59:53,石川県西方沖,13,3.3,震度１
2024-11-27 00:45:51,石川県西方沖,12,3.3,震度２
2024-11-27 00:44:34,石川県西方沖,9,3.3,震度１
2024-11-27 00:42:16,石川県西方沖,11,3.4,震度１
2024-11-27 00:40:22,石川県西方沖,8,3.1,震度１
2024-11-27 00:37:20,石川県西方沖,9,3.9,震度１
2024-11-27 00:36:23,石川県西方沖,5,3.6,震度１
2024-11-27 00:30:28,石川県西方沖,11,3.7,震度２
2024-11-27 00:26:53,石川県西方沖,10,3.0,震度１
2024-11-27 00:20:52,石川県西方沖,9,3.7,震度１
2024-11-27 00:17:51,石川県西方沖,12,3.6,震度２
2024-11-26 23:58:30,石川県西方沖,10,2.8,震度１
2024-11-26 23:56:26,石川県西方沖,8,4.0,震度２
2024-11-26 23:54:01,石川県西方沖,7,4.3,震度２
2024-11-26 23:52:51,石川県西方沖,11,4.9,震度３
2024-11-26 23:50:39,石川県西方沖,13,3.4,震度１
2024-11-26 23:43:40,石川県西方沖,6,3.2,震度１
2024-11-26 23:36:50,石川県西方沖,10,3.6,震度１
2024-11-26 23:33:38,石川県西方沖,7,3.5,震度２
2024-11-26 23:32:58,石川県西方沖,8,4.0,震度２
2024-11-26 23:30:06,石川県西方沖,9,3.6,震度１
2024-11-26 23:28:32,石川県西方沖,0,3.9,震度１
2024-11-26 23:27:15,石川県西方沖,8,3.6,震度１
2024-11-26 23:25:32,石川県西方沖,11,3.4,震度１
2024-11-26 23:21:44,石川県西方沖,9,2.9,震度１
2024-11-26 23:17:19,石川県西方沖,10,3.9,震度２
2024-11-26 23:15:41,石川県西方沖,6,3.8,震度１
2024-11-26 23:14:46,石川県西方沖,6,4.1,震度２
2024-11-26 23:13:50,石川県西方沖,12,4.2,震度２
2024-11-26 23:10:01,石川県西方沖,8,3.6,震度１
2024-11-26 23:08:19,石川県西方沖,12,3.3,震度２
2024-11-26 23:07:35,石川県西方沖,11,3.3,震度１
2024-11-26 23:03:42,石川県西方沖,13,2.8,震度１
2024-11-26 23:00:18,石川県西方沖,4,2.8,震度１
2024-11-26 22:58:50,石川県西方沖,5,3.7,震度２
2024-11-26 22:57:52,石川県西方沖,10,3.5,震度２
2024-11-26 22:57:00,石川県西方沖,9,3.7,震度１
2024-11-26 22:56:25,石川県西方沖,2,3.5,震度１
2024-11-26 22:54:02,石川県西方沖,6,3.6,震度１
2024-11-26 22:53:32,石川県西方沖,5,4.1,震度１
2024-11-26 22:52:38,石川県西方沖,5,3.7,震度２
2024-11-26 22:51:24,石川県西方沖,9,4.5,震度２
2024-11-26 22:50:18,石川県西方沖,11,3.7,震度１
2024-11-26 22:47:02,石川県西方沖,7,6.6,震度５弱
2024-11-26 22:45:09,大阪府北部,12,2.4,震度１
2024-11-26 21:18:14,陸奥湾,121,4.4,震度１
2024-11-26 20:26:16,岐阜県美濃中西部,10,3.3,震度２
2024-11-26 16:34:38,茨城県南部,63,3.2,震度１
2024-11-26 13:37:38,青森県三八上北地方,5,2.9,震度１
2024-11-26 13:31:20,宮城県沖,43,5.4,震度３
2024-11-26 08:45:55,長野県中部,5,3.2,震度２
2024-11-26 02:17:33,宮城県沖,55,4.1,震度１
2024-11-26 00:37:42,鳥島近海,110,5.3,震度１
2024-11-24 20:06:30,青森県東方沖,21,4.4,震度１
2024-11-24 13:22:42,茨城県北部,8,3.1,震度１
2024-11-24 08:22:29,岩手県沖,39,5.0,震度３
2024-11-23 22:01:29,愛知県西部,40,3.6,震度２
2024-11-23 10:05:09,茨城県沖,33,3.1,震度１
2024-11-23 09:59:27,トカラ列島近海,9,2.0,震度１
2024-11-23 08:33:51,石川県能登地方,6,3.2,震度２
2024-11-22 18:48:18,宮崎県北部山沿い,147,3.9,震度１
2024-11-22 15:07:31,茨城県沖,54,3.1,震度１
2024-11-22 03:30:42,熊本県熊本地方,11,2.5,震度１
2024-11-22 02:28:21,日向灘,35,4.4,震度３
2024-11-21 23:30:18,陸奥湾,9,4.1,震度３
2024-11-21 17:54:27,宮古島近海,30,3.4,震度１
2024-11-21 05:08:21,茨城県北部,7,2.7,震度１
2024-11-20 20:51:59,陸奥湾,10,3.3,震度２
2024-11-20 17:09:50,宮城県沖,60,4.8,震度３
2024-11-20 16:46:10,陸奥湾,10,3.1,震度１
2024-11-20 15:45:03,陸奥湾,9,2.8,震度１
2024-11-20 15:43:45,陸奥湾,8,3.0,震度１
2024-11-20 15:40:16,陸奥湾,10,5.1,震度４
2024-11-20 05:18:44,愛媛県東予,15,2.6,震度１
2024-11-20 03:36:11,駿河湾南方沖,253,5.0,震度２
2024-11-19 19:40:25,トカラ列島近海,11,2.4,震度１
2024-11-19 19:08:02,和歌山県北部,6,2.2,震度１
2024-11-19 04:52:14,和歌山県北部,7,2.3,震度１
2024-11-18 20:17:00,青森県東方沖,58,3.5,震度２
2024-11-18 09:52:05,奄美大島近海,47,3.6,震度１
2024-11-18 09:43:50,京都府南部,12,3.4,震度２
2024-11-18 06:54:49,和歌山県北部,5,2.7,震度３
2024-11-17 21:16:32,奄美大島北東沖,80,5.9,震度３
2024-11-17 19:09:11,種子島近海,20,3.8,震度１
2024-11-17 18:48:09,宮城県沖,52,4.3,震度１
2024-11-17 12:59:23,胆振地方中東部,12,2.4,震度１
2024-11-17 10:50:09,岩手県沖,48,3.3,震度１
2024-11-17 09:30:23,日高地方中部,111,3.9,震度１
2024-11-17 01:19:11,トカラ列島近海,65,3.9,震度２
2024-11-16 23:53:03,陸奥湾,8,3.4,震度２
2024-11-16 21:22:18,陸奥湾,8,4.6,震度４
2024-11-16 08:29:56,大阪府北部,11,3.4,震度２
2024-11-16 05:36:10,トカラ列島近海,10,2.7,震度２
2024-11-16 02:58:48,千葉県東方沖,33,4.9,震度３
2024-11-16 00:40:59,茨城県沖,13,4.5,震度２
2024-11-15 17:46:51,北海道北西沖,7,1.9,震度１
2024-11-14 20:15:14,宮城県沖,59,4.2,震度３
2024-11-14 11:12:04,奄美大島北東沖,58,4.1,震度１
2024-11-14 09:02:12,岩手県沿岸北部,70,4.1,震度２
2024-11-14 07:15:25,熊本県熊本地方,9,2.5,震度１
2024-11-14 06:39:57,釧路沖,36,3.8,震度１
2024-11-14 06:30:42,石川県能登地方,7,2.9,震度２
2024-11-13 18:40:47,福島県中通り,7,3.9,震度３
2024-11-13 16:02:08,千葉県南東沖,96,3.8,震度１
2024-11-13 14:58:35,岐阜県美濃中西部,8,2.8,震度２
2024-11-13 11:35:37,トカラ列島近海,8,2.5,震度１
2024-11-13 10:24:23,千葉県北東部,50,3.3,震度１
2024-11-13 10:16:23,島根県西部,8,2.9,震度１
2024-11-12 12:01:37,東京湾,91,3.2,震度１
2024-11-12 07:13:52,浦河沖,72,3.5,震度１
2024-11-11 22:25:42,宮城県沖,56,3.6,震度２
2024-11-11 20:34:07,沖縄本島近海,31,3.2,震度１
2024-11-11 20:30:11,石川県能登地方,7,2.8,震度１
2024-11-11 11:00:10,石川県能登地方,10,2.8,震度１
2024-11-11 04:59:08,石川県能登地方,11,2.8,震度２
2024-11-10 22:49:46,薩摩半島西方沖,5,3.0,震度１
2024-11-10 18:03:31,宮城県沖,46,4.0,震度２
2024-11-10 04:28:10,奄美大島近海,43,3.2,震度１
2024-11-10 00:52:15,大隅半島東方沖,31,4.0,震度２
2024-11-09 22:47:33,福島県会津,7,2.9,震度２
2024-11-09 11:21:07,福島県沖,44,4.0,震度１
2024-11-09 01:45:21,能登半島沖,2,1.9,震度１
2024-11-08 13:49:21,宮城県沖,36,3.9,震度１
2024-11-08 13:47:06,宮城県沖,52,2.9,震度１
2024-11-08 06:43:57,硫黄島近海,32,4.8,震度１
2024-11-08 04:53:50,硫黄島近海,4,5.9,震度１
2024-11-07 23:20:46,石川県能登地方,13,3.1,震度１
2024-11-07 18:07:50,奄美大島北東沖,37,4.6,震度１
2024-11-07 15:29:48,長野県中部,5,2.6,震度１
2024-11-07 11:24:07,宮城県沖,40,3.5,震度２
2024-11-07 10:11:42,硫黄島近海,0,5.8,震度１
2024-11-07 07:58:58,硫黄島近海,17,5.5,震度１
2024-11-07 07:54:58,硫黄島近海,0,6.3,震度２
2024-11-07 05:07:58,瀬戸内海中部,20,2.9,震度１
2024-11-07 04:44:05,薩摩半島西方沖,7,3.2,震度１
2024-11-07 03:23:06,熊本県熊本地方,9,1.9,震度１
2024-11-06 21:59:48,岩手県沖,48,3.8,震度２
2024-11-06 11:21:43,福島県沖,47,3.4,震度１
2024-11-06 11:16:54,薩摩半島西方沖,6,2.9,震度１
2024-11-06 11:10:07,薩摩半島西方沖,4,2.8,震度１
2024-11-06 10:59:44,薩摩半島西方沖,1,2.8,震度１
2024-11-06 06:42:24,石川県加賀地方,14,3.7,震度３
2024-11-06 00:40:53,岩手県沖,48,3.1,震度１
2024-11-05 22:01:47,トカラ列島近海,9,2.3,震度２
2024-11-05 20:06:59,千葉県北西部,71,3.0,震度１
2024-11-05 17:52:48,奄美大島近海,66,3.8,震度１
2024-11-05 00:10:54,東京湾,71,4.1,震度２
2024-11-04 19:21:23,石川県加賀地方,2,4.2,震度２
2024-11-04 08:31:29,茨城県沖,41,4.0,震度２
2024-11-03 18:58:45,佐渡付近,17,3.9,震度１
2024-11-03 10:51:16,和歌山県北部,4,2.2,震度１
2024-11-03 05:48:38,岐阜県美濃中西部,14,3.0,震度２
2024-11-03 04:28:56,硫黄島近海,6,5.0,震度１
2024-11-03 01:32:34,能登半島沖,9,2.8,震度１
2024-11-02 17:14:58,和歌山県南方沖,28,3.2,震度１
2024-11-02 16:53:34,薩摩半島西方沖,11,4.2,震度２
2024-11-02 15:45:26,岐阜県美濃中西部,10,2.8,震度１
2024-11-02 14:46:51,薩摩半島西方沖,10,3.8,震度１
2024-11-02 09:28:28,岐阜県美濃中西部,13,2.7,震度１
2024-11-02 06:10:57,岩手県沖,49,3.5,震度１
2024-11-01 23:16:50,茨城県沖,40,4.6,震度３
2024-11-01 21:25:55,釧路地方中南部,107,3.8,震度１
2024-11-01 13:18:51,奄美大島北東沖,64,4.6,震度２
2024-11-01 12:32:04,和歌山県北部,5,2.7,震度１
2024-11-01 10:23:26,石川県能登地方,11,3.3,震度１
2024-11-01 09:11:45,長野県南部,3,2.8,震度１
2024-10-31 23:11:34,茨城県北部,67,2.8,震度１
2024-10-31 22:12:40,根室半島南東沖,39,4.4,震度１
2024-10-31 10:18:56,宮城県沖,70,3.6,震度１
2024-10-31 03:07:24,北海道東方沖,64,4.5,震度１
2024-10-31 02:00:02,茨城県北部,8,2.0,震度１
2024-10-30 20:25:41,豊後水道,49,3.2,震度１
2024-10-30 15:14:23,茨城県南部,45,4.0,震度２
2024-10-30 12:00:13,岩手県沖,43,3.7,震度１
2024-10-30 05:37:04,岩手県沖,37,3.7,震度１
2024-10-30 04:36:24,岩手県沖,40,3.9,震度１
2024-10-29 10:50:53,岐阜県飛騨地方,6,2.2,震度１
2024-10-29 05:34:00,宮城県沖,80,3.1,震度１
2024-10-28 18:25:48,トカラ列島近海,41,4.0,震度１
2024-10-28 15:22:35,周防灘,82,3.4,震度１
2024-10-28 04:50:47,日向灘,34,3.3,震度１
2024-10-27 12:32:13,茨城県沖,52,3.8,震度３
2024-10-27 02:10:14,釧路沖,24,3.6,震度１
2024-10-27 01:56:07,岩手県内陸北部,7,3.0,震度１
2024-10-26 21:30:53,新潟県上中越沖,18,2.7,震度１
2024-10-26 18:26:58,能登半島沖,9,2.7,震度２
2024-10-26 11:02:32,トカラ列島近海,1,3.2,震度２
2024-10-26 10:21:10,トカラ列島近海,12,2.5,震度１
2024-10-26 07:20:30,石垣島近海,14,3.5,震度１
2024-10-26 06:20:22,埼玉県南部,56,3.9,震度２
2024-10-25 23:55:04,福島県会津,5,2.8,震度１
2024-10-25 23:41:00,瀬戸内海中部,16,3.2,震度２
2024-10-25 21:22:15,浦河沖,63,3.6,震度１
2024-10-25 20:17:04,福島県沖,24,4.6,震度２
2024-10-25 17:23:12,和歌山県北部,5,2.0,震度１
2024-10-25 16:14:16,福島県会津,8,2.0,震度１
2024-10-25 15:31:49,根室半島南東沖,66,4.5,震度２
2024-10-25 12:59:55,熊本県球磨地方,10,2.6,震度１
2024-10-25 11:44:03,和歌山県北部,5,2.1,震度１
2024-10-25 11:20:28,和歌山県北部,5,2.0,震度１
2024-10-25 02:51:23,硫黄島近海,0,5.4,震度１
2024-10-24 20:16:18,福島県沖,40,4.1,震度１
2024-10-24 14:30:28,豊後水道,37,2.8,震度１
2024-10-24 08:20:52,能登半島沖,3,1.8,震度１
2024-10-24 03:26:34,宮崎県南部山沿い,6,3.1,震度２
2024-10-23 23:50:40,和歌山県北部,5,1.9,震度１
2024-10-23 23:41:45,愛媛県中予,39,3.5,震度２
2024-10-23 17:11:18,青森県東方沖,56,3.9,震度２
2024-10-23 15:18:44,和歌山県北部,5,2.1,震度１
2024-10-23 12:38:38,和歌山県北部,5,2.5,震度１
2024-10-23 11:23:24,和歌山県北部,6,2.4,震度２
2024-10-23 10:17:59,和歌山県北部,5,2.8,震度２
2024-10-23 09:56:14,和歌山県北部,4,2.9,震度２
2024-10-23 09:32:41,和歌山県北部,5,1.9,震度１
2024-10-23 09:25:59,和歌山県北部,5,3.2,震度２
2024-10-23 07:08:36,和歌山県北部,5,4.0,震度３
2024-10-22 10:12:37,茨城県沖,33,3.9,震度１
2024-10-22 02:40:27,京都府沖,11,3.4,震度２
2024-10-21 23:11:32,十勝地方中部,111,4.3,震度２
2024-10-21 17:40:12,福島県沖,91,3.5,震度１
2024-10-21 15:19:11,岐阜県美濃中西部,17,3.8,震度３
2024-10-21 12:12:24,釧路地方中南部,78,3.3,震度１
2024-10-21 03:36:44,静岡県西部,35,2.7,震度１
2024-10-20 22:52:48,福島県沖,50,3.6,震度１
2024-10-20 17:24:27,千葉県東方沖,47,4.1,震度１
2024-10-20 16:58:49,胆振地方中東部,28,2.9,震度１
2024-10-20 08:37:32,根室半島南東沖,18,4.5,震度２
2024-10-19 23:41:12,伊予灘,79,3.7,震度２
2024-10-19 22:26:35,茨城県沖,44,3.1,震度１
2024-10-19 21:06:13,徳島県北部,7,2.6,震度２
2024-10-19 11:59:39,トカラ列島近海,7,2.2,震度１
2024-10-19 07:56:20,上川地方南部,112,3.6,震度１
2024-10-19 04:59:26,岐阜県飛騨地方,5,2.6,震度１
2024-10-19 04:37:51,和歌山県北部,5,2.0,震度１
2024-10-19 00:58:46,和歌山県北部,5,1.9,震度１
2024-10-18 23:50:02,硫黄島近海,143,4.8,震度１
2024-10-18 18:18:19,硫黄島近海,9,5.8,震度１
2024-10-18 16:03:14,宮城県沖,44,4.0,震度１
2024-10-18 13:38:04,岩手県沖,40,5.4,震度３
2024-10-18 07:40:32,石川県能登地方,10,3.0,震度２
2024-10-17 16:40:02,茨城県北部,9,3.0,震度２
2024-10-17 01:15:35,鳥島近海,422,4.3,震度１
2024-10-16 17:53:20,茨城県南部,47,4.3,震度３
2024-10-16 10:13:31,鹿児島県薩摩地方,5,2.1,震度２
2024-10-16 06:59:02,愛知県東部,17,2.6,震度１
2024-10-16 03:49:09,宮古島近海,49,3.9,震度２
2024-10-15 23:32:57,長野県南部,5,1.8,震度１
2024-10-15 19:32:31,長野県南部,5,2.0,震度１
2024-10-15 19:28:31,宮城県沖,51,3.7,震度１
2024-10-15 15:14:35,福島県浜通り,76,3.7,震度２
2024-10-14 20:52:49,種子島南東沖,22,4.6,震度１
2024-10-14 19:45:57,東京湾,71,4.5,震度３
2024-10-14 16:49:32,岐阜県飛騨地方,5,2.3,震度１
2024-10-14 16:23:31,広島県南西部,32,2.9,震度１
2024-10-14 12:04:20,千葉県東方沖,57,2.9,震度１
2024-10-14 04:50:17,熊本県熊本地方,11,2.4,震度１
2024-10-13 11:23:17,能登半島沖,5,2.2,震度２
2024-10-13 03:50:30,茨城県南部,45,4.4,震度３
2024-10-12 18:56:59,広島県北部,7,2.1,震度１
2024-10-12 09:12:05,新潟県中越地方,14,2.6,震度１
2024-10-12 07:35:21,福島県浜通り,88,3.8,震度２
2024-10-12 02:54:47,茨城県北部,8,2.9,震度１
2024-10-11 23:06:17,伊勢湾,18,3.2,震度１
2024-10-11 22:53:23,和歌山県北部,6,2.7,震度１
2024-10-11 16:28:12,石川県西方沖,9,3.4,震度１
2024-10-11 14:40:26,福島県会津,6,3.4,震度１
2024-10-11 09:15:50,石垣島近海,13,4.9,震度３
2024-10-10 12:30:47,三重県南東沖,43,3.3,震度１
2024-10-10 12:06:23,茨城県北部,9,2.9,震度１
2024-10-10 11:33:02,十勝沖,41,4.4,震度３
2024-10-10 05:48:06,日向灘,36,3.2,震度２
2024-10-09 20:19:42,能登半島沖,14,4.3,震度２
2024-10-09 17:28:57,渡島地方東部,7,2.2,震度１
2024-10-08 23:44:51,トカラ列島近海,9,2.6,震度１
2024-10-08 09:35:03,石川県西方沖,11,3.8,震度１
2024-10-08 09:26:30,石川県西方沖,9,3.6,震度１
2024-10-07 23:33:24,紀伊水道,6,1.9,震度１
2024-10-07 19:47:50,岩手県沿岸南部,61,3.2,震度１
2024-10-07 18:41:22,トカラ列島近海,17,2.2,震度１
2024-10-07 02:20:01,宮城県沖,42,4.4,震度３
2024-10-07 01:43:35,茨城県南部,50,3.2,震度１
2024-10-06 19:06:08,釧路沖,13,4.1,震度１
2024-10-06 17:09:31,福島県沖,53,4.0,震度１
2024-10-06 15:13:54,小笠原諸島西方沖,434,4.2,震度１
2024-10-06 10:49:30,宮城県沖,57,4.0,震度２
2024-10-06 06:21:04,石川県能登地方,8,2.5,震度２
2024-10-06 02:19:06,宮崎県南部山沿い,9,2.5,震度１
2024-10-05 18:56:43,トカラ列島近海,28,2.8,震度１
2024-10-05 16:05:15,石川県能登地方,12,2.9,震度１
2024-10-05 08:58:40,熊本県熊本地方,12,3.7,震度３
2024-10-05 06:17:00,三重県南東沖,369,3.4,震度１
2024-10-04 22:18:48,岩手県内陸北部,8,2.2,震度１
2024-10-04 19:02:15,石川県能登地方,10,2.9,震度１
2024-10-04 16:37:03,熊本県熊本地方,12,2.4,震度１
2024-10-04 13:19:07,広島県北部,7,2.2,震度２
2024-10-04 10:22:41,福島県会津,7,2.1,震度１
2024-10-04 08:07:37,広島県北部,7,1.8,震度１
2024-10-04 06:48:14,広島県北部,7,2.9,震度２
2024-10-04 05:20:46,十勝地方中部,104,3.5,震度１
2024-10-03 19:58:51,高知県中部,34,3.0,震度１
2024-10-03 05:08:47,石川県能登地方,11,3.2,震度２
2024-10-02 23:40:52,千葉県東方沖,33,4.3,震度１
2024-10-01 18:52:11,石川県西方沖,9,3.4,震度１
2024-10-01 16:12:09,トカラ列島近海,80,3.5,震度１
2024-10-01 16:03:44,千葉県東方沖,11,3.6,震度１
2024-10-01 15:33:02,父島近海,32,4.4,震度２
2024-10-01 14:52:48,九州地方南東沖,54,3.9,震度１
2024-10-01 05:11:37,能登半島沖,11,3.3,震度１
2024-10-01 00:20:57,栃木県北部,9,2.5,震度１
2024-09-30 20:37:35,石川県西方沖,10,3.5,震度１
2024-09-30 15:18:25,石川県能登地方,7,2.8,震度１
2024-09-30 02:53:29,千葉県東方沖,17,3.5,震度１
2024-09-29 03:57:37,千葉県北東部,51,2.9,震度１
2024-09-29 00:53:42,石川県西方沖,9,3.7,震度１
2024-09-28 21:32:38,硫黄島近海,100,5.3,震度２
2024-09-28 20:32:55,群馬県南部,9,2.0,震度１
2024-09-27 09:54:48,熊本県熊本地方,13,2.6,震度１
2024-09-27 09:31:30,日向灘,21,3.7,震度１
2024-09-27 08:12:46,石川県能登地方,8,1.5,震度１
2024-09-27 02:52:34,能登半島沖,6,2.2,震度１
2024-09-27 00:01:57,熊本県球磨地方,10,2.5,震度１
2024-09-26 20:35:35,熊本県熊本地方,13,3.8,震度３
2024-09-26 16:01:10,釧路沖,59,5.7,震度４
2024-09-26 12:24:46,石川県能登地方,8,2.4,震度１
2024-09-26 08:43:19,宮古島近海,63,3.8,震度１
2024-09-25 21:58:12,大阪府北部,11,2.3,震度１
2024-09-25 02:07:40,十勝沖,27,4.2,震度１
2024-09-24 22:09:08,留萌地方中北部,14,3.7,震度４
2024-09-24 19:32:47,群馬県南部,7,2.7,震度１
2024-09-24 19:03:57,長野県南部,6,2.4,震度１
2024-09-24 16:06:49,宮城県沖,53,3.9,震度１
2024-09-24 12:07:11,宮城県沖,46,3.9,震度１
2024-09-24 12:07:05,長野県北部,8,2.1,震度１
2024-09-24 08:29:58,新島・神津島近海,9,2.3,震度１
2024-09-23 18:21:34,熊本県熊本地方,7,2.5,震度１
2024-09-23 18:03:55,栃木県南部,87,3.3,震度１
2024-09-23 16:39:13,能登半島沖,13,3.2,震度１
2024-09-23 15:53:46,国後島付近,79,4.2,震度３
2024-09-23 06:53:31,静岡県中部,31,3.9,震度２
2024-09-23 06:28:16,山梨県東部・富士五湖,17,2.8,震度１
2024-09-23 03:25:38,石川県能登地方,9,2.5,震度１
2024-09-22 16:42:31,東京都多摩西部,122,3.7,震度２
2024-09-22 09:52:29,福島県浜通り,8,3.0,震度２
2024-09-22 06:13:24,浦河沖,64,3.7,震度１
2024-09-21 23:07:38,石川県能登地方,11,3.0,震度１
2024-09-21 17:45:04,青森県東方沖,54,3.7,震度２
2024-09-21 03:23:20,日向灘,22,3.8,震度１
2024-09-21 01:29:13,福岡県筑後地方,9,2.2,震度１
2024-09-21 00:49:58,京都府南部,11,2.9,震度１
2024-09-20 22:30:40,トカラ列島近海,9,2.3,震度１
2024-09-20 21:23:16,トカラ列島近海,22,3.5,震度２
2024-09-20 21:22:19,豊後水道,41,4.7,震度４
2024-09-20 14:13:43,硫黄島近海,154,5.5,震度１
2024-09-20 12:07:10,茨城県北部,94,3.7,震度２
2024-09-20 05:03:39,トカラ列島近海,13,2.6,震度１
2024-09-20 00:31:22,静岡県中部,31,3.0,震度１
2024-09-19 20:52:05,宮城県北部,73,2.9,震度１
2024-09-19 18:18:11,千葉県北東部,50,4.2,震度２
2024-09-19 15:00:02,石川県能登地方,4,1.5,震度１
2024-09-19 06:33:31,浦河沖,45,4.4,震度２
2024-09-19 05:45:51,根室半島南東沖,76,4.6,震度３
2024-09-18 23:20:27,福島県会津,4,1.6,震度１
2024-09-18 13:35:54,空知地方北部,13,2.8,震度１
2024-09-18 08:33:14,石川県能登地方,11,2.8,震度２
2024-09-18 07:35:43,日高地方中部,39,3.3,震度１
2024-09-18 05:56:18,石川県能登地方,11,2.7,震度１
2024-09-17 10:58:14,愛媛県南予,44,2.9,震度１
2024-09-16 23:25:42,日向灘,23,4.5,震度１
2024-09-16 23:13:48,日向灘,22,5.3,震度３
2024-09-16 05:15:50,新島・神津島近海,11,3.4,震度１
2024-09-16 02:14:24,釧路地方中南部,125,3.6,震度１
2024-09-16 01:51:31,茨城県南部,64,4.1,震度２
2024-09-16 01:23:21,石川県能登地方,13,3.4,震度２
2024-09-16 01:21:58,石川県能登地方,1,3.6,震度２
2024-09-15 22:18:48,愛知県西部,41,3.3,震度１
2024-09-15 05:19:29,豊後水道,36,2.7,震度１
2024-09-15 04:40:57,宮城県沖,41,4.4,震度１
2024-09-14 13:46:07,十勝地方中部,101,3.7,震度２
2024-09-14 08:59:34,与那国島近海,42,4.8,震度１
2024-09-14 08:03:41,種子島南東沖,52,5.7,震度３
2024-09-14 06:59:29,岩手県内陸北部,89,3.6,震度１
2024-09-14 02:39:53,山梨県東部・富士五湖,20,3.2,震度１
2024-09-13 17:04:43,種子島近海,18,3.4,震度１
2024-09-13 04:18:53,茨城県南部,47,3.4,震度２
2024-09-13 03:39:53,茨城県北部,8,2.6,震度１
2024-09-13 02:39:55,日向灘,26,3.8,震度１
2024-09-12 22:59:34,父島近海,41,4.5,震度１
2024-09-12 22:40:04,トカラ列島近海,13,2.3,震度１
2024-09-12 20:08:15,宮城県沖,47,3.8,震度１
2024-09-12 13:08:59,浦河沖,68,3.5,震度１
2024-09-12 11:43:13,千葉県北東部,32,4.0,震度２
2024-09-12 10:59:13,伊予灘,48,3.9,震度２
2024-09-12 01:04:04,釧路沖,39,4.3,震度２
2024-09-10 12:27:45,宮崎県南部山沿い,0,3.1,震度２
2024-09-10 08:14:05,鹿児島県薩摩地方,3,2.3,震度１
2024-09-10 06:32:11,与那国島近海,47,4.1,震度１
2024-09-10 03:49:50,日向灘,25,4.1,震度１
2024-09-10 00:35:44,大阪府北部,6,2.0,震度１
2024-09-09 16:56:08,日向灘,26,3.8,震度１
2024-09-09 16:26:32,能登半島沖,4,1.8,震度１
2024-09-09 16:17:36,青森県三八上北地方,105,4.1,震度２
2024-09-09 15:54:05,日向灘,26,4.2,震度２
2024-09-09 15:47:26,奄美大島北東沖,45,4.4,震度２
2024-09-09 04:00:27,福島県沖,49,3.5,震度１
2024-09-09 00:23:30,広島県南東部,17,3.2,震度１
2024-09-08 21:23:04,福島県浜通り,19,3.7,震度２
2024-09-08 19:03:02,群馬県南部,5,3.0,震度１
2024-09-08 16:04:35,伊予灘,49,3.6,震度１
2024-09-08 14:21:21,石川県能登地方,8,3.2,震度１
2024-09-08 11:08:17,三陸沖,18,4.6,震度１
2024-09-08 10:41:54,福島県沖,55,4.6,震度２
2024-09-08 07:51:15,三陸沖,18,4.7,震度２
2024-09-08 07:29:28,石川県能登地方,5,3.3,震度２
2024-09-08 00:16:31,熊本県球磨地方,10,2.9,震度１
2024-09-07 23:01:01,宮古島近海,48,4.2,震度２
2024-09-07 22:42:51,東海道南方沖,399,5.3,震度２
2024-09-07 17:20:07,栃木県南部,112,3.4,震度１
2024-09-06 22:12:25,青森県下北地方,8,1.8,震度１
2024-09-06 20:23:12,福島県沖,41,4.0,震度１
2024-09-06 16:09:26,鹿児島県薩摩地方,4,2.2,震度１
2024-09-06 15:02:45,宮崎県南部山沿い,0,3.0,震度２
2024-09-06 09:55:23,岩手県沖,58,2.9,震度１
2024-09-05 23:20:56,鹿児島県薩摩地方,3,2.2,震度１
2024-09-05 12:46:03,福島県会津,7,1.9,震度１
2024-09-04 18:49:21,福島県沖,44,4.1,震度２
2024-09-04 09:02:19,種子島近海,18,4.2,震度１
2024-09-04 06:31:41,茨城県沖,22,3.5,震度１
2024-09-04 04:44:35,トカラ列島近海,7,1.9,震度１
2024-09-04 00:22:15,トカラ列島近海,7,1.7,震度１
2024-09-03 23:07:09,トカラ列島近海,0,1.7,震度１
2024-09-03 23:04:46,トカラ列島近海,0,1.9,震度１
2024-09-03 21:46:04,トカラ列島近海,0,,震度１
2024-09-03 20:25:42,宮城県沖,55,3.5,震度１
2024-09-03 20:10:10,宮城県沖,53,3.5,震度１
2024-09-03 20:10:00,トカラ列島近海,5,,震度１
2024-09-03 15:59:23,和歌山県北部,5,2.3,震度１
2024-09-03 01:14:20,石川県能登地方,5,2.8,震度１
2024-09-02 19:00:50,根室半島南東沖,55,3.9,震度１
2024-09-02 08:39:50,沖縄本島北西沖,143,4.7,震度１
2024-09-02 06:50:43,愛媛県中予,40,3.1,震度１
2024-09-01 20:43:25,山梨県東部・富士五湖,24,2.7,震度１
2024-09-01 20:42:10,十勝地方中部,105,3.3,震度１
2024-09-01 12:29:31,トカラ列島近海,4,1.8,震度１
2024-09-01 11:48:11,山梨県東部・富士五湖,23,2.6,震度１
2024-09-01 11:28:40,山梨県東部・富士五湖,23,4.2,震度３
2024-09-01 03:14:53,熊本県熊本地方,15,2.9,震度１
2024-08-31 22:04:13,日向灘,28,4.7,震度３
2024-08-31 16:40:59,福島県沖,56,3.9,震度１
2024-08-31 11:52:42,兵庫県南東部,13,3.4,震度２
2024-08-30 23:00:37,伊勢湾,10,3.0,震度１
2024-08-30 18:30:07,福島県沖,50,3.9,震度１
2024-08-30 05:03:39,硫黄島近海,10,4.8,震度１
2024-08-30 00:18:13,日向灘,25,3.1,震度１
2024-08-29 11:30:11,石川県能登地方,12,2.6,震度１
2024-08-29 11:17:25,石川県能登地方,11,4.0,震度３
2024-08-28 19:52:18,福島県会津,3,1.5,震度１
2024-08-28 05:48:27,鹿児島湾,0,1.8,震度１
2024-08-28 03:06:03,石川県能登地方,7,2.8,震度２
2024-08-28 02:05:10,神奈川県東部,38,4.0,震度３
2024-08-27 21:46:43,福島県沖,50,3.8,震度１
2024-08-27 17:13:07,佐渡付近,18,4.2,震度１
2024-08-27 15:18:29,伊豆大島近海,11,2.4,震度１
2024-08-27 10:51:47,石川県能登地方,7,2.5,震度１
2024-08-27 02:45:06,青森県東方沖,109,3.7,震度１
2024-08-26 13:26:13,岐阜県美濃中西部,8,2.0,震度１
2024-08-26 13:20:01,岐阜県美濃中西部,8,2.0,震度１
2024-08-26 10:33:19,鹿児島県薩摩地方,8,2.0,震度１
2024-08-25 14:05:44,和歌山県北部,6,2.5,震度１
2024-08-25 13:54:20,長野県南部,7,2.6,震度１
2024-08-25 02:17:15,根室半島南東沖,52,3.4,震度１
2024-08-24 21:06:16,能登半島沖,11,2.7,震度１
2024-08-24 19:24:34,熊本県天草・芦北地方,0,1.8,震度１
2024-08-24 09:32:40,四国沖,36,4.2,震度１
2024-08-24 08:54:19,群馬県南部,5,3.4,震度１
2024-08-24 05:33:10,静岡県東部,13,2.6,震度１
2024-08-24 00:48:34,岩手県内陸北部,7,2.8,震度２
2024-08-23 21:00:56,茨城県南部,58,4.0,震度２
2024-08-23 19:06:33,北海道東方沖,53,4.6,震度１
2024-08-23 10:21:38,福島県会津,4,2.1,震度１
2024-08-23 10:14:00,福島県会津,7,1.9,震度２
2024-08-23 07:46:37,伊予灘,10,2.4,震度１
2024-08-23 03:14:06,茨城県北部,8,2.5,震度１
2024-08-22 12:57:39,茨城県沖,41,3.6,震度１
2024-08-22 10:51:05,大隅半島東方沖,29,4.1,震度１
2024-08-22 06:05:35,釧路沖,80,3.7,震度２
2024-08-21 23:33:20,奄美大島近海,14,3.8,震度２
2024-08-21 22:18:02,青森県東方沖,56,3.8,震度１
2024-08-21 00:23:13,十勝沖,57,3.7,震度１
2024-08-21 00:00:16,茨城県南部,62,3.1,震度１
2024-08-20 17:24:23,北海道東方沖,95,4.8,震度２
2024-08-20 08:38:13,熊本県球磨地方,11,2.9,震度１
2024-08-20 08:02:12,釧路沖,114,4.5,震度２
2024-08-19 21:06:41,鹿児島県薩摩地方,1,1.9,震度１
2024-08-19 20:36:55,鹿児島県薩摩地方,1,2.4,震度１
2024-08-19 05:24:45,茨城県北部,6,3.2,震度１
2024-08-19 01:48:40,石川県能登地方,10,2.9,震度２
2024-08-19 00:52:14,茨城県北部,5,2.8,震度１
2024-08-19 00:50:46,茨城県北部,8,5.1,震度５弱
2024-08-19 00:49:46,茨城県北部,6,3.0,震度１
2024-08-19 00:48:17,茨城県北部,7,4.8,震度４
2024-08-18 23:10:59,福島県沖,82,3.5,震度１
2024-08-18 15:49:50,岩手県沖,35,3.9,震度１
2024-08-18 07:38:44,石川県能登地方,10,2.9,震度１
2024-08-18 07:03:52,千葉県東方沖,32,3.2,震度２
2024-08-18 01:38:59,岩手県内陸北部,10,3.0,震度２
2024-08-17 15:31:01,北海道南西沖,5,2.2,震度１
2024-08-17 13:37:40,福島県会津,8,2.0,震度１
2024-08-17 09:33:28,宮城県沖,49,4.6,震度３
2024-08-17 00:57:16,国後島付近,83,4.6,震度２
2024-08-16 22:06:01,兵庫県北方沖,25,4.3,震度２
2024-08-16 08:35:53,台湾付近,0,6.1,震度１
2024-08-16 05:57:33,神奈川県西部,13,2.8,震度１
2024-08-16 02:14:33,長野県北部,9,1.9,震度１
2024-08-16 00:17:51,与那国島近海,37,4.7,震度１
2024-08-15 20:20:34,神奈川県西部,12,4.3,震度４
2024-08-15 18:06:45,台湾付近,17,5.8,震度１
2024-08-15 13:50:57,大隅半島東方沖,36,4.2,震度１
2024-08-15 00:14:17,京都府南部,13,3.0,震度１
2024-08-14 19:38:46,神奈川県西部,13,4.2,震度３
2024-08-14 07:50:47,千葉県東方沖,48,3.2,震度１
2024-08-14 00:59:14,根室地方北部,1,2.1,震度１
2024-08-13 10:16:53,沖縄本島近海,87,3.9,震度１
2024-08-13 05:16:02,青森県東方沖,59,3.6,震度２
2024-08-13 03:47:04,北海道東方沖,67,4.1,震度１
2024-08-13 00:45:53,沖縄本島近海,44,3.6,震度２
2024-08-12 21:50:56,福島県沖,54,3.5,震度１
2024-08-12 20:11:36,沖縄本島近海,32,3.5,震度１
2024-08-12 06:48:13,日向灘,24,4.0,震度１
2024-08-12 06:18:05,父島近海,47,4.2,震度１
2024-08-11 20:01:21,有明海,13,3.4,震度２
2024-08-11 12:42:22,日向灘,20,3.7,震度１
2024-08-11 10:19:30,千葉県南部,74,3.4,震度１
2024-08-11 09:38:39,福島県沖,64,4.3,震度２
2024-08-11 07:42:41,日向灘,32,4.5,震度３
2024-08-11 02:32:51,宮崎県南部山沿い,0,2.5,震度１
2024-08-11 01:18:04,能登半島沖,13,2.8,震度１
2024-08-10 21:15:57,日向灘,21,3.9,震度２
2024-08-10 17:20:12,神奈川県西部,12,2.7,震度１
2024-08-10 14:18:15,熊本県熊本地方,12,3.7,震度３
2024-08-10 12:28:31,オホーツク海南部,447,6.7,震度３
2024-08-10 10:26:07,長野県中部,2,2.4,震度２
2024-08-10 04:20:21,日向灘,32,3.1,震度１
2024-08-10 04:04:58,茨城県南部,45,3.6,震度２
2024-08-10 00:10:40,八丈島東方沖,56,4.9,震度１
2024-08-09 23:15:07,日向灘,31,3.3,震度１
2024-08-09 22:34:43,神奈川県西部,13,2.5,震度１
2024-08-09 20:06:12,神奈川県西部,12,2.7,震度１
2024-08-09 19:59:07,神奈川県西部,12,3.2,震度１
2024-08-09 19:57:38,神奈川県西部,13,5.3,震度５弱
2024-08-09 19:14:24,大隅半島東方沖,25,4.2,震度１
2024-08-09 17:54:20,日向灘,22,3.3,震度１
2024-08-09 17:47:20,大隅半島東方沖,26,3.9,震度１
2024-08-09 17:32:17,福島県会津,7,1.7,震度１
2024-08-09 13:56:27,石川県能登地方,9,3.3,震度２
2024-08-09 08:31:05,岩手県内陸北部,10,2.4,震度１
2024-08-09 07:51:26,日向灘,33,3.0,震度１
2024-08-09 05:01:57,日向灘,27,3.9,震度１
2024-08-09 04:47:50,日向灘,23,4.0,震度２
2024-08-09 04:26:22,日向灘,32,3.1,震度１
2024-08-09 04:23:35,日向灘,26,5.4,震度３
2024-08-09 03:48:53,日向灘,26,4.2,震度２
2024-08-09 03:17:18,石川県能登地方,12,3.4,震度１
2024-08-09 01:26:32,日向灘,29,3.9,震度１
2024-08-08 23:12:18,日向灘,21,3.5,震度１
2024-08-08 21:49:16,北海道南西沖,190,4.9,震度１
2024-08-08 20:01:37,日向灘,22,3.7,震度１
2024-08-08 19:04:25,日向灘,20,3.8,震度１
2024-08-08 18:00:00,日向灘,23,4.4,震度２
2024-08-08 17:49:14,日向灘,26,4.1,震度１
2024-08-08 17:46:53,日向灘,24,3.8,震度１
2024-08-08 17:35:47,日向灘,19,4.6,震度２
2024-08-08 16:42:55,日向灘,31,7.1,震度６弱
2024-08-08 14:23:51,静岡県中部,30,3.3,震度１
2024-08-08 05:07:21,能登半島沖,7,1.7,震度１
2024-08-08 00:17:13,福島県会津,8,2.2,震度１
2024-08-07 03:02:40,長野県南部,13,2.7,震度１
2024-08-06 21:28:18,石川県西方沖,8,3.3,震度１
2024-08-06 08:42:22,石川県能登地方,5,2.4,震度１
2024-08-06 08:05:58,福島県会津,4,2.4,震度１
2024-08-06 05:54:40,石川県能登地方,11,2.8,震度１
2024-08-06 05:36:51,釧路地方北部,4,2.4,震度１
2024-08-05 20:00:26,石川県能登地方,4,3.0,震度１
2024-08-04 22:19:48,釧路沖,72,4.7,震度３
2024-08-04 11:31:42,長崎県南西部,9,2.5,震度１
2024-08-03 21:01:57,岐阜県飛騨地方,8,2.7,震度１
2024-08-03 07:16:11,三陸沖,15,4.8,震度１
2024-08-03 07:04:22,石川県能登地方,6,2.0,震度１
2024-08-03 06:50:41,沖縄本島近海,9,3.5,震度１
2024-08-03 02:35:41,千葉県北西部,69,3.2,震度１
2024-08-02 04:16:24,沖縄本島近海,9,4.1,震度２
2024-08-02 04:04:43,愛媛県南予,11,2.5,震度１
2024-08-01 23:51:22,福島県沖,20,4.5,震度１
2024-08-01 19:40:53,石川県能登地方,6,2.6,震度２
2024-08-01 18:07:48,青森県東方沖,65,3.2,震度１
2024-08-01 01:49:49,島根県東部,9,2.6,震度１
2024-07-31 23:03:49,根室半島南東沖,47,4.1,震度２
2024-07-31 17:32:41,石川県能登地方,7,2.8,震度１
2024-07-31 14:43:27,石川県能登地方,11,3.2,震度１
2024-07-31 03:08:35,石川県加賀地方,6,2.4,震度１
2024-07-31 01:47:16,東京都多摩東部,121,4.7,震度３
2024-07-30 21:48:37,宮城県沖,52,3.9,震度１
2024-07-30 06:23:39,福島県沖,56,3.7,震度１
2024-07-30 05:08:19,トカラ列島近海,10,3.4,震度２
2024-07-30 02:08:35,石川県能登地方,11,2.7,震度１
2024-07-30 01:25:30,日向灘,48,5.1,震度４
2024-07-30 00:44:01,鳥取県東部,6,2.5,震度１
2024-07-29 23:12:16,瀬戸内海中部,20,3.9,震度２
2024-07-28 23:57:31,和歌山県北部,5,2.4,震度１
2024-07-28 20:40:01,熊本県熊本地方,6,2.3,震度１
2024-07-28 19:13:24,三陸沖,7,5.5,震度２
2024-07-28 15:13:06,長野県中部,9,2.1,震度１
2024-07-28 14:17:22,岩手県内陸北部,7,2.4,震度１
2024-07-28 09:35:40,奄美大島近海,35,3.1,震度１
2024-07-28 07:08:08,宮城県沖,44,3.9,震度１
2024-07-28 06:06:03,福島県会津,7,2.1,震度１
2024-07-28 05:14:31,十勝地方中部,94,3.5,震度１
2024-07-28 05:09:52,岩手県内陸北部,10,2.3,震度１
2024-07-28 00:58:38,岩手県内陸北部,10,4.2,震度４
2024-07-27 06:39:44,茨城県南部,63,3.2,震度１
2024-07-27 06:31:49,沖縄本島近海,52,3.1,震度１
2024-07-27 06:26:11,日向灘,23,3.6,震度１
2024-07-27 04:20:04,奄美大島近海,33,3.0,震度１
2024-07-26 20:17:26,千葉県東方沖,38,3.4,震度２
2024-07-26 07:50:14,沖縄本島近海,13,3.4,震度１
2024-07-25 16:26:08,宮城県沖,60,4.5,震度２
2024-07-25 13:01:41,千葉県北東部,33,4.0,震度３
2024-07-25 09:43:26,岩手県沿岸北部,58,3.2,震度１
2024-07-24 01:02:28,天草灘,12,3.5,震度２
2024-07-24 00:30:16,胆振地方中東部,43,3.2,震度１
2024-07-23 11:38:34,トカラ列島近海,12,2.5,震度２
2024-07-23 08:27:11,宮城県沖,66,4.7,震度３
2024-07-22 21:55:53,岩手県内陸北部,10,2.6,震度１
2024-07-22 20:55:34,宮城県沖,53,3.7,震度１
2024-07-22 19:05:06,和歌山県北部,5,3.4,震度２
2024-07-22 10:07:34,茨城県北部,89,4.8,震度３
2024-07-22 09:38:48,青森県東方沖,53,3.5,震度１
2024-07-22 08:48:11,岩手県沿岸南部,76,2.8,震度１
2024-07-22 05:23:22,石川県能登地方,8,2.8,震度１
2024-07-22 02:41:01,島根県東部,14,2.7,震度１
2024-07-22 02:21:38,能登半島沖,6,2.2,震度１
2024-07-21 20:18:40,京都府北部,8,2.9,震度１
2024-07-21 19:51:14,四国沖,37,3.2,震度１
2024-07-21 13:27:29,釧路沖,28,5.4,震度３
2024-07-21 05:46:43,宮城県沖,57,4.6,震度３
2024-07-21 03:01:36,豊後水道,38,3.0,震度１
2024-07-21 00:34:44,三宅島近海,19,3.7,震度１
2024-07-21 00:12:52,和歌山県北部,7,3.0,震度２
2024-07-20 20:15:51,茨城県沖,36,5.0,震度３
2024-07-20 12:56:04,岩手県内陸北部,10,2.8,震度１
2024-07-20 12:14:38,岩手県沿岸北部,8,2.8,震度１
