地震の発生日,地震の発生時刻,震央地名,緯度,経度,深さ,Ｍ,最大震度
2025/07/04,23:52:44.3,トカラ列島近海,29°18.3′N,129°30.2′E,0 km,2.9,震度１
2025/07/04,23:45:11.8,トカラ列島近海,29°21.5′N,129°26.2′E,17 km,2.3,震度１
2025/07/04,23:04:35.2,トカラ列島近海,29°22.5′N,129°32.6′E,12 km,2.4,震度１
2025/07/04,22:47:40.3,トカラ列島近海,29°19.7′N,129°30.2′E,9 km,2.5,震度１
2025/07/04,22:09:29.5,トカラ列島近海,29°21.9′N,129°30.1′E,19 km,2.9,震度２
2025/07/04,21:45:02.8,トカラ列島近海,29°21.0′N,129°27.8′E,20 km,2.6,震度１
2025/07/04,21:31:29.2,トカラ列島近海,29°23.0′N,129°35.1′E,8 km,3.1,震度２
2025/07/04,20:56:17.0,トカラ列島近海,29°19.0′N,129°30.3′E,16 km,2.2,震度１
2025/07/04,20:54:04.5,トカラ列島近海,29°20.5′N,129°29.8′E,18 km,2.3,震度１
2025/07/04,20:06:48.4,トカラ列島近海,29°19.6′N,129°27.8′E,14 km,2.2,震度１
2025/07/04,19:28:26.7,トカラ列島近海,29°19.8′N,129°29.1′E,13 km,2.4,震度１
2025/07/04,19:23:40.4,トカラ列島近海,29°20.5′N,129°27.7′E,16 km,2.5,震度１
2025/07/04,19:12:49.3,トカラ列島近海,29°20.7′N,129°29.1′E,20 km,2.9,震度２
2025/07/04,18:45:12.5,トカラ列島近海,29°21.7′N,129°28.2′E,19 km,2.9,震度２
2025/07/04,18:36:08.1,トカラ列島近海,29°18.7′N,129°30.5′E,16 km,3.3,震度３
2025/07/04,18:30:15.5,トカラ列島近海,29°21.9′N,129°25.4′E,20 km,2.5,震度１
2025/07/04,18:20:00.9,トカラ列島近海,29°20.5′N,129°28.0′E,18 km,4.4,震度４
2025/07/04,18:12:23.6,トカラ列島近海,29°20.1′N,129°27.5′E,26 km,2.2,震度１
2025/07/04,17:53:13.3,トカラ列島近海,29°19.3′N,129°29.9′E,18 km,2.5,震度１
2025/07/04,17:51:27.2,トカラ列島近海,29°21.5′N,129°30.1′E,23 km,2.4,震度１
2025/07/04,17:49:58.5,トカラ列島近海,29°19.6′N,129°28.7′E,18 km,2.2,震度１
2025/07/04,17:48:08.7,トカラ列島近海,29°20.9′N,129°27.2′E,22 km,2.4,震度１
2025/07/04,17:36:55.9,トカラ列島近海,29°23.1′N,129°30.5′E,21 km,2.3,震度１
2025/07/04,16:56:46.6,岩手県沿岸北部,39°36.3′N,142°00.2′E,56 km,4.0,震度２
2025/07/04,16:51:36.1,トカラ列島近海,29°25.8′N,129°24.4′E,30 km,2.0,震度１
2025/07/04,16:41:35.1,トカラ列島近海,29°20.8′N,129°30.5′E,16 km,2.3,震度１
2025/07/04,16:14:40.4,トカラ列島近海,29°17.6′N,129°35.5′E,20 km,2.4,震度１
2025/07/04,15:56:16.7,トカラ列島近海,29°19.6′N,129°29.7′E,15 km,2.2,震度１
2025/07/04,15:10:52.2,トカラ列島近海,29°20.3′N,129°21.6′E,32 km,2.9,震度２
2025/07/04,14:51:37.1,トカラ列島近海,29°22.4′N,129°32.6′E,1 km,2.7,震度１
2025/07/04,14:41:17.0,トカラ列島近海,29°23.9′N,129°30.9′E,13 km,2.4,震度１
2025/07/04,14:38:23.7,トカラ列島近海,29°16.8′N,129°17.1′E,5 km,不明,震度１
2025/07/04,14:36:22.6,トカラ列島近海,29°23.4′N,129°32.8′E,16 km,3.6,震度３
2025/07/04,14:26:48.2,トカラ列島近海,29°12.9′N,129°12.4′E,11 km,2.1,震度１
2025/07/04,14:14:20.1,トカラ列島近海,29°22.0′N,129°21.7′E,23 km,2.7,震度１
2025/07/04,14:07:54.2,千葉県東方沖,35°19.3′N,140°36.1′E,44 km,3.0,震度１
2025/07/04,13:52:34.7,トカラ列島近海,29°21.3′N,129°27.0′E,24 km,3.4,震度２
2025/07/04,13:50:44.4,トカラ列島近海,29°20.8′N,129°26.6′E,19 km,3.8,震度３
2025/07/04,13:33:42.5,トカラ列島近海,29°19.2′N,129°33.2′E,15 km,2.0,震度１
2025/07/04,13:22:03.0,トカラ列島近海,29°18.5′N,129°30.9′E,17 km,2.7,震度２
2025/07/04,13:09:41.5,トカラ列島近海,29°20.2′N,129°29.2′E,20 km,3.0,震度１
2025/07/04,13:06:01.0,日向灘,31°31.3′N,131°44.5′E,26 km,3.8,震度１
2025/07/04,12:54:19.8,トカラ列島近海,29°37.8′N,129°33.3′E,0 km,1.4,震度１
2025/07/04,12:48:32.1,トカラ列島近海,29°28.8′N,129°24.0′E,23 km,不明,震度１
2025/07/04,12:24:31.8,トカラ列島近海,29°19.0′N,129°24.0′E,26 km,2.3,震度１
2025/07/04,12:23:19.9,トカラ列島近海,29°19.9′N,129°29.6′E,24 km,2.2,震度１
2025/07/04,12:20:26.5,トカラ列島近海,29°20.8′N,129°28.7′E,22 km,4.4,震度４
2025/07/04,12:06:43.5,日向灘,32°02.0′N,131°52.4′E,25 km,3.0,震度１
2025/07/04,12:01:30.3,トカラ列島近海,29°21.8′N,129°33.2′E,15 km,1.8,震度１
2025/07/04,11:38:35.3,トカラ列島近海,29°21.5′N,129°27.7′E,19 km,2.8,震度２
2025/07/04,11:17:19.0,トカラ列島近海,29°20.2′N,129°30.6′E,18 km,2.6,震度１
2025/07/04,11:05:49.3,トカラ列島近海,29°25.9′N,129°33.8′E,8 km,2.5,震度２
2025/07/04,10:57:35.5,トカラ列島近海,29°19.8′N,129°36.0′E,13 km,2.0,震度１
2025/07/04,10:41:03.6,トカラ列島近海,29°20.1′N,129°30.1′E,15 km,2.5,震度１
2025/07/04,10:35:49.2,トカラ列島近海,29°17.1′N,129°34.2′E,11 km,3.0,震度２
2025/07/04,10:33:37.8,トカラ列島近海,29°18.9′N,129°31.7′E,12 km,2.2,震度１
2025/07/04,10:27:07.7,トカラ列島近海,29°23.0′N,129°27.2′E,26 km,2.3,震度１
2025/07/04,10:19:52.7,トカラ列島近海,29°19.8′N,129°29.9′E,18 km,2.9,震度３
2025/07/04,10:17:39.0,トカラ列島近海,29°20.4′N,129°29.6′E,20 km,3.2,震度２
2025/07/04,10:14:47.0,トカラ列島近海,29°19.7′N,129°28.2′E,14 km,2.3,震度１
2025/07/04,10:11:22.1,トカラ列島近海,29°20.9′N,129°30.2′E,14 km,2.4,震度１
2025/07/04,10:07:49.6,トカラ列島近海,29°19.6′N,129°31.1′E,16 km,3.7,震度３
2025/07/04,10:06:13.9,トカラ列島近海,29°21.9′N,129°26.3′E,22 km,2.5,震度１
2025/07/04,09:59:55.3,トカラ列島近海,29°15.7′N,129°24.7′E,20 km,不明,震度１
2025/07/04,09:59:09.8,トカラ列島近海,29°18.0′N,129°33.8′E,8 km,不明,震度２
2025/07/04,09:58:18.6,トカラ列島近海,29°22.2′N,129°27.1′E,24 km,3.5,震度３
2025/07/04,09:57:25.3,トカラ列島近海,29°19.6′N,129°32.2′E,19 km,2.6,震度１
2025/07/04,09:53:30.9,トカラ列島近海,29°19.1′N,129°29.5′E,15 km,2.5,震度１
2025/07/04,09:45:50.5,トカラ列島近海,29°19.1′N,129°30.9′E,17 km,3.2,震度２
2025/07/04,09:43:05.1,トカラ列島近海,29°19.7′N,129°30.8′E,16 km,2.3,震度１
2025/07/04,09:36:33.8,トカラ列島近海,29°21.4′N,129°32.1′E,20 km,2.6,震度１
2025/07/04,09:35:48.2,トカラ列島近海,29°19.0′N,129°32.4′E,16 km,2.2,震度１
2025/07/04,09:33:38.0,トカラ列島近海,29°20.3′N,129°28.2′E,24 km,2.7,震度１
2025/07/04,09:15:23.9,トカラ列島近海,29°18.2′N,129°31.9′E,19 km,2.6,震度１
2025/07/04,09:13:55.6,トカラ列島近海,29°20.1′N,129°28.8′E,18 km,3.2,震度２
2025/07/04,09:12:41.8,トカラ列島近海,29°17.6′N,129°35.1′E,8 km,2.3,震度１
2025/07/04,09:11:24.0,トカラ列島近海,29°18.1′N,129°32.7′E,12 km,2.2,震度１
2025/07/04,09:02:56.7,トカラ列島近海,29°21.1′N,129°29.5′E,23 km,4.3,震度４
2025/07/04,08:59:30.5,トカラ列島近海,29°16.7′N,129°29.0′E,22 km,2.2,震度１
2025/07/04,08:45:14.7,トカラ列島近海,29°20.9′N,129°29.8′E,18 km,2.9,震度２
2025/07/04,08:43:13.5,トカラ列島近海,29°18.5′N,129°32.1′E,17 km,2.6,震度１
2025/07/04,08:42:01.3,トカラ列島近海,29°18.0′N,129°33.1′E,16 km,2.5,震度１
2025/07/04,08:39:55.1,トカラ列島近海,29°20.3′N,129°27.7′E,22 km,3.6,震度３
2025/07/04,08:36:44.3,トカラ列島近海,29°20.7′N,129°26.5′E,16 km,2.4,震度１
2025/07/04,07:45:25.4,トカラ列島近海,29°24.1′N,129°32.5′E,16 km,2.4,震度１
2025/07/04,07:00:20.5,トカラ列島近海,29°22.1′N,129°32.7′E,13 km,2.6,震度１
2025/07/04,06:40:30.2,トカラ列島近海,29°22.4′N,129°28.7′E,21 km,不明,震度１
2025/07/04,06:14:04.1,トカラ列島近海,29°23.6′N,129°34.5′E,14 km,2.8,震度３
2025/07/04,05:17:11.5,トカラ列島近海,29°27.2′N,129°28.5′E,24 km,1.5,震度１
2025/07/04,05:10:27.6,トカラ列島近海,29°29.5′N,129°23.9′E,10 km,1.9,震度１
2025/07/04,05:00:18.5,トカラ列島近海,29°22.8′N,129°33.2′E,8 km,2.5,震度１
2025/07/04,04:46:28.8,トカラ列島近海,29°26.7′N,129°33.8′E,8 km,1.5,震度１
2025/07/04,04:39:42.6,トカラ列島近海,29°18.9′N,129°24.4′E,14 km,2.6,震度１
2025/07/04,04:38:24.8,トカラ列島近海,29°18.4′N,129°27.2′E,7 km,2.7,震度１
2025/07/04,04:35:45.0,トカラ列島近海,29°21.8′N,129°32.1′E,11 km,2.5,震度１
2025/07/04,04:34:27.9,トカラ列島近海,29°19.5′N,129°25.4′E,14 km,2.7,震度１
2025/07/04,04:14:52.9,トカラ列島近海,29°22.2′N,129°33.4′E,10 km,2.2,震度１
2025/07/04,04:09:21.1,トカラ列島近海,29°22.9′N,129°41.6′E,8 km,0.8,震度１
2025/07/04,04:03:23.1,トカラ列島近海,29°22.7′N,129°32.6′E,14 km,2.4,震度１
2025/07/04,04:00:44.1,トカラ列島近海,29°21.6′N,129°22.7′E,11 km,2.2,震度１
2025/07/04,03:57:15.4,トカラ列島近海,29°19.8′N,129°35.5′E,11 km,2.3,震度１
2025/07/04,03:55:45.1,トカラ列島近海,29°20.3′N,129°35.2′E,14 km,2.6,震度１
2025/07/04,03:34:36.3,トカラ列島近海,29°27.8′N,129°35.5′E,7 km,1.9,震度２
2025/07/04,03:30:29.2,トカラ列島近海,29°19.9′N,129°32.8′E,16 km,2.3,震度１
2025/07/04,03:06:38.9,トカラ列島近海,29°27.3′N,129°36.3′E,7 km,1.5,震度１
2025/07/04,02:59:30.1,トカラ列島近海,29°19.6′N,129°33.0′E,18 km,2.6,震度２
2025/07/04,02:41:26.5,トカラ列島近海,29°22.8′N,129°33.6′E,9 km,2.3,震度１
2025/07/04,02:24:32.5,トカラ列島近海,29°21.9′N,129°32.6′E,5 km,2.2,震度１
2025/07/04,02:03:56.6,トカラ列島近海,29°22.7′N,129°31.9′E,11 km,2.1,震度１
2025/07/04,01:57:27.5,トカラ列島近海,29°21.5′N,129°27.5′E,17 km,2.2,震度１
2025/07/04,01:11:21.3,奄美大島近海,28°12.1′N,130°05.6′E,33 km,3.2,震度１
2025/07/04,00:52:57.4,トカラ列島近海,29°20.2′N,129°36.2′E,8 km,2.1,震度１
2025/07/04,00:40:35.6,トカラ列島近海,29°22.0′N,129°19.8′E,18 km,2.9,震度２
2025/07/04,00:38:58.2,トカラ列島近海,29°23.1′N,129°27.7′E,1 km,不明,震度１
2025/07/04,00:26:58.8,トカラ列島近海,29°21.4′N,129°35.4′E,13 km,2.2,震度１
2025/07/04,00:23:19.3,トカラ列島近海,29°25.9′N,129°36.7′E,0 km,1.8,震度１
2025/07/04,00:16:18.8,トカラ列島近海,29°21.4′N,129°30.6′E,9 km,2.4,震度１
2025/07/04,00:13:52.1,トカラ列島近海,29°23.4′N,129°33.3′E,7 km,2.2,震度１
2025/07/04,00:03:55.6,トカラ列島近海,29°20.5′N,129°29.2′E,21 km,4.3,震度３
2025/07/04,00:02:58.7,トカラ列島近海,29°24.9′N,129°38.7′E,2 km,1.6,震度１
2025/07/03,23:38:54.2,トカラ列島近海,29°28.2′N,129°31.5′E,10 km,1.5,震度１
2025/07/03,23:25:52.1,トカラ列島近海,29°26.0′N,129°36.8′E,7 km,1.8,震度２
2025/07/03,23:23:25.4,トカラ列島近海,29°30.0′N,129°31.0′E,17 km,1.8,震度２
2025/07/03,23:17:03.0,トカラ列島近海,29°21.2′N,129°35.7′E,11 km,1.9,震度１
2025/07/03,23:14:15.3,トカラ列島近海,29°18.4′N,129°34.7′E,9 km,2.4,震度２
2025/07/03,23:09:04.0,トカラ列島近海,29°24.6′N,129°37.1′E,6 km,不明,震度１
2025/07/03,23:07:56.4,トカラ列島近海,29°19.8′N,129°31.5′E,18 km,2.8,震度２
2025/07/03,22:58:07.0,トカラ列島近海,29°27.1′N,129°35.0′E,10 km,2.8,震度２
2025/07/03,22:51:14.9,トカラ列島近海,29°21.7′N,129°29.7′E,19 km,2.0,震度１
2025/07/03,22:45:17.9,トカラ列島近海,29°18.6′N,129°34.5′E,6 km,不明,震度１
2025/07/03,22:37:14.6,トカラ列島近海,29°20.6′N,129°28.8′E,16 km,2.5,震度１
2025/07/03,22:35:47.0,トカラ列島近海,29°25.1′N,129°36.3′E,5 km,1.4,震度１
2025/07/03,22:23:31.7,トカラ列島近海,29°26.9′N,129°35.6′E,12 km,3.0,震度３
2025/07/03,22:20:45.3,トカラ列島近海,29°26.2′N,129°36.4′E,6 km,1.9,震度１
2025/07/03,22:19:36.3,トカラ列島近海,29°26.6′N,129°35.7′E,5 km,不明,震度１
2025/07/03,22:18:17.2,トカラ列島近海,29°22.4′N,129°36.0′E,15 km,2.8,震度３
2025/07/03,22:13:22.6,トカラ列島近海,29°20.5′N,129°28.9′E,22 km,4.2,震度３
2025/07/03,22:02:10.1,トカラ列島近海,29°20.3′N,129°33.4′E,5 km,2.1,震度１
2025/07/03,21:51:22.5,トカラ列島近海,29°21.9′N,129°32.8′E,3 km,2.2,震度１
2025/07/03,21:45:39.2,トカラ列島近海,29°26.0′N,129°35.8′E,7 km,1.9,震度１
2025/07/03,21:35:20.3,トカラ列島近海,29°18.0′N,129°33.0′E,0 km,2.9,震度２
2025/07/03,21:28:33.0,日向灘,32°41.9′N,132°19.5′E,38 km,4.0,震度２
2025/07/03,21:22:59.7,トカラ列島近海,29°21.0′N,129°36.7′E,1 km,1.9,震度１
2025/07/03,21:21:10.3,トカラ列島近海,29°28.8′N,129°24.1′E,28 km,2.3,震度１
2025/07/03,21:19:01.7,トカラ列島近海,29°19.6′N,129°29.9′E,18 km,3.1,震度２
2025/07/03,20:29:50.5,トカラ列島近海,29°21.2′N,129°37.1′E,5 km,2.3,震度１
2025/07/03,20:21:13.9,トカラ列島近海,29°23.0′N,129°31.6′E,13 km,2.9,震度２
2025/07/03,20:15:31.2,トカラ列島近海,29°20.6′N,129°34.1′E,17 km,2.1,震度１
2025/07/03,20:14:34.3,トカラ列島近海,29°19.1′N,129°33.6′E,7 km,2.4,震度１
2025/07/03,20:12:36.6,トカラ列島近海,29°19.4′N,129°26.5′E,15 km,2.5,震度１
2025/07/03,19:43:10.2,トカラ列島近海,29°24.5′N,129°36.8′E,5 km,2.1,震度１
2025/07/03,19:30:56.0,トカラ列島近海,29°19.9′N,129°31.3′E,14 km,2.6,震度２
2025/07/03,19:19:32.4,トカラ列島近海,29°20.6′N,129°30.3′E,19 km,2.8,震度１
2025/07/03,19:09:26.5,トカラ列島近海,29°20.8′N,129°32.4′E,13 km,2.1,震度１
2025/07/03,19:03:24.1,トカラ列島近海,29°22.2′N,129°33.1′E,9 km,2.6,震度２
2025/07/03,18:58:43.2,トカラ列島近海,29°23.5′N,129°30.9′E,20 km,2.3,震度１
2025/07/03,18:48:57.0,トカラ列島近海,29°22.7′N,129°32.3′E,10 km,2.8,震度２
2025/07/03,18:47:26.4,トカラ列島近海,29°21.2′N,129°32.9′E,9 km,1.9,震度１
2025/07/03,18:40:05.0,トカラ列島近海,29°21.3′N,129°31.0′E,12 km,2.6,震度１
2025/07/03,18:32:09.7,トカラ列島近海,29°17.6′N,129°31.6′E,9 km,2.2,震度１
2025/07/03,18:19:23.4,トカラ列島近海,29°18.0′N,129°33.3′E,7 km,3.0,震度２
2025/07/03,18:14:13.9,トカラ列島近海,29°28.1′N,129°23.4′E,30 km,1.9,震度１
2025/07/03,18:12:56.8,トカラ列島近海,29°24.3′N,129°22.6′E,28 km,1.5,震度１
2025/07/03,18:01:06.2,トカラ列島近海,29°27.0′N,129°24.9′E,25 km,2.0,震度１
2025/07/03,17:58:58.2,トカラ列島近海,29°21.5′N,129°27.7′E,9 km,2.6,震度１
2025/07/03,17:46:45.3,トカラ列島近海,29°19.1′N,129°34.1′E,9 km,2.6,震度１
2025/07/03,17:43:26.1,トカラ列島近海,29°19.8′N,129°30.5′E,19 km,2.4,震度１
2025/07/03,17:42:43.0,トカラ列島近海,29°18.8′N,129°31.3′E,19 km,2.5,震度１
2025/07/03,17:39:11.3,トカラ列島近海,29°18.2′N,129°27.8′E,27 km,2.4,震度２
2025/07/03,17:35:29.6,トカラ列島近海,29°21.7′N,129°27.9′E,6 km,2.5,震度１
2025/07/03,17:33:51.2,トカラ列島近海,29°19.0′N,129°30.5′E,11 km,2.6,震度１
2025/07/03,17:30:59.3,トカラ列島近海,29°23.0′N,129°25.8′E,12 km,2.5,震度１
2025/07/03,17:29:10.9,トカラ列島近海,29°22.4′N,129°21.6′E,13 km,3.0,震度１
2025/07/03,17:25:57.5,トカラ列島近海,29°17.2′N,129°30.8′E,19 km,3.2,震度３
2025/07/03,17:24:58.0,トカラ列島近海,29°22.6′N,129°20.7′E,30 km,2.1,震度１
2025/07/03,17:22:47.1,トカラ列島近海,29°19.6′N,129°31.9′E,16 km,不明,震度１
2025/07/03,17:21:44.4,トカラ列島近海,29°23.3′N,129°33.1′E,12 km,2.6,震度２
2025/07/03,17:17:51.2,トカラ列島近海,29°19.1′N,129°34.3′E,14 km,2.1,震度１
2025/07/03,17:03:53.5,トカラ列島近海,29°22.3′N,129°33.1′E,14 km,3.3,震度３
2025/07/03,17:02:15.6,トカラ列島近海,29°21.9′N,129°18.7′E,0 km,不明,震度１
2025/07/03,17:01:07.3,トカラ列島近海,29°21.5′N,129°30.8′E,19 km,2.1,震度１
2025/07/03,16:58:16.4,トカラ列島近海,29°17.4′N,129°33.4′E,11 km,2.2,震度１
2025/07/03,16:57:23.4,トカラ列島近海,29°21.6′N,129°36.2′E,5 km,2.6,震度２
2025/07/03,16:53:22.1,トカラ列島近海,29°21.1′N,129°34.8′E,13 km,2.5,震度１
2025/07/03,16:49:33.4,トカラ列島近海,29°16.7′N,129°43.0′E,1 km,2.7,震度１
2025/07/03,16:45:35.6,トカラ列島近海,29°18.0′N,129°33.3′E,12 km,2.4,震度１
2025/07/03,16:42:55.4,トカラ列島近海,29°17.8′N,129°13.1′E,6 km,2.7,震度１
2025/07/03,16:42:00.3,トカラ列島近海,29°19.1′N,129°34.0′E,1 km,2.7,震度２
2025/07/03,16:39:09.4,トカラ列島近海,29°23.0′N,129°32.1′E,17 km,不明,震度１
2025/07/03,16:37:56.6,トカラ列島近海,29°17.9′N,129°33.1′E,11 km,1.8,震度１
2025/07/03,16:37:11.5,トカラ列島近海,29°19.8′N,129°33.6′E,10 km,不明,震度１
2025/07/03,16:34:33.6,トカラ列島近海,29°20.2′N,129°29.4′E,23 km,2.1,震度１
2025/07/03,16:31:29.1,トカラ列島近海,29°19.6′N,129°30.1′E,20 km,2.0,震度１
2025/07/03,16:24:45.3,トカラ列島近海,29°15.2′N,129°38.2′E,14 km,2.6,震度１
2025/07/03,16:22:26.2,トカラ列島近海,29°22.9′N,129°20.7′E,27 km,2.6,震度１
2025/07/03,16:19:37.1,トカラ列島近海,29°25.1′N,129°20.2′E,29 km,2.6,震度１
2025/07/03,16:18:16.7,トカラ列島近海,29°19.3′N,129°23.6′E,19 km,不明,震度１
2025/07/03,16:17:38.8,トカラ列島近海,29°20.3′N,129°28.8′E,25 km,不明,震度２
2025/07/03,16:16:36.8,トカラ列島近海,29°22.3′N,129°20.4′E,27 km,不明,震度１
2025/07/03,16:15:04.6,トカラ列島近海,29°18.0′N,129°25.0′E,19 km,不明,震度１
2025/07/03,16:14:32.9,トカラ列島近海,29°21.9′N,129°21.3′E,32 km,不明,震度３
2025/07/03,16:13:01.3,トカラ列島近海,29°21.4′N,129°31.3′E,20 km,5.5,震度６弱
2025/07/03,16:11:09.3,トカラ列島近海,29°22.1′N,129°25.0′E,30 km,2.8,震度２
2025/07/03,16:09:50.1,トカラ列島近海,29°21.0′N,129°26.2′E,29 km,3.3,震度２
2025/07/03,16:07:50.9,トカラ列島近海,29°14.8′N,129°32.5′E,9 km,2.9,震度２
2025/07/03,16:07:01.2,トカラ列島近海,29°15.5′N,129°31.9′E,16 km,2.7,震度２
2025/07/03,16:05:58.9,トカラ列島近海,29°15.8′N,129°31.9′E,16 km,不明,震度２
2025/07/03,16:04:17.0,トカラ列島近海,29°20.7′N,129°29.5′E,18 km,4.2,震度３
2025/07/03,16:03:05.0,トカラ列島近海,29°20.3′N,129°32.2′E,20 km,3.3,震度３
2025/07/03,16:01:13.9,トカラ列島近海,29°14.3′N,129°34.4′E,6 km,3.0,震度２
2025/07/03,16:00:21.7,トカラ列島近海,29°15.0′N,129°31.8′E,13 km,不明,震度１
2025/07/03,15:59:41.0,トカラ列島近海,29°15.3′N,129°31.8′E,14 km,3.0,震度２
2025/07/03,15:58:57.7,トカラ列島近海,29°21.9′N,129°27.4′E,24 km,3.1,震度２
2025/07/03,15:57:09.0,トカラ列島近海,29°16.8′N,129°30.9′E,17 km,2.6,震度１
2025/07/03,15:56:40.0,トカラ列島近海,29°17.1′N,129°27.1′E,18 km,不明,震度１
2025/07/03,15:55:31.0,トカラ列島近海,29°18.4′N,129°26.7′E,25 km,2.2,震度１
2025/07/03,15:53:36.3,トカラ列島近海,29°21.9′N,129°24.6′E,30 km,3.0,震度２
2025/07/03,15:53:03.8,トカラ列島近海,29°12.6′N,129°29.8′E,32 km,3.1,震度２
2025/07/03,15:51:00.9,トカラ列島近海,29°19.6′N,129°30.2′E,20 km,3.5,震度２
2025/07/03,15:49:47.8,トカラ列島近海,29°20.0′N,129°24.1′E,16 km,不明,震度１
2025/07/03,15:48:04.7,トカラ列島近海,29°20.1′N,129°29.4′E,20 km,3.1,震度２
2025/07/03,15:46:27.3,トカラ列島近海,29°09.9′N,129°38.8′E,12 km,1.9,震度１
2025/07/03,15:45:41.5,トカラ列島近海,29°19.2′N,129°32.9′E,10 km,3.0,震度２
2025/07/03,15:43:29.4,トカラ列島近海,29°18.2′N,129°27.8′E,23 km,2.9,震度１
2025/07/03,15:41:55.6,トカラ列島近海,29°17.3′N,129°29.4′E,16 km,3.9,震度３
2025/07/03,15:40:50.0,トカラ列島近海,29°17.8′N,129°28.6′E,19 km,2.7,震度１
2025/07/03,15:38:40.6,トカラ列島近海,29°16.2′N,129°30.5′E,6 km,不明,震度２
2025/07/03,15:35:02.3,トカラ列島近海,29°21.0′N,129°30.2′E,23 km,3.8,震度４
2025/07/03,15:33:41.1,トカラ列島近海,29°19.2′N,129°33.2′E,13 km,3.2,震度２
2025/07/03,15:32:18.0,トカラ列島近海,29°15.2′N,129°32.3′E,5 km,不明,震度１
2025/07/03,15:31:36.8,トカラ列島近海,29°20.0′N,129°25.0′E,27 km,2.8,震度２
2025/07/03,15:30:54.7,トカラ列島近海,29°18.7′N,129°33.7′E,0 km,3.0,震度１
2025/07/03,15:29:16.9,トカラ列島近海,29°14.3′N,129°10.3′E,22 km,不明,震度１
2025/07/03,15:27:11.0,トカラ列島近海,29°20.9′N,129°27.2′E,16 km,不明,震度２
2025/07/03,15:26:46.8,トカラ列島近海,29°18.3′N,129°31.4′E,18 km,3.1,震度２
2025/07/03,15:24:19.1,トカラ列島近海,29°17.4′N,129°28.3′E,20 km,2.3,震度１
2025/07/03,15:22:17.8,トカラ列島近海,29°17.4′N,129°30.2′E,14 km,不明,震度１
2025/07/03,15:19:57.6,トカラ列島近海,29°15.7′N,129°28.6′E,17 km,不明,震度１
2025/07/03,15:18:11.6,トカラ列島近海,29°20.1′N,129°28.4′E,9 km,4.6,震度４
2025/07/03,15:15:14.0,トカラ列島近海,29°15.7′N,129°24.5′E,12 km,2.7,震度１
2025/07/03,15:14:39.6,トカラ列島近海,29°20.3′N,129°25.6′E,22 km,不明,震度１
2025/07/03,15:11:48.3,トカラ列島近海,29°20.5′N,129°25.8′E,21 km,4.8,震度４
2025/07/03,15:09:47.3,トカラ列島近海,29°18.8′N,129°31.8′E,17 km,3.5,震度２
2025/07/03,15:08:12.0,トカラ列島近海,29°19.5′N,129°25.3′E,16 km,2.6,震度１
2025/07/03,14:55:26.6,トカラ列島近海,29°24.7′N,129°27.9′E,0 km,2.4,震度１
2025/07/03,14:54:13.3,トカラ列島近海,29°17.8′N,129°33.2′E,15 km,2.6,震度１
2025/07/03,14:46:16.2,トカラ列島近海,29°18.4′N,129°34.5′E,9 km,2.5,震度１
2025/07/03,14:41:38.9,トカラ列島近海,29°17.9′N,129°28.4′E,22 km,2.3,震度１
2025/07/03,14:38:01.3,トカラ列島近海,29°16.9′N,129°31.3′E,14 km,2.7,震度１
2025/07/03,14:31:07.0,トカラ列島近海,29°18.4′N,129°30.7′E,19 km,4.6,震度４
2025/07/03,14:29:59.9,トカラ列島近海,29°14.7′N,129°34.1′E,6 km,2.4,震度１
2025/07/03,14:17:45.9,トカラ列島近海,29°17.1′N,129°31.6′E,12 km,2.6,震度１
2025/07/03,14:14:30.5,トカラ列島近海,29°17.0′N,129°32.0′E,14 km,2.9,震度２
2025/07/03,14:11:42.1,トカラ列島近海,29°21.9′N,129°14.4′E,4 km,2.8,震度１
2025/07/03,13:39:31.4,トカラ列島近海,29°20.5′N,129°29.5′E,15 km,2.9,震度２
2025/07/03,13:32:43.0,トカラ列島近海,29°19.5′N,129°29.3′E,29 km,2.6,震度１
2025/07/03,12:54:49.1,トカラ列島近海,29°18.4′N,129°29.5′E,20 km,2.5,震度１
2025/07/03,12:48:40.5,トカラ列島近海,29°18.1′N,129°31.7′E,18 km,2.4,震度１
2025/07/03,12:18:27.1,トカラ列島近海,29°19.6′N,129°28.1′E,21 km,2.3,震度１
2025/07/03,11:52:55.4,トカラ列島近海,29°20.1′N,129°26.0′E,20 km,3.1,震度２
2025/07/03,11:38:11.7,トカラ列島近海,29°17.2′N,129°32.7′E,14 km,2.0,震度１
2025/07/03,11:13:07.7,トカラ列島近海,29°20.1′N,129°24.9′E,14 km,2.8,震度１
2025/07/03,11:00:08.8,トカラ列島近海,29°19.6′N,129°28.7′E,16 km,2.5,震度１
2025/07/03,10:33:26.0,トカラ列島近海,29°20.0′N,129°29.4′E,18 km,4.3,震度３
2025/07/03,08:33:41.2,トカラ列島近海,29°18.7′N,129°30.8′E,20 km,2.8,震度２
2025/07/03,08:22:36.9,トカラ列島近海,29°19.3′N,129°29.1′E,17 km,3.1,震度２
2025/07/03,07:36:49.3,秋田県内陸南部,39°28.8′N,140°25.6′E,9 km,2.4,震度１
2025/07/03,07:33:16.7,秋田県内陸南部,39°28.6′N,140°25.6′E,10 km,3.9,震度３
2025/07/03,07:27:23.0,トカラ列島近海,29°19.3′N,129°30.0′E,15 km,2.8,震度１
2025/07/03,07:13:02.3,トカラ列島近海,29°21.0′N,129°27.5′E,24 km,2.4,震度１
2025/07/03,07:11:51.9,トカラ列島近海,29°22.9′N,129°21.1′E,29 km,2.3,震度１
2025/07/03,06:53:22.4,トカラ列島近海,29°12.0′N,129°10.3′E,15 km,不明,震度２
2025/07/03,06:51:30.8,トカラ列島近海,29°20.0′N,129°29.1′E,17 km,4.5,震度４
2025/07/03,06:49:15.2,トカラ列島近海,29°20.2′N,129°27.1′E,22 km,3.5,震度３
2025/07/03,06:41:57.7,トカラ列島近海,29°20.5′N,129°25.6′E,17 km,2.3,震度１
2025/07/03,06:40:00.0,トカラ列島近海,29°20.1′N,129°27.6′E,22 km,2.9,震度２
2025/07/03,06:19:27.1,岩手県内陸南部,38°55.1′N,141°20.7′E,15 km,2.7,震度１
2025/07/03,06:10:45.4,トカラ列島近海,29°21.4′N,129°17.8′E,20 km,2.5,震度１
2025/07/03,06:06:50.8,トカラ列島近海,29°16.5′N,129°06.0′E,10 km,3.6,震度１
2025/07/03,05:46:46.4,トカラ列島近海,29°19.2′N,129°32.5′E,19 km,2.7,震度１
2025/07/03,04:09:57.1,トカラ列島近海,29°17.3′N,129°29.2′E,15 km,2.1,震度１
2025/07/03,04:00:40.3,トカラ列島近海,29°19.9′N,129°26.1′E,20 km,3.3,震度２
2025/07/03,03:11:09.6,トカラ列島近海,29°20.5′N,129°22.5′E,17 km,2.7,震度１
2025/07/03,03:00:51.0,トカラ列島近海,29°19.4′N,129°26.8′E,19 km,3.4,震度２
2025/07/03,02:38:53.9,トカラ列島近海,29°10.6′N,129°13.2′E,13 km,2.0,震度１
2025/07/03,02:32:55.2,トカラ列島近海,29°15.2′N,129°05.2′E,10 km,4.7,震度３
2025/07/03,02:29:01.4,トカラ列島近海,29°15.7′N,129°07.4′E,7 km,3.4,震度１
2025/07/03,01:54:40.5,トカラ列島近海,29°15.4′N,129°05.3′E,6 km,3.5,震度２
2025/07/03,01:12:31.7,トカラ列島近海,29°14.9′N,129°06.6′E,7 km,3.4,震度１
2025/07/03,01:00:40.3,トカラ列島近海,29°20.8′N,129°16.9′E,28 km,3.2,震度１
2025/07/03,00:49:16.8,トカラ列島近海,29°16.4′N,129°03.8′E,6 km,5.1,震度３
2025/07/03,00:44:59.8,トカラ列島近海,29°19.6′N,129°32.3′E,14 km,3.1,震度３
2025/07/02,23:55:56.8,トカラ列島近海,29°18.8′N,129°41.4′E,12 km,2.5,震度１
2025/07/02,23:10:09.9,トカラ列島近海,29°24.8′N,129°25.1′E,23 km,2.5,震度１
2025/07/02,22:08:48.0,トカラ列島近海,29°22.8′N,129°20.9′E,17 km,3.2,震度１
2025/07/02,21:52:36.4,トカラ列島近海,29°13.3′N,129°11.9′E,12 km,3.1,震度１
2025/07/02,21:32:18.7,トカラ列島近海,29°15.1′N,129°30.8′E,8 km,2.9,震度１
2025/07/02,19:14:00.0,トカラ列島近海,29°20.3′N,129°30.7′E,15 km,3.3,震度３
2025/07/02,19:09:36.1,トカラ列島近海,29°18.0′N,129°04.0′E,8 km,3.1,震度１
2025/07/02,18:53:44.1,トカラ列島近海,29°16.6′N,129°06.3′E,10 km,3.3,震度２
2025/07/02,18:44:34.5,トカラ列島近海,29°20.3′N,129°29.7′E,8 km,2.3,震度１
2025/07/02,18:41:49.9,トカラ列島近海,29°18.8′N,129°07.0′E,11 km,2.3,震度１
2025/07/02,18:18:04.4,トカラ列島近海,29°17.0′N,129°15.8′E,4 km,2.9,震度１
2025/07/02,18:12:07.5,トカラ列島近海,29°15.5′N,129°35.5′E,11 km,2.4,震度１
2025/07/02,18:03:48.4,トカラ列島近海,29°12.1′N,129°17.6′E,6 km,1.8,震度１
2025/07/02,18:00:01.6,トカラ列島近海,29°13.4′N,129°10.4′E,11 km,2.7,震度１
2025/07/02,17:41:33.2,トカラ列島近海,29°14.2′N,129°09.5′E,12 km,3.1,震度１
2025/07/02,17:36:36.6,トカラ列島近海,29°13.4′N,129°09.3′E,7 km,3.2,震度１
2025/07/02,17:34:38.3,トカラ列島近海,29°18.0′N,129°04.5′E,9 km,3.7,震度１
2025/07/02,17:23:56.2,トカラ列島近海,29°19.9′N,129°28.6′E,18 km,3.3,震度２
2025/07/02,17:16:05.9,トカラ列島近海,29°13.7′N,129°05.9′E,3 km,2.9,震度１
2025/07/02,16:55:59.5,トカラ列島近海,29°15.6′N,129°07.3′E,5 km,3.2,震度１
2025/07/02,16:52:14.5,トカラ列島近海,29°13.8′N,129°09.1′E,10 km,3.4,震度１
2025/07/02,16:50:37.1,トカラ列島近海,29°17.3′N,129°06.5′E,2 km,3.3,震度１
2025/07/02,16:47:15.8,トカラ列島近海,29°13.3′N,129°09.5′E,6 km,3.3,震度１
2025/07/02,16:45:31.2,トカラ列島近海,29°12.5′N,129°08.1′E,2 km,3.8,震度２
2025/07/02,16:43:46.1,トカラ列島近海,29°15.7′N,129°07.0′E,2 km,4.1,震度２
2025/07/02,16:42:39.4,トカラ列島近海,29°16.3′N,129°03.5′E,1 km,4.1,震度２
2025/07/02,16:40:44.6,トカラ列島近海,29°14.1′N,129°12.0′E,15 km,2.5,震度１
2025/07/02,16:32:48.2,トカラ列島近海,29°12.9′N,129°10.0′E,7 km,3.6,震度１
2025/07/02,16:31:29.9,トカラ列島近海,29°14.7′N,129°05.3′E,3 km,3.7,震度２
2025/07/02,16:29:10.3,トカラ列島近海,29°15.2′N,129°06.1′E,0 km,3.8,震度２
2025/07/02,16:27:40.7,トカラ列島近海,29°12.0′N,129°06.7′E,1 km,3.4,震度２
2025/07/02,16:26:19.3,トカラ列島近海,29°10.7′N,129°06.3′E,0 km,不明,震度２
2025/07/02,16:24:39.4,トカラ列島近海,29°11.7′N,129°09.5′E,0 km,4.1,震度２
2025/07/02,16:23:34.4,トカラ列島近海,29°14.1′N,129°06.5′E,7 km,3.4,震度１
2025/07/02,16:19:38.6,トカラ列島近海,29°15.8′N,129°06.2′E,10 km,4.1,震度２
2025/07/02,16:17:54.3,トカラ列島近海,29°13.8′N,129°06.2′E,4 km,5.0,震度４
2025/07/02,16:12:46.2,トカラ列島近海,29°15.9′N,129°07.9′E,9 km,3.1,震度１
2025/07/02,16:10:24.7,トカラ列島近海,29°16.2′N,129°07.6′E,8 km,3.1,震度１
2025/07/02,15:50:24.7,トカラ列島近海,29°13.1′N,129°10.6′E,9 km,2.7,震度１
2025/07/02,15:47:28.8,トカラ列島近海,29°14.5′N,129°13.4′E,9 km,2.4,震度１
2025/07/02,15:35:50.1,トカラ列島近海,29°14.2′N,129°09.4′E,11 km,3.2,震度１
2025/07/02,15:33:37.7,トカラ列島近海,29°09.5′N,129°08.6′E,18 km,2.9,震度２
2025/07/02,15:32:46.6,トカラ列島近海,29°11.5′N,129°07.5′E,0 km,2.9,震度１
2025/07/02,15:30:25.8,トカラ列島近海,29°14.6′N,129°08.7′E,6 km,3.5,震度２
2025/07/02,15:29:15.7,トカラ列島近海,29°14.6′N,129°08.9′E,2 km,3.5,震度２
2025/07/02,15:26:47.6,トカラ列島近海,29°15.4′N,129°03.1′E,1 km,5.6,震度５弱
2025/07/02,15:22:25.5,トカラ列島近海,29°12.9′N,129°09.3′E,11 km,3.2,震度１
2025/07/02,15:20:19.4,トカラ列島近海,29°12.7′N,129°05.6′E,0 km,2.6,震度１
2025/07/02,15:18:46.6,トカラ列島近海,29°14.6′N,129°09.1′E,3 km,2.9,震度１
2025/07/02,15:16:59.2,トカラ列島近海,29°13.8′N,129°05.9′E,8 km,3.4,震度１
2025/07/02,15:13:56.6,トカラ列島近海,29°13.7′N,129°09.8′E,8 km,3.1,震度１
2025/07/02,15:11:22.0,トカラ列島近海,29°12.3′N,129°06.3′E,13 km,3.0,震度２
2025/07/02,15:10:59.8,トカラ列島近海,29°17.2′N,129°13.2′E,0 km,3.0,震度１
2025/07/02,15:07:21.4,トカラ列島近海,29°12.3′N,129°14.8′E,18 km,4.6,震度３
2025/07/02,15:03:14.9,トカラ列島近海,29°12.9′N,129°11.7′E,13 km,3.5,震度３
2025/07/02,15:01:50.3,トカラ列島近海,29°12.7′N,129°20.1′E,8 km,3.5,震度２
2025/07/02,15:00:07.2,トカラ列島近海,29°16.1′N,129°05.6′E,19 km,3.9,震度３
2025/07/02,14:59:00.7,トカラ列島近海,29°15.3′N,129°04.2′E,8 km,5.1,震度３
2025/07/02,14:57:27.1,トカラ列島近海,29°15.7′N,129°11.4′E,3 km,不明,震度１
2025/07/02,14:56:43.6,トカラ列島近海,29°14.6′N,129°25.1′E,28 km,3.2,震度３
2025/07/02,14:54:55.0,トカラ列島近海,29°13.3′N,129°04.9′E,1 km,不明,震度４
2025/07/02,14:53:24.2,トカラ列島近海,29°14.3′N,129°04.1′E,1 km,5.3,震度４
2025/07/02,14:52:30.0,トカラ列島近海,29°13.9′N,129°08.7′E,0 km,4.0,震度２
2025/07/02,14:51:47.1,トカラ列島近海,29°15.1′N,129°05.2′E,2 km,5.0,震度３
2025/07/02,14:47:11.3,トカラ列島近海,29°15.7′N,129°07.3′E,5 km,3.2,震度２
2025/07/02,14:43:03.4,トカラ列島近海,29°19.1′N,129°23.2′E,8 km,2.8,震度１
2025/07/02,14:42:51.1,トカラ列島近海,29°16.5′N,129°11.2′E,0 km,不明,震度１
2025/07/02,14:41:43.8,トカラ列島近海,29°15.3′N,129°07.9′E,7 km,2.9,震度１
2025/07/02,14:36:24.0,トカラ列島近海,29°18.7′N,129°27.5′E,19 km,2.3,震度１
2025/07/02,14:29:39.7,トカラ列島近海,29°10.1′N,129°04.4′E,0 km,不明,震度１
2025/07/02,14:28:29.3,トカラ列島近海,29°15.9′N,129°06.7′E,2 km,3.3,震度２
2025/07/02,14:25:24.2,トカラ列島近海,29°14.1′N,129°10.5′E,12 km,5.0,震度３
2025/07/02,14:24:19.3,トカラ列島近海,29°12.2′N,129°05.5′E,0 km,3.9,震度３
2025/07/02,14:23:33.6,トカラ列島近海,29°09.6′N,129°11.3′E,19 km,3.9,震度３
2025/07/02,14:22:16.3,トカラ列島近海,29°15.1′N,129°11.6′E,14 km,4.0,震度４
2025/07/02,14:19:43.8,トカラ列島近海,29°18.4′N,129°30.1′E,20 km,2.4,震度１
2025/07/02,13:49:55.6,トカラ列島近海,29°25.6′N,129°26.9′E,18 km,2.5,震度１
2025/07/02,13:16:01.2,トカラ列島近海,29°19.4′N,129°24.4′E,17 km,2.6,震度１
2025/07/02,13:07:11.1,トカラ列島近海,29°14.7′N,129°07.6′E,9 km,2.5,震度１
2025/07/02,12:55:17.6,トカラ列島近海,29°21.0′N,129°34.5′E,5 km,不明,震度１
2025/07/02,12:42:10.5,トカラ列島近海,29°15.5′N,129°08.4′E,10 km,2.7,震度１
2025/07/02,12:40:02.5,トカラ列島近海,29°14.2′N,129°10.4′E,8 km,2.9,震度１
2025/07/02,12:34:45.6,トカラ列島近海,29°23.3′N,129°30.7′E,14 km,3.5,震度３
2025/07/02,10:35:29.6,トカラ列島近海,29°20.7′N,129°33.6′E,14 km,2.6,震度１
2025/07/02,10:13:47.3,トカラ列島近海,29°15.1′N,129°09.3′E,9 km,2.2,震度１
2025/07/02,10:07:30.6,トカラ列島近海,29°16.1′N,129°15.5′E,11 km,3.0,震度１
2025/07/02,09:58:39.6,トカラ列島近海,29°15.2′N,129°10.5′E,11 km,3.0,震度３
2025/07/02,09:53:27.5,トカラ列島近海,29°14.8′N,129°05.6′E,7 km,2.1,震度１
2025/07/02,09:43:28.3,トカラ列島近海,29°19.6′N,129°22.8′E,17 km,2.6,震度２
2025/07/02,09:39:40.0,トカラ列島近海,29°14.8′N,129°09.3′E,11 km,不明,震度１
2025/07/02,09:26:39.6,トカラ列島近海,29°19.9′N,129°25.8′E,20 km,2.5,震度１
2025/07/02,09:25:06.9,トカラ列島近海,29°17.3′N,129°10.3′E,11 km,2.3,震度１
2025/07/02,09:23:49.8,トカラ列島近海,29°14.1′N,129°08.7′E,16 km,不明,震度１
2025/07/02,09:22:25.6,トカラ列島近海,29°23.5′N,129°26.3′E,13 km,2.3,震度１
2025/07/02,09:17:30.1,トカラ列島近海,29°14.8′N,129°10.9′E,8 km,不明,震度１
2025/07/02,09:16:42.7,トカラ列島近海,29°13.2′N,129°06.7′E,11 km,不明,震度１
2025/07/02,09:15:05.3,トカラ列島近海,29°19.9′N,129°20.8′E,6 km,3.3,震度２
2025/07/02,09:14:29.5,トカラ列島近海,29°16.4′N,129°07.5′E,13 km,3.5,震度４
2025/07/02,09:12:48.2,トカラ列島近海,29°23.4′N,129°17.9′E,24 km,2.1,震度１
2025/07/02,09:11:28.6,トカラ列島近海,29°14.9′N,129°10.8′E,10 km,不明,震度１
2025/07/02,09:09:59.3,トカラ列島近海,29°14.5′N,129°04.2′E,7 km,3.7,震度４
2025/07/02,09:09:22.1,トカラ列島近海,29°13.0′N,129°06.1′E,10 km,3.2,震度３
2025/07/02,09:07:49.4,トカラ列島近海,29°16.1′N,129°13.9′E,8 km,不明,震度３
2025/07/02,09:06:46.8,トカラ列島近海,29°17.1′N,129°06.4′E,11 km,4.5,震度４
2025/07/02,09:00:52.7,トカラ列島近海,29°13.5′N,129°16.9′E,10 km,2.2,震度２
2025/07/02,08:58:27.6,トカラ列島近海,29°15.8′N,129°10.6′E,12 km,2.4,震度２
2025/07/02,08:33:55.2,トカラ列島近海,29°20.8′N,129°33.9′E,6 km,2.6,震度２
2025/07/02,08:28:07.6,トカラ列島近海,29°19.0′N,129°35.6′E,19 km,2.3,震度１
2025/07/02,08:27:23.5,トカラ列島近海,29°18.9′N,129°29.2′E,17 km,2.4,震度１
2025/07/02,08:10:43.8,トカラ列島近海,29°19.1′N,129°26.7′E,14 km,2.5,震度２
2025/07/02,08:05:45.6,トカラ列島近海,29°20.0′N,129°24.9′E,24 km,2.2,震度１
2025/07/02,08:01:04.7,トカラ列島近海,29°19.5′N,129°26.1′E,20 km,3.5,震度３
2025/07/02,07:45:41.6,トカラ列島近海,29°20.7′N,129°34.2′E,13 km,3.1,震度２
2025/07/02,07:43:54.2,トカラ列島近海,29°22.2′N,129°32.4′E,12 km,3.3,震度３
2025/07/02,07:20:01.3,トカラ列島近海,29°14.6′N,129°25.3′E,18 km,2.4,震度１
2025/07/02,07:12:09.5,トカラ列島近海,29°18.1′N,129°31.8′E,12 km,2.6,震度１
2025/07/02,07:06:50.2,トカラ列島近海,29°18.3′N,129°33.8′E,18 km,2.7,震度１
2025/07/02,07:00:41.4,トカラ列島近海,29°19.8′N,129°30.5′E,15 km,3.0,震度２
2025/07/02,06:52:44.8,トカラ列島近海,29°19.3′N,129°26.7′E,28 km,2.3,震度１
2025/07/02,06:48:04.3,トカラ列島近海,29°18.1′N,129°30.9′E,8 km,2.3,震度１
2025/07/02,06:45:27.8,トカラ列島近海,29°20.0′N,129°29.2′E,19 km,2.4,震度１
2025/07/02,06:31:47.2,トカラ列島近海,29°20.1′N,129°28.8′E,13 km,4.3,震度３
2025/07/02,06:08:01.7,トカラ列島近海,29°18.5′N,129°30.2′E,14 km,2.4,震度１
2025/07/02,05:55:27.0,西表島付近,23°57.2′N,123°35.2′E,32 km,4.4,震度１
2025/07/02,05:35:30.3,奄美大島近海,28°22.5′N,130°03.0′E,27 km,3.4,震度２
2025/07/02,05:18:02.6,種子島近海,30°31.7′N,131°22.1′E,27 km,4.4,震度２
2025/07/02,05:04:15.0,トカラ列島近海,29°19.9′N,129°25.3′E,25 km,2.4,震度１
2025/07/02,04:43:44.6,トカラ列島近海,29°21.2′N,129°24.6′E,18 km,2.8,震度２
2025/07/02,04:37:55.9,トカラ列島近海,29°17.8′N,129°28.2′E,14 km,2.6,震度１
2025/07/02,04:36:52.8,父島近海,26°46.0′N,142°24.9′E,4 km,4.5,震度２
2025/07/02,04:35:19.7,トカラ列島近海,29°20.0′N,129°28.3′E,12 km,不明,震度２
2025/07/02,04:32:08.3,トカラ列島近海,29°20.1′N,129°29.1′E,16 km,5.1,震度５弱
2025/07/02,03:27:31.5,トカラ列島近海,29°19.5′N,129°28.5′E,20 km,2.5,震度１
2025/07/02,03:11:48.1,トカラ列島近海,29°19.4′N,129°28.0′E,19 km,3.0,震度２
2025/07/02,02:46:53.7,宮城県沖,38°52.0′N,141°38.9′E,61 km,3.1,震度１
2025/07/02,02:36:55.0,トカラ列島近海,29°20.9′N,129°28.4′E,20 km,2.4,震度１
2025/07/02,02:26:18.0,トカラ列島近海,29°18.7′N,129°32.1′E,19 km,2.8,震度２
2025/07/02,02:02:00.8,トカラ列島近海,29°21.6′N,129°32.6′E,12 km,2.1,震度１
2025/07/02,01:59:37.6,トカラ列島近海,29°20.1′N,129°31.5′E,19 km,2.6,震度２
2025/07/02,01:46:24.5,トカラ列島近海,29°21.1′N,129°25.3′E,21 km,2.2,震度１
2025/07/02,00:31:46.4,トカラ列島近海,29°21.4′N,129°27.9′E,24 km,2.8,震度１
2025/07/02,00:24:13.1,トカラ列島近海,29°19.6′N,129°30.9′E,20 km,3.7,震度３
2025/07/02,00:22:26.4,トカラ列島近海,29°19.3′N,129°28.1′E,20 km,3.8,震度３
2025/07/02,00:20:19.4,トカラ列島近海,29°18.7′N,129°31.3′E,12 km,2.4,震度１
2025/07/02,00:16:54.0,トカラ列島近海,29°18.6′N,129°31.4′E,11 km,2.8,震度２
2025/07/02,00:14:05.8,トカラ列島近海,29°20.8′N,129°25.0′E,25 km,2.6,震度１
2025/07/02,00:12:03.2,トカラ列島近海,29°16.8′N,129°27.3′E,19 km,2.2,震度１
2025/07/02,00:06:58.1,トカラ列島近海,29°14.8′N,129°33.4′E,14 km,2.5,震度１
2025/07/01,23:59:02.6,トカラ列島近海,29°19.0′N,129°31.1′E,14 km,2.9,震度１
2025/07/01,23:57:14.7,長野県中部,36°26.2′N,137°59.8′E,6 km,2.3,震度１
2025/07/01,23:44:46.8,トカラ列島近海,29°19.4′N,129°29.1′E,19 km,2.0,震度１
2025/07/01,23:43:17.1,トカラ列島近海,29°19.2′N,129°28.7′E,17 km,2.7,震度１
2025/07/01,23:33:24.2,トカラ列島近海,29°19.0′N,129°32.3′E,17 km,3.3,震度２
2025/07/01,23:29:38.0,トカラ列島近海,29°18.6′N,129°30.8′E,18 km,3.3,震度２
2025/07/01,23:27:14.5,トカラ列島近海,29°18.6′N,129°31.8′E,13 km,2.6,震度１
2025/07/01,23:25:28.6,トカラ列島近海,29°20.2′N,129°23.1′E,27 km,2.3,震度１
2025/07/01,23:17:44.3,トカラ列島近海,29°22.0′N,129°20.4′E,28 km,2.5,震度１
2025/07/01,23:13:04.5,トカラ列島近海,29°18.4′N,129°30.0′E,6 km,2.4,震度１
2025/07/01,23:10:42.5,トカラ列島近海,29°15.4′N,129°27.9′E,10 km,2.8,震度１
2025/07/01,23:07:54.5,トカラ列島近海,29°21.9′N,129°23.3′E,17 km,2.4,震度１
2025/07/01,23:06:54.1,トカラ列島近海,29°19.1′N,129°29.2′E,13 km,2.5,震度１
2025/07/01,23:03:41.7,トカラ列島近海,29°20.0′N,129°28.0′E,20 km,4.3,震度３
2025/07/01,23:02:47.2,トカラ列島近海,29°20.9′N,129°26.3′E,11 km,2.3,震度１
2025/07/01,22:58:20.0,トカラ列島近海,29°27.5′N,129°33.3′E,12 km,1.7,震度１
2025/07/01,22:47:51.3,トカラ列島近海,29°25.6′N,129°36.4′E,13 km,2.5,震度２
2025/07/01,22:18:51.3,トカラ列島近海,29°24.4′N,129°26.2′E,30 km,2.2,震度１
2025/07/01,22:13:01.4,トカラ列島近海,29°17.8′N,129°24.8′E,17 km,3.2,震度２
2025/07/01,22:12:39.0,トカラ列島近海,29°21.0′N,129°26.5′E,19 km,3.2,震度２
2025/07/01,22:09:23.2,トカラ列島近海,29°19.1′N,129°28.7′E,16 km,2.7,震度１
2025/07/01,22:04:22.5,トカラ列島近海,29°19.5′N,129°30.2′E,10 km,2.8,震度１
2025/07/01,21:59:20.8,トカラ列島近海,29°16.3′N,129°24.2′E,18 km,2.7,震度２
2025/07/01,21:57:22.5,トカラ列島近海,29°20.0′N,129°20.0′E,27 km,2.4,震度１
2025/07/01,21:57:01.5,トカラ列島近海,29°20.3′N,129°21.9′E,30 km,2.5,震度１
2025/07/01,21:54:23.4,トカラ列島近海,29°18.1′N,129°32.0′E,10 km,3.2,震度３
2025/07/01,21:51:03.8,トカラ列島近海,29°16.6′N,129°27.1′E,20 km,2.7,震度１
2025/07/01,21:46:15.9,トカラ列島近海,29°20.3′N,129°25.9′E,21 km,2.7,震度１
2025/07/01,21:41:57.2,トカラ列島近海,29°19.1′N,129°26.9′E,18 km,2.4,震度１
2025/07/01,21:40:07.9,トカラ列島近海,29°19.2′N,129°21.0′E,27 km,2.8,震度１
2025/07/01,21:37:01.9,トカラ列島近海,29°18.8′N,129°28.1′E,10 km,3.6,震度２
2025/07/01,21:34:07.8,トカラ列島近海,29°19.0′N,129°28.6′E,9 km,2.5,震度１
2025/07/01,21:32:21.7,トカラ列島近海,29°17.6′N,129°21.9′E,21 km,2.7,震度２
2025/07/01,21:31:41.9,トカラ列島近海,29°18.5′N,129°28.9′E,17 km,2.6,震度１
2025/07/01,21:30:14.1,トカラ列島近海,29°14.9′N,129°25.6′E,17 km,2.7,震度１
2025/07/01,21:28:28.6,トカラ列島近海,29°18.3′N,129°28.9′E,15 km,2.7,震度１
2025/07/01,21:27:06.5,トカラ列島近海,29°19.1′N,129°25.3′E,22 km,2.8,震度２
2025/07/01,21:25:57.8,トカラ列島近海,29°19.4′N,129°24.8′E,13 km,2.6,震度１
2025/07/01,21:22:50.6,トカラ列島近海,29°18.6′N,129°27.8′E,14 km,2.9,震度１
2025/07/01,21:21:42.1,トカラ列島近海,29°16.6′N,129°30.7′E,15 km,2.5,震度１
2025/07/01,21:19:05.9,トカラ列島近海,29°22.0′N,129°19.3′E,29 km,3.0,震度１
2025/07/01,21:05:56.7,トカラ列島近海,29°19.7′N,129°26.9′E,16 km,3.0,震度２
2025/07/01,21:03:55.6,トカラ列島近海,29°19.6′N,129°27.4′E,19 km,2.6,震度１
2025/07/01,20:27:07.2,トカラ列島近海,29°19.7′N,129°24.9′E,20 km,2.6,震度１
2025/07/01,20:22:07.1,トカラ列島近海,29°20.4′N,129°26.6′E,18 km,4.4,震度４
2025/07/01,19:18:31.7,トカラ列島近海,29°18.9′N,129°25.0′E,19 km,3.0,震度１
2025/07/01,18:57:51.4,トカラ列島近海,29°21.6′N,129°30.4′E,22 km,2.1,震度１
2025/07/01,18:46:31.6,新潟県上中越沖,37°41.4′N,137°37.6′E,18 km,4.2,震度１
2025/07/01,18:17:08.1,トカラ列島近海,29°19.4′N,129°24.7′E,21 km,4.1,震度３
2025/07/01,18:00:04.1,トカラ列島近海,29°18.2′N,129°26.3′E,12 km,2.8,震度１
2025/07/01,17:28:10.2,トカラ列島近海,29°21.6′N,129°19.9′E,30 km,2.6,震度１
2025/07/01,17:20:34.4,トカラ列島近海,29°19.2′N,129°27.0′E,6 km,2.2,震度１
2025/07/01,17:15:16.8,トカラ列島近海,29°18.9′N,129°24.7′E,15 km,2.8,震度１
2025/07/01,17:10:27.3,トカラ列島近海,29°19.4′N,129°25.7′E,16 km,4.9,震度４
2025/07/01,17:09:21.5,トカラ列島近海,29°21.7′N,129°24.9′E,30 km,2.4,震度１
2025/07/01,16:21:16.7,トカラ列島近海,29°19.4′N,129°26.8′E,16 km,2.9,震度１
2025/07/01,16:16:45.2,トカラ列島近海,29°20.0′N,129°26.5′E,16 km,2.2,震度１
2025/07/01,16:15:24.8,トカラ列島近海,29°20.8′N,129°24.8′E,18 km,2.7,震度１
2025/07/01,16:14:00.6,トカラ列島近海,29°19.7′N,129°27.1′E,18 km,3.2,震度２
2025/07/01,16:09:27.9,トカラ列島近海,29°18.4′N,129°26.1′E,12 km,3.0,震度２
2025/07/01,16:07:56.5,トカラ列島近海,29°17.6′N,129°27.3′E,10 km,2.3,震度１
2025/07/01,15:52:05.5,トカラ列島近海,29°16.9′N,129°20.9′E,22 km,3.3,震度２
2025/07/01,15:50:58.9,トカラ列島近海,29°19.2′N,129°26.3′E,16 km,3.4,震度１
2025/07/01,15:43:25.4,トカラ列島近海,29°19.7′N,129°09.0′E,28 km,2.6,震度１
2025/07/01,15:39:01.5,トカラ列島近海,29°19.0′N,129°22.4′E,17 km,3.2,震度２
2025/07/01,15:36:27.4,トカラ列島近海,29°19.9′N,129°24.9′E,19 km,2.6,震度１
2025/07/01,15:28:11.9,トカラ列島近海,29°19.2′N,129°23.4′E,18 km,2.2,震度１
2025/07/01,15:25:56.4,トカラ列島近海,29°19.2′N,129°25.6′E,18 km,不明,震度１
2025/07/01,15:24:48.8,トカラ列島近海,29°19.6′N,129°25.2′E,20 km,3.7,震度３
2025/07/01,15:20:39.2,トカラ列島近海,29°17.2′N,129°08.8′E,13 km,4.0,震度２
2025/07/01,15:18:58.9,トカラ列島近海,29°20.5′N,129°23.1′E,23 km,2.3,震度１
2025/07/01,15:16:19.3,トカラ列島近海,29°17.8′N,129°27.5′E,9 km,2.7,震度１
2025/07/01,15:14:16.4,トカラ列島近海,29°21.7′N,129°14.2′E,28 km,2.6,震度１
2025/07/01,15:06:36.8,トカラ列島近海,29°16.6′N,129°29.2′E,12 km,2.8,震度１
2025/07/01,15:02:41.5,トカラ列島近海,29°19.3′N,129°14.9′E,29 km,2.4,震度１
2025/07/01,14:59:07.1,トカラ列島近海,29°20.4′N,129°25.5′E,18 km,2.8,震度１
2025/07/01,14:57:02.9,トカラ列島近海,29°18.2′N,129°24.8′E,19 km,2.2,震度１
2025/07/01,14:51:48.6,トカラ列島近海,29°19.8′N,129°21.5′E,26 km,2.6,震度１
2025/07/01,14:50:43.9,トカラ列島近海,29°19.4′N,129°25.2′E,19 km,2.6,震度１
2025/07/01,14:42:59.5,トカラ列島近海,29°18.4′N,129°25.9′E,20 km,3.1,震度２
2025/07/01,14:20:39.7,トカラ列島近海,29°18.2′N,129°26.0′E,20 km,3.0,震度２
2025/07/01,13:47:17.9,トカラ列島近海,29°19.3′N,129°24.4′E,22 km,2.7,震度１
2025/07/01,13:31:07.7,トカラ列島近海,29°19.0′N,129°27.2′E,16 km,2.7,震度１
2025/07/01,13:20:51.6,トカラ列島近海,29°18.8′N,129°28.9′E,8 km,3.5,震度３
2025/07/01,13:19:54.2,トカラ列島近海,29°18.0′N,129°26.9′E,15 km,3.1,震度２
2025/07/01,13:16:53.6,トカラ列島近海,29°20.8′N,129°30.1′E,12 km,2.6,震度１
2025/07/01,13:03:59.9,トカラ列島近海,29°15.5′N,129°23.6′E,22 km,2.7,震度１
2025/07/01,12:14:29.9,トカラ列島近海,29°19.0′N,129°27.1′E,18 km,2.4,震度１
2025/07/01,12:04:24.0,トカラ列島近海,29°25.2′N,129°36.6′E,9 km,1.5,震度１
2025/07/01,11:59:27.3,トカラ列島近海,29°18.4′N,129°28.3′E,9 km,3.0,震度２
2025/07/01,11:19:01.7,トカラ列島近海,29°20.7′N,129°26.4′E,19 km,3.1,震度１
2025/07/01,10:57:39.3,トカラ列島近海,29°19.9′N,129°24.7′E,17 km,3.2,震度２
2025/07/01,10:24:35.6,トカラ列島近海,29°19.5′N,129°25.9′E,21 km,2.7,震度２
2025/07/01,10:22:18.2,トカラ列島近海,29°19.4′N,129°24.9′E,22 km,2.9,震度１
2025/07/01,10:18:52.9,トカラ列島近海,29°19.6′N,129°17.6′E,25 km,2.4,震度１
2025/07/01,09:59:36.0,トカラ列島近海,29°19.5′N,129°27.1′E,17 km,3.1,震度２
2025/07/01,09:51:01.9,トカラ列島近海,29°21.4′N,129°32.3′E,8 km,2.5,震度２
2025/07/01,09:45:18.5,トカラ列島近海,29°17.7′N,129°29.1′E,14 km,2.7,震度１
2025/07/01,09:34:37.4,トカラ列島近海,29°19.3′N,129°28.7′E,18 km,2.7,震度１
2025/07/01,09:29:43.4,トカラ列島近海,29°19.7′N,129°26.4′E,18 km,2.7,震度２
2025/07/01,09:22:40.0,トカラ列島近海,29°19.5′N,129°24.1′E,15 km,2.3,震度１
2025/07/01,09:16:16.8,トカラ列島近海,29°20.2′N,129°22.6′E,19 km,2.9,震度１
2025/07/01,09:09:01.2,トカラ列島近海,29°17.4′N,129°29.2′E,13 km,2.6,震度１
2025/07/01,08:28:34.8,トカラ列島近海,29°20.1′N,129°26.3′E,19 km,3.3,震度２
2025/07/01,08:26:51.0,トカラ列島近海,29°18.3′N,129°26.5′E,19 km,2.2,震度１
2025/07/01,08:17:29.1,トカラ列島近海,29°23.5′N,129°18.8′E,30 km,2.4,震度１
2025/07/01,08:14:27.9,トカラ列島近海,29°21.4′N,129°25.1′E,23 km,2.4,震度１
2025/07/01,07:55:10.2,トカラ列島近海,29°19.1′N,129°26.6′E,15 km,2.5,震度１
2025/07/01,07:52:03.0,トカラ列島近海,29°17.3′N,129°28.7′E,6 km,2.8,震度１
2025/07/01,07:46:28.8,トカラ列島近海,29°19.9′N,129°25.6′E,18 km,2.3,震度１
2025/07/01,07:45:30.6,トカラ列島近海,29°19.4′N,129°26.6′E,15 km,2.2,震度１
2025/07/01,07:42:37.3,トカラ列島近海,29°18.5′N,129°26.7′E,18 km,2.4,震度１
2025/07/01,07:37:39.9,トカラ列島近海,29°18.5′N,129°28.1′E,7 km,2.6,震度１
2025/07/01,07:35:02.1,トカラ列島近海,29°14.5′N,129°23.8′E,19 km,不明,震度１
2025/07/01,07:33:56.6,トカラ列島近海,29°17.5′N,129°25.9′E,16 km,3.4,震度２
2025/07/01,07:33:08.1,トカラ列島近海,29°18.1′N,129°26.8′E,17 km,2.9,震度１
2025/07/01,07:30:15.9,トカラ列島近海,29°20.2′N,129°23.6′E,23 km,2.3,震度１
2025/07/01,07:27:50.2,トカラ列島近海,29°20.2′N,129°23.1′E,20 km,2.4,震度１
2025/07/01,07:25:20.1,トカラ列島近海,29°20.0′N,129°23.7′E,20 km,2.2,震度１
2025/07/01,07:23:15.5,トカラ列島近海,29°19.0′N,129°25.9′E,7 km,2.6,震度１
2025/07/01,07:20:08.1,トカラ列島近海,29°20.5′N,129°27.1′E,13 km,2.1,震度１
2025/07/01,07:18:53.8,トカラ列島近海,29°19.1′N,129°25.9′E,19 km,2.6,震度１
2025/07/01,07:15:08.3,トカラ列島近海,29°19.0′N,129°26.2′E,18 km,3.3,震度２
2025/07/01,07:13:26.8,トカラ列島近海,29°18.3′N,129°26.9′E,19 km,2.8,震度１
2025/07/01,07:10:04.3,トカラ列島近海,29°25.7′N,129°19.3′E,13 km,2.5,震度２
2025/07/01,07:09:47.3,トカラ列島近海,29°18.6′N,129°19.7′E,24 km,2.6,震度１
2025/07/01,07:07:53.7,トカラ列島近海,29°20.1′N,129°26.7′E,21 km,2.6,震度１
2025/07/01,07:06:47.1,トカラ列島近海,29°17.8′N,129°25.4′E,18 km,2.5,震度１
2025/07/01,07:05:10.6,トカラ列島近海,29°18.9′N,129°27.9′E,14 km,2.4,震度１
2025/07/01,07:03:39.1,トカラ列島近海,29°16.4′N,129°28.8′E,14 km,不明,震度１
2025/07/01,07:02:59.6,トカラ列島近海,29°19.4′N,129°25.9′E,18 km,2.9,震度２
2025/07/01,07:01:27.5,トカラ列島近海,29°19.2′N,129°23.7′E,20 km,3.0,震度１
2025/07/01,07:00:28.5,トカラ列島近海,29°18.7′N,129°27.5′E,12 km,3.0,震度２
2025/07/01,06:57:39.1,トカラ列島近海,29°19.9′N,129°30.5′E,10 km,3.0,震度１
2025/07/01,06:56:26.2,トカラ列島近海,29°17.6′N,129°29.3′E,11 km,2.8,震度１
2025/07/01,06:54:39.9,トカラ列島近海,29°18.0′N,129°28.6′E,7 km,3.0,震度１
2025/07/01,06:53:50.5,トカラ列島近海,29°19.8′N,129°25.3′E,22 km,3.0,震度１
2025/07/01,06:52:43.8,トカラ列島近海,29°18.8′N,129°25.4′E,18 km,3.1,震度２
2025/07/01,06:51:45.5,トカラ列島近海,29°20.1′N,129°17.2′E,28 km,不明,震度１
2025/07/01,06:49:48.0,トカラ列島近海,29°18.6′N,129°26.7′E,18 km,4.3,震度４
2025/07/01,06:47:30.7,トカラ列島近海,29°20.2′N,129°26.1′E,22 km,1.9,震度１
2025/07/01,06:46:12.8,トカラ列島近海,29°12.4′N,129°22.9′E,24 km,3.1,震度１
2025/07/01,06:44:43.0,トカラ列島近海,29°23.7′N,129°33.1′E,7 km,2.6,震度１
2025/07/01,06:43:04.5,トカラ列島近海,29°17.2′N,129°29.4′E,18 km,不明,震度１
2025/07/01,06:34:46.3,トカラ列島近海,29°17.9′N,129°26.9′E,12 km,2.6,震度１
2025/07/01,06:27:42.8,トカラ列島近海,29°18.1′N,129°27.5′E,15 km,2.5,震度１
2025/07/01,06:26:20.0,トカラ列島近海,29°19.3′N,129°21.2′E,20 km,2.3,震度１
2025/07/01,06:20:23.8,トカラ列島近海,29°18.8′N,129°26.6′E,20 km,2.5,震度１
2025/07/01,06:12:10.7,トカラ列島近海,29°18.5′N,129°26.8′E,17 km,2.3,震度１
2025/07/01,05:10:47.1,トカラ列島近海,29°19.4′N,129°26.6′E,24 km,2.6,震度１
2025/07/01,01:13:05.8,茨城県南部,36°06.1′N,139°59.4′E,47 km,3.6,震度２
2025/07/01,01:10:49.3,トカラ列島近海,29°19.6′N,129°24.1′E,22 km,2.8,震度１
2025/07/01,01:02:56.2,トカラ列島近海,29°17.4′N,129°28.1′E,11 km,3.5,震度２
2025/07/01,01:01:58.1,トカラ列島近海,29°13.7′N,129°26.9′E,11 km,2.8,震度１
2025/07/01,01:01:01.7,トカラ列島近海,29°18.6′N,129°26.3′E,18 km,2.8,震度１
2025/07/01,00:22:27.5,トカラ列島近海,29°19.4′N,129°26.7′E,17 km,4.3,震度３
2025/07/01,00:13:10.6,トカラ列島近海,29°19.9′N,129°25.7′E,23 km,2.3,震度１
2025/07/01,00:11:37.4,トカラ列島近海,29°19.8′N,129°25.4′E,15 km,2.3,震度１
2025/06/30,23:53:34.5,トカラ列島近海,29°18.9′N,129°23.7′E,23 km,3.3,震度２
2025/06/30,23:46:00.8,トカラ列島近海,29°20.0′N,129°27.6′E,9 km,3.0,震度２
2025/06/30,22:51:23.7,トカラ列島近海,29°18.2′N,129°27.7′E,16 km,2.7,震度１
2025/06/30,22:28:17.3,トカラ列島近海,29°16.4′N,129°16.3′E,13 km,2.3,震度２
2025/06/30,20:09:25.6,トカラ列島近海,29°18.6′N,129°26.7′E,18 km,2.4,震度１
2025/06/30,19:32:29.4,トカラ列島近海,29°18.8′N,129°28.0′E,20 km,2.4,震度１
2025/06/30,19:27:21.0,トカラ列島近海,29°19.3′N,129°24.9′E,20 km,3.9,震度３
2025/06/30,19:22:13.5,トカラ列島近海,29°19.7′N,129°23.9′E,24 km,2.7,震度１
2025/06/30,19:20:10.1,トカラ列島近海,29°17.9′N,129°25.0′E,21 km,2.5,震度１
2025/06/30,19:18:53.9,トカラ列島近海,29°17.7′N,129°27.5′E,15 km,2.9,震度２
2025/06/30,19:15:31.8,トカラ列島近海,29°17.5′N,129°25.7′E,16 km,2.5,震度１
2025/06/30,19:14:35.1,トカラ列島近海,29°18.0′N,129°28.1′E,11 km,3.2,震度２
2025/06/30,19:09:44.7,トカラ列島近海,29°20.8′N,129°21.7′E,18 km,3.0,震度２
2025/06/30,19:04:38.4,トカラ列島近海,29°18.9′N,129°23.9′E,23 km,2.6,震度１
2025/06/30,18:57:54.3,トカラ列島近海,29°14.6′N,129°23.5′E,12 km,2.8,震度１
2025/06/30,18:56:22.4,トカラ列島近海,29°19.1′N,129°23.6′E,23 km,2.4,震度１
2025/06/30,18:55:39.2,トカラ列島近海,29°18.7′N,129°25.2′E,21 km,2.5,震度１
2025/06/30,18:54:54.0,トカラ列島近海,29°17.5′N,129°26.8′E,14 km,2.4,震度１
2025/06/30,18:46:41.0,トカラ列島近海,29°20.0′N,129°24.9′E,22 km,2.8,震度１
2025/06/30,18:33:22.8,トカラ列島近海,29°19.6′N,129°26.3′E,22 km,5.3,震度５弱
2025/06/30,18:09:42.2,トカラ列島近海,29°19.1′N,129°27.9′E,13 km,2.5,震度１
2025/06/30,17:55:23.8,トカラ列島近海,29°19.8′N,129°27.4′E,20 km,2.7,震度１
2025/06/30,17:54:32.2,トカラ列島近海,29°19.1′N,129°27.1′E,20 km,2.9,震度１
2025/06/30,17:49:17.1,トカラ列島近海,29°18.9′N,129°24.2′E,14 km,2.7,震度１
2025/06/30,17:27:27.7,留萌地方南部,44°01.7′N,141°46.9′E,7 km,2.3,震度１
2025/06/30,17:17:01.6,トカラ列島近海,29°19.2′N,129°27.2′E,21 km,3.3,震度２
2025/06/30,17:11:47.4,トカラ列島近海,29°18.6′N,129°25.7′E,21 km,2.6,震度１
2025/06/30,16:40:38.0,千葉県東方沖,35°48.9′N,140°55.5′E,22 km,3.2,震度１
2025/06/30,14:53:07.0,トカラ列島近海,29°18.6′N,129°27.2′E,8 km,2.6,震度１
2025/06/30,14:04:36.9,トカラ列島近海,29°18.8′N,129°28.9′E,18 km,3.0,震度２
2025/06/30,12:57:50.4,トカラ列島近海,29°20.7′N,129°26.8′E,12 km,2.3,震度１
2025/06/30,12:36:19.5,トカラ列島近海,29°21.1′N,129°23.5′E,26 km,4.5,震度４
2025/06/30,12:20:22.7,トカラ列島近海,29°18.8′N,129°25.5′E,15 km,2.6,震度１
2025/06/30,12:04:31.7,トカラ列島近海,29°19.5′N,129°27.8′E,20 km,3.0,震度２
2025/06/30,11:53:38.3,トカラ列島近海,29°18.5′N,129°27.7′E,17 km,2.6,震度１
2025/06/30,10:39:38.2,トカラ列島近海,29°19.0′N,129°25.9′E,19 km,3.0,震度１
2025/06/30,10:17:06.5,トカラ列島近海,29°19.3′N,129°26.7′E,16 km,3.4,震度２
2025/06/30,10:04:48.1,トカラ列島近海,29°20.3′N,129°26.6′E,16 km,3.1,震度２
2025/06/30,09:22:59.0,トカラ列島近海,29°18.2′N,129°27.5′E,18 km,2.4,震度１
2025/06/30,09:17:04.9,トカラ列島近海,29°18.5′N,129°26.6′E,18 km,2.1,震度１
2025/06/30,09:09:02.1,トカラ列島近海,29°17.6′N,129°29.2′E,15 km,2.8,震度１
2025/06/30,08:45:25.7,トカラ列島近海,29°14.3′N,129°25.0′E,17 km,2.9,震度１
2025/06/30,08:42:14.4,トカラ列島近海,29°19.1′N,129°26.5′E,19 km,2.4,震度１
2025/06/30,08:39:34.4,トカラ列島近海,29°18.7′N,129°25.4′E,23 km,2.6,震度１
2025/06/30,08:33:06.3,トカラ列島近海,29°16.7′N,129°20.6′E,23 km,不明,震度１
2025/06/30,08:32:21.7,トカラ列島近海,29°19.8′N,129°18.7′E,29 km,3.1,震度１
2025/06/30,08:26:39.4,トカラ列島近海,29°19.8′N,129°25.1′E,22 km,4.0,震度３
2025/06/30,08:24:59.4,トカラ列島近海,29°17.3′N,129°27.8′E,15 km,2.7,震度１
2025/06/30,08:22:56.9,トカラ列島近海,29°17.9′N,129°26.8′E,21 km,2.7,震度１
2025/06/30,08:21:19.9,トカラ列島近海,29°19.2′N,129°25.4′E,21 km,2.8,震度１
2025/06/30,08:20:13.9,トカラ列島近海,29°18.5′N,129°25.0′E,21 km,2.6,震度１
2025/06/30,08:10:55.7,トカラ列島近海,29°18.8′N,129°25.6′E,21 km,2.7,震度１
2025/06/30,08:08:56.1,トカラ列島近海,29°19.7′N,129°24.6′E,22 km,3.3,震度２
2025/06/30,08:01:25.9,トカラ列島近海,29°19.3′N,129°25.7′E,20 km,2.6,震度１
2025/06/30,07:26:09.1,トカラ列島近海,29°20.9′N,129°29.4′E,17 km,3.4,震度３
2025/06/30,07:02:16.4,トカラ列島近海,29°19.1′N,129°28.0′E,19 km,2.5,震度１
2025/06/30,04:01:19.4,トカラ列島近海,29°19.2′N,129°25.6′E,18 km,2.7,震度１
2025/06/30,03:09:04.4,トカラ列島近海,29°18.4′N,129°27.7′E,17 km,2.8,震度１
2025/06/30,03:05:42.5,トカラ列島近海,29°19.5′N,129°26.2′E,23 km,2.8,震度１
2025/06/30,02:58:53.0,トカラ列島近海,29°19.7′N,129°24.8′E,21 km,4.1,震度３
2025/06/30,02:54:58.2,トカラ列島近海,29°19.1′N,129°25.2′E,19 km,2.5,震度１
2025/06/30,01:39:21.7,トカラ列島近海,29°19.1′N,129°28.1′E,21 km,2.4,震度１
2025/06/30,01:11:04.6,トカラ列島近海,29°20.2′N,129°27.8′E,22 km,3.0,震度２
2025/06/30,00:31:54.5,トカラ列島近海,29°19.4′N,129°27.6′E,20 km,3.8,震度３
2025/06/30,00:29:04.0,トカラ列島近海,29°17.6′N,129°30.6′E,8 km,2.7,震度１
2025/06/30,00:03:32.6,岐阜県飛騨地方,36°17.5′N,137°06.0′E,4 km,2.3,震度１
2025/06/29,23:45:32.0,トカラ列島近海,29°19.1′N,129°27.9′E,19 km,2.4,震度１
2025/06/29,23:38:00.1,トカラ列島近海,29°16.1′N,129°29.5′E,17 km,2.9,震度１
2025/06/29,23:37:06.7,トカラ列島近海,29°19.6′N,129°28.5′E,21 km,2.8,震度１
2025/06/29,23:03:38.3,トカラ列島近海,29°18.5′N,129°30.0′E,14 km,2.2,震度１
2025/06/29,23:00:51.8,トカラ列島近海,29°19.5′N,129°26.8′E,20 km,3.2,震度３
2025/06/29,22:56:45.3,トカラ列島近海,29°18.2′N,129°22.4′E,24 km,2.6,震度１
2025/06/29,22:49:56.0,トカラ列島近海,29°21.0′N,129°20.5′E,29 km,不明,震度１
2025/06/29,22:48:18.8,トカラ列島近海,29°17.1′N,129°26.8′E,18 km,3.3,震度２
2025/06/29,22:46:34.3,トカラ列島近海,29°16.1′N,129°25.0′E,21 km,2.3,震度１
2025/06/29,22:45:39.6,トカラ列島近海,29°19.2′N,129°18.0′E,23 km,3.1,震度１
2025/06/29,22:44:09.7,トカラ列島近海,29°22.4′N,129°15.6′E,29 km,3.1,震度２
2025/06/29,22:36:51.2,トカラ列島近海,29°20.1′N,129°26.0′E,23 km,4.2,震度３
2025/06/29,22:34:41.4,茨城県南部,36°06.9′N,139°59.2′E,48 km,3.1,震度１
2025/06/29,21:37:09.6,トカラ列島近海,29°19.0′N,129°28.4′E,20 km,2.5,震度１
2025/06/29,21:30:23.4,トカラ列島近海,29°18.8′N,129°28.3′E,17 km,2.7,震度１
2025/06/29,20:46:37.2,トカラ列島近海,29°17.3′N,129°29.1′E,18 km,2.3,震度１
2025/06/29,20:31:06.5,トカラ列島近海,29°19.6′N,129°26.9′E,23 km,2.8,震度１
2025/06/29,20:26:56.4,根室地方北部,43°30.1′N,144°47.3′E,129 km,3.8,震度１
2025/06/29,20:16:32.8,トカラ列島近海,29°20.1′N,129°26.5′E,22 km,3.9,震度３
2025/06/29,20:14:25.0,トカラ列島近海,29°18.1′N,129°31.5′E,12 km,2.5,震度１
2025/06/29,20:09:33.5,トカラ列島近海,29°20.1′N,129°26.9′E,25 km,2.9,震度２
2025/06/29,20:04:46.8,トカラ列島近海,29°19.2′N,129°25.3′E,25 km,2.2,震度１
2025/06/29,19:58:49.3,トカラ列島近海,29°20.3′N,129°24.4′E,26 km,2.4,震度１
2025/06/29,19:39:08.5,トカラ列島近海,29°19.0′N,129°26.3′E,22 km,3.8,震度３
2025/06/29,19:20:08.6,トカラ列島近海,29°19.3′N,129°26.5′E,20 km,2.4,震度１
2025/06/29,18:27:48.7,トカラ列島近海,29°19.4′N,129°27.9′E,18 km,2.9,震度２
2025/06/29,18:22:18.9,トカラ列島近海,29°19.9′N,129°26.5′E,22 km,3.4,震度２
2025/06/29,18:07:17.1,トカラ列島近海,29°17.1′N,129°19.7′E,20 km,3.5,震度２
2025/06/29,18:06:00.8,トカラ列島近海,29°18.8′N,129°24.8′E,14 km,2.8,震度２
2025/06/29,18:03:57.6,トカラ列島近海,29°20.1′N,129°26.7′E,21 km,2.2,震度１
2025/06/29,18:00:54.6,トカラ列島近海,29°21.0′N,129°24.1′E,25 km,3.1,震度１
2025/06/29,17:57:58.0,トカラ列島近海,29°22.2′N,129°22.1′E,25 km,3.0,震度１
2025/06/29,16:56:00.1,トカラ列島近海,29°19.1′N,129°27.3′E,20 km,4.1,震度４
2025/06/29,16:32:51.5,トカラ列島近海,29°19.6′N,129°23.1′E,19 km,4.2,震度２
2025/06/29,16:11:57.6,トカラ列島近海,29°19.1′N,129°28.3′E,17 km,5.3,震度４
2025/06/29,15:57:06.7,トカラ列島近海,29°19.8′N,129°24.9′E,23 km,3.2,震度２
2025/06/29,15:55:40.4,トカラ列島近海,29°17.8′N,129°29.2′E,17 km,2.5,震度１
2025/06/29,15:53:25.1,トカラ列島近海,29°19.4′N,129°24.6′E,23 km,2.9,震度２
2025/06/29,15:49:08.7,トカラ列島近海,29°18.3′N,129°28.1′E,15 km,2.7,震度１
2025/06/29,15:30:52.5,トカラ列島近海,29°18.5′N,129°28.9′E,14 km,2.7,震度１
2025/06/29,15:23:25.3,トカラ列島近海,29°15.0′N,129°24.1′E,19 km,2.3,震度１
2025/06/29,15:19:22.8,トカラ列島近海,29°18.3′N,129°27.7′E,17 km,2.3,震度１
2025/06/29,15:15:43.9,トカラ列島近海,29°17.8′N,129°28.3′E,18 km,2.6,震度１
2025/06/29,15:12:13.0,トカラ列島近海,29°19.3′N,129°26.2′E,21 km,3.7,震度３
2025/06/29,15:08:26.6,トカラ列島近海,29°19.4′N,129°26.8′E,19 km,2.6,震度１
2025/06/29,15:05:21.8,トカラ列島近海,29°19.2′N,129°27.4′E,14 km,3.2,震度２
2025/06/29,14:56:12.0,トカラ列島近海,29°19.1′N,129°19.6′E,25 km,2.7,震度１
2025/06/29,14:52:50.3,トカラ列島近海,29°19.3′N,129°26.7′E,20 km,3.9,震度３
2025/06/29,14:51:24.4,トカラ列島近海,29°18.2′N,129°26.7′E,21 km,2.5,震度１
2025/06/29,14:49:15.3,トカラ列島近海,29°14.0′N,129°23.8′E,20 km,2.7,震度１
2025/06/29,14:48:20.6,トカラ列島近海,29°19.8′N,129°19.3′E,28 km,2.4,震度１
2025/06/29,14:47:09.8,トカラ列島近海,29°19.4′N,129°26.1′E,22 km,3.2,震度２
2025/06/29,14:46:04.2,トカラ列島近海,29°17.3′N,129°30.0′E,13 km,2.4,震度１
2025/06/29,14:44:18.5,トカラ列島近海,29°17.5′N,129°28.3′E,16 km,2.4,震度１
2025/06/29,14:42:04.1,トカラ列島近海,29°19.5′N,129°25.2′E,22 km,3.4,震度２
2025/06/29,14:38:28.7,トカラ列島近海,29°19.5′N,129°22.8′E,18 km,2.3,震度１
2025/06/29,14:35:47.2,トカラ列島近海,29°18.8′N,129°27.8′E,18 km,2.3,震度１
2025/06/29,14:10:56.2,トカラ列島近海,29°20.2′N,129°25.9′E,18 km,2.7,震度２
2025/06/29,14:00:49.7,トカラ列島近海,29°20.5′N,129°22.7′E,25 km,3.0,震度２
2025/06/29,13:59:41.2,トカラ列島近海,29°18.8′N,129°24.9′E,22 km,2.8,震度２
2025/06/29,13:49:05.0,トカラ列島近海,29°19.3′N,129°25.3′E,23 km,3.0,震度２
2025/06/29,13:45:23.3,トカラ列島近海,29°23.0′N,129°21.8′E,22 km,2.7,震度１
2025/06/29,13:37:44.6,群馬県北部,36°41.5′N,139°18.6′E,6 km,2.4,震度１
2025/06/29,13:33:15.9,トカラ列島近海,29°21.2′N,129°20.1′E,26 km,2.5,震度１
2025/06/29,13:31:19.6,トカラ列島近海,29°13.3′N,129°22.4′E,19 km,3.5,震度１
2025/06/29,13:30:40.1,トカラ列島近海,29°19.6′N,129°25.1′E,24 km,3.7,震度３
2025/06/29,13:19:57.7,トカラ列島近海,29°19.1′N,129°26.7′E,22 km,2.7,震度２
2025/06/29,13:17:42.8,トカラ列島近海,29°19.0′N,129°25.8′E,20 km,2.5,震度１
2025/06/29,13:14:19.2,島根県東部,35°21.0′N,133°16.3′E,9 km,2.5,震度１
2025/06/29,13:13:50.4,トカラ列島近海,29°18.9′N,129°26.7′E,19 km,2.6,震度１
2025/06/29,13:03:00.2,トカラ列島近海,29°18.1′N,129°22.8′E,21 km,2.5,震度１
2025/06/29,13:00:47.8,トカラ列島近海,29°18.2′N,129°27.9′E,15 km,2.4,震度１
2025/06/29,12:58:17.1,トカラ列島近海,29°20.0′N,129°24.3′E,24 km,3.0,震度２
2025/06/29,12:51:44.2,トカラ列島近海,29°21.4′N,129°22.6′E,23 km,2.5,震度１
2025/06/29,12:48:39.8,トカラ列島近海,29°15.0′N,129°12.2′E,12 km,2.5,震度１
2025/06/29,12:45:28.4,トカラ列島近海,29°20.9′N,129°22.0′E,24 km,3.1,震度２
2025/06/29,12:42:31.5,トカラ列島近海,29°12.2′N,129°20.3′E,27 km,2.6,震度１
2025/06/29,12:40:46.7,トカラ列島近海,29°15.9′N,129°13.2′E,11 km,2.7,震度２
2025/06/29,12:35:42.2,トカラ列島近海,29°20.6′N,129°23.2′E,24 km,2.4,震度１
2025/06/29,12:30:19.2,トカラ列島近海,29°19.0′N,129°25.0′E,20 km,2.5,震度１
2025/06/29,12:18:07.1,トカラ列島近海,29°19.4′N,129°25.9′E,22 km,3.1,震度２
2025/06/29,11:58:56.6,トカラ列島近海,29°19.0′N,129°26.5′E,22 km,2.7,震度１
2025/06/29,11:55:25.2,トカラ列島近海,29°18.0′N,129°26.8′E,20 km,2.5,震度１
2025/06/29,11:45:38.3,トカラ列島近海,29°19.6′N,129°24.1′E,17 km,2.3,震度１
2025/06/29,11:36:21.7,トカラ列島近海,29°20.0′N,129°24.9′E,23 km,4.5,震度３
2025/06/29,11:32:00.3,トカラ列島近海,29°20.9′N,129°26.2′E,11 km,2.6,震度１
2025/06/29,11:29:27.6,トカラ列島近海,29°17.5′N,129°27.8′E,19 km,3.0,震度１
2025/06/29,10:48:25.0,トカラ列島近海,29°19.2′N,129°24.2′E,20 km,3.2,震度１
2025/06/29,10:43:20.2,トカラ列島近海,29°19.5′N,129°25.9′E,16 km,2.2,震度１
2025/06/29,10:33:53.4,トカラ列島近海,29°20.0′N,129°20.2′E,26 km,2.7,震度１
2025/06/29,10:28:57.6,トカラ列島近海,29°20.5′N,129°22.6′E,26 km,3.9,震度３
2025/06/29,10:22:41.9,トカラ列島近海,29°15.1′N,129°24.3′E,15 km,2.4,震度１
2025/06/29,10:19:54.9,トカラ列島近海,29°20.1′N,129°21.1′E,26 km,3.5,震度２
2025/06/29,10:18:29.0,トカラ列島近海,29°22.8′N,129°24.4′E,25 km,3.9,震度３
2025/06/29,10:15:25.3,トカラ列島近海,29°19.8′N,129°24.1′E,20 km,5.4,震度４
2025/06/29,10:13:58.1,トカラ列島近海,29°18.9′N,129°24.6′E,22 km,4.8,震度３
2025/06/29,10:12:17.6,トカラ列島近海,29°17.7′N,129°27.3′E,12 km,3.5,震度２
2025/06/29,10:10:31.3,トカラ列島近海,29°18.4′N,129°24.7′E,20 km,3.1,震度２
2025/06/29,10:07:36.4,トカラ列島近海,29°18.4′N,129°24.8′E,20 km,3.1,震度２
2025/06/29,10:02:20.4,トカラ列島近海,29°18.3′N,129°25.2′E,19 km,2.6,震度１
2025/06/29,09:59:40.5,島根県東部,35°20.8′N,133°16.4′E,10 km,4.1,震度３
2025/06/29,09:46:00.1,トカラ列島近海,29°18.7′N,129°21.0′E,18 km,3.1,震度２
2025/06/29,09:38:07.1,トカラ列島近海,29°19.4′N,129°24.3′E,16 km,2.5,震度１
2025/06/29,09:25:36.4,トカラ列島近海,29°18.3′N,129°24.9′E,19 km,2.4,震度１
2025/06/29,08:25:19.4,岐阜県飛騨地方,36°17.4′N,137°06.0′E,4 km,2.4,震度１
2025/06/29,08:15:18.8,根室半島南東沖,42°44.4′N,146°41.6′E,24 km,4.5,震度１
2025/06/29,06:48:01.8,トカラ列島近海,29°18.5′N,129°23.9′E,18 km,3.1,震度２
2025/06/29,05:46:25.9,トカラ列島近海,29°17.4′N,129°22.4′E,16 km,2.3,震度１
2025/06/29,04:13:39.4,トカラ列島近海,29°18.4′N,129°24.1′E,19 km,2.7,震度１
2025/06/29,00:41:20.1,トカラ列島近海,29°19.7′N,129°24.1′E,20 km,2.3,震度２
2025/06/28,23:31:09.5,トカラ列島近海,29°18.4′N,129°25.6′E,18 km,2.8,震度１
2025/06/28,22:13:37.4,トカラ列島近海,29°16.0′N,129°29.4′E,10 km,2.4,震度１
2025/06/28,19:22:57.6,トカラ列島近海,29°19.0′N,129°22.5′E,21 km,2.4,震度１
2025/06/28,19:09:31.4,トカラ列島近海,29°17.9′N,129°23.8′E,17 km,2.8,震度１
2025/06/28,18:58:48.9,トカラ列島近海,29°17.6′N,129°24.9′E,19 km,3.1,震度２
2025/06/28,18:51:09.4,トカラ列島近海,29°18.2′N,129°24.3′E,16 km,2.9,震度１
2025/06/28,18:42:59.8,トカラ列島近海,29°18.2′N,129°26.1′E,17 km,2.6,震度１
2025/06/28,16:43:39.6,新島・神津島近海,34°21.2′N,139°13.9′E,6 km,1.8,震度１
2025/06/28,15:11:50.5,トカラ列島近海,29°17.1′N,129°25.4′E,13 km,2.9,震度１
2025/06/28,15:11:47.7,愛知県西部,35°19.3′N,136°48.2′E,43 km,3.1,震度１
2025/06/28,14:45:32.3,トカラ列島近海,29°19.5′N,129°21.4′E,22 km,2.7,震度１
2025/06/28,14:27:24.9,トカラ列島近海,29°19.9′N,129°32.8′E,14 km,2.8,震度１
2025/06/28,13:54:35.5,トカラ列島近海,29°19.2′N,129°24.0′E,21 km,4.3,震度２
2025/06/28,13:52:08.5,トカラ列島近海,29°18.7′N,129°24.3′E,20 km,3.3,震度２
2025/06/28,13:00:51.3,トカラ列島近海,29°18.8′N,129°23.1′E,21 km,3.4,震度１
2025/06/28,11:54:10.5,トカラ列島近海,29°18.6′N,129°23.3′E,19 km,2.6,震度１
2025/06/28,11:51:01.3,トカラ列島近海,29°21.3′N,129°20.2′E,23 km,2.3,震度１
2025/06/28,11:43:06.2,トカラ列島近海,29°16.5′N,129°27.6′E,7 km,2.6,震度１
2025/06/28,11:12:50.3,トカラ列島近海,29°19.0′N,129°24.1′E,23 km,4.4,震度３
2025/06/28,10:47:39.8,トカラ列島近海,29°17.8′N,129°24.8′E,15 km,3.0,震度１
2025/06/28,10:31:05.8,トカラ列島近海,29°17.7′N,129°25.7′E,15 km,2.8,震度１
2025/06/28,10:20:10.7,トカラ列島近海,29°18.2′N,129°24.6′E,18 km,3.0,震度２
2025/06/28,10:18:15.1,トカラ列島近海,29°18.8′N,129°24.0′E,20 km,2.9,震度１
2025/06/28,09:55:31.1,トカラ列島近海,29°16.6′N,129°25.5′E,14 km,2.8,震度１
2025/06/28,09:53:00.0,トカラ列島近海,29°17.9′N,129°25.5′E,16 km,2.8,震度１
2025/06/28,09:43:31.0,トカラ列島近海,29°18.2′N,129°25.3′E,16 km,2.7,震度１
2025/06/28,09:31:18.1,トカラ列島近海,29°18.4′N,129°23.9′E,17 km,2.6,震度１
2025/06/28,09:28:58.2,トカラ列島近海,29°18.0′N,129°23.8′E,17 km,2.5,震度１
2025/06/28,09:22:48.8,トカラ列島近海,29°18.2′N,129°22.8′E,17 km,2.6,震度１
2025/06/28,09:15:14.9,トカラ列島近海,29°18.3′N,129°24.7′E,19 km,4.3,震度３
2025/06/28,09:07:37.3,トカラ列島近海,29°18.7′N,129°24.4′E,19 km,2.9,震度１
2025/06/28,09:04:57.1,トカラ列島近海,29°18.4′N,129°24.9′E,15 km,2.6,震度１
2025/06/28,09:01:30.5,トカラ列島近海,29°18.4′N,129°25.1′E,15 km,2.5,震度１
2025/06/28,08:55:49.3,トカラ列島近海,29°17.9′N,129°24.9′E,18 km,2.8,震度１
2025/06/28,06:57:25.0,石川県能登地方,37°14.0′N,136°45.2′E,10 km,3.4,震度１
2025/06/28,02:38:51.8,トカラ列島近海,29°18.8′N,129°25.4′E,20 km,2.6,震度１
2025/06/28,02:01:05.1,トカラ列島近海,29°18.7′N,129°25.1′E,21 km,2.7,震度１
2025/06/27,22:52:52.4,トカラ列島近海,29°17.3′N,129°25.7′E,22 km,3.9,震度２
2025/06/27,22:16:13.4,トカラ列島近海,29°18.0′N,129°18.5′E,20 km,2.6,震度１
2025/06/27,20:25:54.4,群馬県北部,36°41.4′N,139°18.6′E,7 km,3.2,震度２
2025/06/27,19:58:14.1,トカラ列島近海,29°18.8′N,129°25.1′E,14 km,2.6,震度１
2025/06/27,19:47:25.9,トカラ列島近海,29°16.5′N,129°11.1′E,13 km,2.9,震度１
2025/06/27,18:44:43.0,釧路沖,42°53.7′N,145°32.0′E,38 km,4.2,震度２
2025/06/27,15:00:12.4,トカラ列島近海,29°17.5′N,129°28.5′E,11 km,2.3,震度１
2025/06/27,13:59:27.4,トカラ列島近海,29°19.3′N,129°11.4′E,22 km,2.5,震度１
2025/06/27,13:19:58.7,トカラ列島近海,29°21.4′N,129°15.1′E,28 km,不明,震度１
2025/06/27,13:17:05.3,トカラ列島近海,29°20.2′N,129°23.0′E,20 km,4.8,震度３
2025/06/27,13:04:46.9,秋田県内陸南部,39°28.7′N,140°25.6′E,10 km,2.4,震度１
2025/06/27,12:38:33.7,トカラ列島近海,29°18.1′N,129°25.0′E,20 km,2.9,震度１
2025/06/27,11:31:11.7,トカラ列島近海,29°18.8′N,129°27.1′E,12 km,2.8,震度１
2025/06/27,09:04:14.4,トカラ列島近海,29°14.0′N,129°09.6′E,14 km,3.2,震度１
2025/06/27,08:56:00.4,茨城県北部,36°27.6′N,140°34.4′E,56 km,4.3,震度３
2025/06/27,08:15:36.9,トカラ列島近海,29°17.3′N,129°25.5′E,22 km,2.7,震度１
2025/06/27,08:00:47.8,トカラ列島近海,29°16.8′N,129°21.4′E,18 km,2.4,震度１
2025/06/27,06:30:09.0,トカラ列島近海,29°17.2′N,129°27.3′E,12 km,2.7,震度１
2025/06/27,06:07:17.3,トカラ列島近海,29°16.7′N,129°28.5′E,15 km,2.9,震度２
2025/06/27,02:32:32.9,トカラ列島近海,29°14.7′N,129°17.9′E,16 km,2.4,震度１
2025/06/26,19:58:16.2,トカラ列島近海,29°18.1′N,129°24.9′E,19 km,2.7,震度１
2025/06/26,14:18:05.1,トカラ列島近海,29°19.0′N,129°24.9′E,16 km,2.8,震度１
2025/06/26,10:48:53.6,トカラ列島近海,29°17.4′N,129°21.0′E,16 km,3.8,震度２
2025/06/26,10:42:44.6,山梨県中・西部,35°53.0′N,138°42.2′E,5 km,2.6,震度１
2025/06/26,09:10:47.2,トカラ列島近海,29°19.1′N,129°26.1′E,19 km,3.3,震度２
2025/06/26,08:37:51.1,トカラ列島近海,29°17.5′N,129°25.3′E,23 km,3.2,震度２
2025/06/26,07:20:40.8,トカラ列島近海,29°18.4′N,129°18.8′E,19 km,2.6,震度１
2025/06/26,07:05:52.7,トカラ列島近海,29°18.5′N,129°20.8′E,20 km,2.9,震度２
2025/06/26,06:28:45.4,トカラ列島近海,29°15.2′N,129°08.0′E,7 km,2.9,震度２
2025/06/26,06:27:46.8,トカラ列島近海,29°14.8′N,129°09.9′E,7 km,3.1,震度２
2025/06/26,06:23:24.5,トカラ列島近海,29°14.2′N,129°09.4′E,10 km,3.2,震度１
2025/06/26,06:13:20.9,トカラ列島近海,29°15.5′N,129°08.4′E,9 km,2.9,震度１
2025/06/26,05:59:59.9,トカラ列島近海,29°16.3′N,129°10.1′E,10 km,2.4,震度１
2025/06/26,04:19:15.2,トカラ列島近海,29°17.1′N,129°20.2′E,17 km,3.1,震度１
2025/06/26,02:22:15.8,トカラ列島近海,29°23.2′N,129°26.1′E,23 km,不明,震度１
2025/06/26,02:21:10.1,トカラ列島近海,29°17.0′N,129°08.2′E,11 km,3.2,震度２
2025/06/25,23:19:00.7,トカラ列島近海,29°17.8′N,129°23.7′E,18 km,2.7,震度１
2025/06/25,23:17:29.3,トカラ列島近海,29°17.9′N,129°23.4′E,20 km,3.0,震度１
2025/06/25,23:09:02.0,トカラ列島近海,29°18.6′N,129°22.0′E,21 km,2.8,震度１
2025/06/25,20:57:50.3,トカラ列島近海,29°13.6′N,129°14.6′E,11 km,1.7,震度１
2025/06/25,20:34:02.1,トカラ列島近海,29°18.4′N,129°23.6′E,22 km,3.8,震度２
2025/06/25,20:14:43.3,トカラ列島近海,29°20.2′N,129°24.9′E,20 km,2.5,震度１
2025/06/25,19:53:22.4,トカラ列島近海,29°15.7′N,129°10.5′E,11 km,2.3,震度１
2025/06/25,19:52:08.7,トカラ列島近海,29°14.2′N,129°10.7′E,11 km,2.1,震度１
2025/06/25,19:51:03.3,トカラ列島近海,29°14.1′N,129°11.4′E,10 km,1.7,震度１
2025/06/25,19:43:12.1,トカラ列島近海,29°14.3′N,129°12.6′E,15 km,不明,震度１
2025/06/25,19:39:13.0,トカラ列島近海,29°13.1′N,129°09.8′E,14 km,3.8,震度３
2025/06/25,19:38:38.4,トカラ列島近海,29°14.7′N,129°06.3′E,10 km,不明,震度１
2025/06/25,19:37:00.9,トカラ列島近海,29°15.0′N,129°06.7′E,12 km,3.0,震度３
2025/06/25,19:35:35.7,トカラ列島近海,29°13.7′N,129°08.4′E,13 km,3.3,震度３
2025/06/25,19:26:19.9,トカラ列島近海,29°21.7′N,129°28.4′E,15 km,2.5,震度１
2025/06/25,18:13:09.6,トカラ列島近海,29°17.4′N,129°25.3′E,22 km,3.0,震度１
2025/06/25,17:42:36.3,トカラ列島近海,29°19.5′N,129°25.8′E,17 km,2.7,震度１
2025/06/25,17:31:52.4,トカラ列島近海,29°17.4′N,129°23.9′E,24 km,2.7,震度１
2025/06/25,15:22:19.2,トカラ列島近海,29°19.0′N,129°23.3′E,18 km,2.9,震度１
2025/06/25,15:11:52.9,トカラ列島近海,29°18.6′N,129°23.9′E,17 km,3.0,震度２
2025/06/25,15:04:06.3,トカラ列島近海,29°17.9′N,129°25.0′E,19 km,2.8,震度１
2025/06/25,14:59:48.2,トカラ列島近海,29°18.3′N,129°24.1′E,20 km,3.6,震度２
2025/06/25,14:55:59.1,トカラ列島近海,29°17.0′N,129°26.5′E,14 km,2.4,震度１
2025/06/25,14:47:25.1,トカラ列島近海,29°18.6′N,129°23.7′E,21 km,4.4,震度３
2025/06/25,14:16:31.7,トカラ列島近海,29°18.9′N,129°23.9′E,18 km,3.0,震度２
2025/06/25,14:11:07.5,トカラ列島近海,29°18.0′N,129°24.7′E,17 km,3.1,震度１
2025/06/25,14:09:51.5,トカラ列島近海,29°19.1′N,129°22.2′E,18 km,2.4,震度１
2025/06/25,14:00:30.3,トカラ列島近海,29°18.0′N,129°23.6′E,20 km,2.5,震度１
2025/06/25,13:56:19.6,トカラ列島近海,29°18.0′N,129°22.3′E,21 km,2.6,震度１
2025/06/25,13:51:27.4,茨城県沖,36°26.0′N,140°38.7′E,54 km,4.2,震度４
2025/06/25,13:50:28.6,トカラ列島近海,29°17.8′N,129°24.6′E,17 km,2.7,震度１
2025/06/25,13:44:07.0,トカラ列島近海,29°17.9′N,129°24.8′E,16 km,3.1,震度２
2025/06/25,13:40:28.1,トカラ列島近海,29°17.3′N,129°22.7′E,21 km,2.5,震度１
2025/06/25,13:37:51.2,トカラ列島近海,29°17.4′N,129°23.9′E,17 km,2.7,震度１
2025/06/25,13:33:22.5,トカラ列島近海,29°18.4′N,129°20.7′E,21 km,2.7,震度１
2025/06/25,13:18:31.8,トカラ列島近海,29°15.5′N,129°12.0′E,10 km,2.1,震度１
2025/06/25,13:15:45.2,トカラ列島近海,29°20.5′N,129°17.1′E,24 km,2.5,震度１
2025/06/25,13:14:11.0,トカラ列島近海,29°18.7′N,129°22.1′E,21 km,3.5,震度２
2025/06/25,13:09:39.3,トカラ列島近海,29°18.1′N,129°23.4′E,18 km,2.4,震度１
2025/06/25,13:03:09.9,トカラ列島近海,29°18.7′N,129°22.3′E,20 km,3.2,震度２
2025/06/25,12:55:38.8,トカラ列島近海,29°16.2′N,129°24.9′E,13 km,2.6,震度１
2025/06/25,12:54:32.0,トカラ列島近海,29°14.5′N,129°29.0′E,6 km,2.6,震度１
2025/06/25,12:50:16.8,トカラ列島近海,29°18.9′N,129°21.9′E,20 km,2.8,震度１
2025/06/25,12:39:33.6,トカラ列島近海,29°18.9′N,129°19.5′E,23 km,3.1,震度１
2025/06/25,12:36:33.7,トカラ列島近海,29°17.5′N,129°24.7′E,16 km,2.8,震度１
2025/06/25,12:30:59.5,トカラ列島近海,29°17.9′N,129°25.1′E,16 km,2.9,震度１
2025/06/25,12:19:08.7,トカラ列島近海,29°17.9′N,129°26.8′E,8 km,2.8,震度２
2025/06/25,12:00:27.3,トカラ列島近海,29°17.2′N,129°28.8′E,7 km,2.2,震度１
2025/06/25,11:16:38.7,トカラ列島近海,29°17.4′N,129°25.7′E,13 km,2.7,震度１
2025/06/25,11:05:28.4,福島県会津,36°58.7′N,139°23.3′E,5 km,2.7,震度２
2025/06/25,08:28:24.5,トカラ列島近海,29°24.4′N,129°25.8′E,20 km,3.1,震度２
2025/06/25,08:03:50.2,トカラ列島近海,29°22.2′N,129°27.5′E,17 km,3.0,震度２
2025/06/25,07:21:30.8,トカラ列島近海,29°21.2′N,129°28.6′E,13 km,2.5,震度１
2025/06/25,07:09:21.6,トカラ列島近海,29°17.7′N,129°21.9′E,18 km,2.6,震度１
2025/06/25,07:04:25.2,トカラ列島近海,29°16.7′N,129°23.8′E,14 km,2.4,震度１
2025/06/25,06:48:47.7,トカラ列島近海,29°16.5′N,129°25.6′E,9 km,2.3,震度１
2025/06/25,06:36:33.2,トカラ列島近海,29°19.5′N,129°22.1′E,19 km,2.4,震度１
2025/06/25,05:49:46.6,トカラ列島近海,29°19.2′N,129°23.1′E,20 km,3.3,震度２
2025/06/25,05:05:49.0,トカラ列島近海,29°18.6′N,129°21.4′E,16 km,3.2,震度２
2025/06/25,04:29:25.2,トカラ列島近海,29°18.1′N,129°23.9′E,17 km,2.6,震度１
2025/06/25,04:04:43.1,トカラ列島近海,29°18.6′N,129°24.1′E,19 km,2.9,震度１
2025/06/25,03:59:42.1,トカラ列島近海,29°17.1′N,129°20.8′E,21 km,2.5,震度１
2025/06/25,03:40:30.0,トカラ列島近海,29°17.7′N,129°25.0′E,14 km,3.3,震度２
2025/06/25,02:30:57.2,トカラ列島近海,29°18.3′N,129°20.3′E,18 km,2.8,震度１
2025/06/25,01:58:20.6,トカラ列島近海,29°17.6′N,129°25.1′E,15 km,2.7,震度１
2025/06/25,01:34:09.4,トカラ列島近海,29°18.4′N,129°23.5′E,20 km,3.1,震度２
2025/06/25,01:08:24.0,トカラ列島近海,29°17.0′N,129°15.7′E,23 km,2.8,震度１
2025/06/25,01:06:38.0,トカラ列島近海,29°18.0′N,129°20.5′E,19 km,3.3,震度１
2025/06/25,00:40:53.6,トカラ列島近海,29°19.0′N,129°21.1′E,17 km,3.3,震度２
2025/06/25,00:26:07.6,トカラ列島近海,29°16.8′N,129°10.5′E,16 km,2.0,震度１
2025/06/25,00:11:22.1,トカラ列島近海,29°19.2′N,129°20.6′E,20 km,3.6,震度２
2025/06/24,23:45:58.8,トカラ列島近海,29°13.6′N,129°15.1′E,9 km,2.2,震度１
2025/06/24,23:44:39.0,トカラ列島近海,29°11.8′N,129°17.3′E,9 km,2.6,震度１
2025/06/24,23:43:44.2,トカラ列島近海,29°19.3′N,129°14.0′E,12 km,2.0,震度１
2025/06/24,22:30:34.7,トカラ列島近海,29°19.0′N,129°26.6′E,16 km,2.3,震度１
2025/06/24,22:29:22.2,トカラ列島近海,29°20.9′N,129°22.6′E,25 km,2.6,震度１
2025/06/24,22:15:04.8,トカラ列島近海,29°18.0′N,129°21.6′E,16 km,2.5,震度１
2025/06/24,22:03:34.0,トカラ列島近海,29°18.4′N,129°22.0′E,17 km,3.4,震度２
2025/06/24,21:39:55.3,トカラ列島近海,29°19.1′N,129°18.2′E,19 km,3.2,震度２
2025/06/24,21:38:18.3,トカラ列島近海,29°18.7′N,129°15.6′E,18 km,2.7,震度１
2025/06/24,21:32:26.9,トカラ列島近海,29°19.1′N,129°18.5′E,19 km,2.7,震度１
2025/06/24,21:30:46.4,トカラ列島近海,29°19.2′N,129°20.5′E,19 km,2.7,震度１
2025/06/24,21:13:52.7,トカラ列島近海,29°18.6′N,129°20.6′E,18 km,2.6,震度１
2025/06/24,21:11:09.1,トカラ列島近海,29°18.9′N,129°20.3′E,17 km,2.8,震度１
2025/06/24,20:49:51.0,トカラ列島近海,29°18.4′N,129°21.3′E,18 km,3.1,震度２
2025/06/24,20:18:17.4,トカラ列島近海,29°15.2′N,129°11.6′E,12 km,2.3,震度２
2025/06/24,20:02:33.2,トカラ列島近海,29°16.6′N,129°13.8′E,6 km,1.7,震度１
2025/06/24,19:58:20.3,トカラ列島近海,29°17.6′N,129°25.3′E,12 km,2.8,震度１
2025/06/24,19:27:35.9,トカラ列島近海,29°17.1′N,129°15.4′E,7 km,2.3,震度１
2025/06/24,19:12:10.4,トカラ列島近海,29°17.8′N,129°21.3′E,20 km,2.8,震度１
2025/06/24,18:44:03.9,トカラ列島近海,29°17.1′N,129°23.8′E,16 km,2.3,震度１
2025/06/24,18:35:44.0,トカラ列島近海,29°17.9′N,129°20.6′E,20 km,3.1,震度１
2025/06/24,18:33:15.3,トカラ列島近海,29°17.3′N,129°23.4′E,17 km,2.6,震度１
2025/06/24,18:03:21.4,トカラ列島近海,29°17.1′N,129°17.1′E,0 km,不明,震度１
2025/06/24,17:49:48.0,トカラ列島近海,29°18.4′N,129°22.9′E,20 km,3.1,震度２
2025/06/24,17:44:26.0,トカラ列島近海,29°19.0′N,129°25.5′E,15 km,2.5,震度１
2025/06/24,17:11:06.6,トカラ列島近海,29°19.2′N,129°18.1′E,18 km,2.6,震度１
2025/06/24,17:05:23.6,トカラ列島近海,29°17.2′N,129°19.1′E,19 km,2.7,震度１
2025/06/24,17:01:36.4,トカラ列島近海,29°17.4′N,129°18.8′E,19 km,3.1,震度２
2025/06/24,16:54:09.1,トカラ列島近海,29°17.2′N,129°17.4′E,19 km,3.9,震度２
2025/06/24,16:53:12.5,トカラ列島近海,29°17.0′N,129°24.1′E,16 km,2.6,震度１
2025/06/24,16:15:45.8,トカラ列島近海,29°18.1′N,129°25.9′E,14 km,3.0,震度１
2025/06/24,16:07:54.0,トカラ列島近海,29°18.5′N,129°20.5′E,20 km,3.1,震度１
2025/06/24,16:06:16.0,トカラ列島近海,29°16.7′N,129°18.8′E,21 km,不明,震度１
2025/06/24,16:05:17.1,トカラ列島近海,29°17.6′N,129°20.4′E,19 km,不明,震度１
2025/06/24,16:04:14.1,トカラ列島近海,29°18.8′N,129°22.7′E,18 km,5.1,震度４
2025/06/24,13:51:00.7,トカラ列島近海,29°18.7′N,129°21.6′E,18 km,3.3,震度２
2025/06/24,13:41:18.6,トカラ列島近海,29°18.9′N,129°21.0′E,15 km,2.6,震度１
2025/06/24,13:12:05.9,トカラ列島近海,29°22.8′N,129°19.2′E,24 km,2.4,震度１
2025/06/24,13:11:14.8,トカラ列島近海,29°19.2′N,129°21.0′E,17 km,2.7,震度１
2025/06/24,13:10:30.4,群馬県南部,36°36.6′N,139°27.9′E,8 km,2.6,震度１
2025/06/24,12:49:02.4,トカラ列島近海,29°18.8′N,129°21.2′E,18 km,3.2,震度２
2025/06/24,12:42:38.0,トカラ列島近海,29°18.8′N,129°19.6′E,20 km,3.4,震度２
2025/06/24,11:41:11.1,トカラ列島近海,29°17.5′N,129°22.1′E,16 km,2.8,震度１
2025/06/24,11:14:29.4,トカラ列島近海,29°19.8′N,129°22.2′E,21 km,3.2,震度１
2025/06/24,10:33:09.0,トカラ列島近海,29°17.8′N,129°20.4′E,18 km,2.5,震度１
2025/06/24,08:40:36.3,トカラ列島近海,29°18.4′N,129°17.5′E,19 km,3.6,震度２
2025/06/24,08:10:24.0,トカラ列島近海,29°15.2′N,129°26.6′E,8 km,2.3,震度１
2025/06/24,08:08:39.6,トカラ列島近海,29°19.1′N,129°13.8′E,24 km,3.2,震度１
2025/06/24,07:52:08.0,トカラ列島近海,29°15.8′N,129°25.4′E,12 km,2.3,震度１
2025/06/24,07:14:49.6,トカラ列島近海,29°16.4′N,129°23.5′E,15 km,2.4,震度１
2025/06/24,07:09:43.1,トカラ列島近海,29°14.7′N,129°27.5′E,13 km,2.6,震度１
2025/06/24,07:02:45.3,トカラ列島近海,29°17.9′N,129°17.7′E,22 km,2.8,震度２
2025/06/24,06:56:30.0,トカラ列島近海,29°19.2′N,129°15.0′E,24 km,3.4,震度２
2025/06/24,06:47:00.2,トカラ列島近海,29°17.5′N,129°22.7′E,16 km,3.3,震度２
2025/06/24,06:39:11.0,トカラ列島近海,29°17.9′N,129°21.5′E,18 km,3.1,震度２
2025/06/24,06:37:30.3,トカラ列島近海,29°18.5′N,129°20.7′E,20 km,3.0,震度１
2025/06/24,06:26:42.8,トカラ列島近海,29°18.0′N,129°22.1′E,15 km,2.4,震度１
2025/06/24,06:05:43.6,トカラ列島近海,29°19.5′N,129°24.2′E,15 km,2.2,震度１
2025/06/24,05:44:36.4,岐阜県飛騨地方,36°17.4′N,137°06.2′E,4 km,2.2,震度１
2025/06/24,05:32:26.1,トカラ列島近海,29°18.5′N,129°22.5′E,13 km,2.8,震度１
2025/06/24,02:55:12.3,釧路沖,42°17.1′N,144°29.1′E,12 km,4.9,震度２
2025/06/24,02:38:20.4,トカラ列島近海,29°18.5′N,129°19.9′E,18 km,3.1,震度２
2025/06/24,02:29:51.2,トカラ列島近海,29°18.9′N,129°24.5′E,16 km,2.5,震度１
2025/06/24,02:23:28.8,トカラ列島近海,29°17.4′N,129°23.0′E,9 km,4.9,震度４
2025/06/24,02:21:01.1,トカラ列島近海,29°21.1′N,129°19.5′E,14 km,3.3,震度２
2025/06/24,02:12:54.6,トカラ列島近海,29°18.5′N,129°21.4′E,19 km,2.8,震度１
2025/06/24,02:02:24.6,トカラ列島近海,29°18.5′N,129°20.2′E,19 km,3.0,震度２
2025/06/24,01:40:49.0,トカラ列島近海,29°19.1′N,129°19.6′E,22 km,2.6,震度１
2025/06/24,00:08:19.7,トカラ列島近海,29°20.0′N,129°24.6′E,20 km,4.1,震度３
2025/06/24,00:03:36.7,トカラ列島近海,29°16.2′N,129°07.6′E,11 km,2.7,震度２
2025/06/24,00:02:40.4,トカラ列島近海,29°13.5′N,129°12.5′E,13 km,2.7,震度１
2025/06/23,23:59:07.2,トカラ列島近海,29°17.2′N,129°28.8′E,9 km,1.8,震度１
2025/06/23,23:58:37.8,トカラ列島近海,29°19.4′N,129°26.3′E,16 km,2.3,震度１
2025/06/23,23:54:36.4,トカラ列島近海,29°18.2′N,129°20.4′E,17 km,2.7,震度１
2025/06/23,23:53:31.3,トカラ列島近海,29°19.1′N,129°20.3′E,17 km,2.7,震度１
2025/06/23,23:52:00.0,トカラ列島近海,29°18.9′N,129°27.5′E,14 km,2.5,震度１
2025/06/23,23:47:51.8,トカラ列島近海,29°20.1′N,129°22.2′E,22 km,不明,震度２
2025/06/23,23:46:55.7,トカラ列島近海,29°18.3′N,129°21.5′E,16 km,3.9,震度３
2025/06/23,23:36:19.1,トカラ列島近海,29°19.5′N,129°24.0′E,21 km,5.0,震度４
2025/06/23,23:27:39.6,トカラ列島近海,29°18.7′N,129°25.7′E,16 km,2.7,震度１
2025/06/23,23:25:39.4,トカラ列島近海,29°16.6′N,129°21.1′E,12 km,3.0,震度１
2025/06/23,23:20:37.6,トカラ列島近海,29°19.1′N,129°21.1′E,14 km,3.4,震度２
